// NUNITO_BOLD_17 — auto-generated by tools/atlas_gen.py.
// Source: Nunito-Bold.ttf @ 17px
// Edit the generator, not this file.

#include "../atlas.h"

static const uint8_t NUNITO_BOLD_17_DATA[] = {
    0x13, 0xdd, 0xcf, 0x05, 0x3b, 0xff, 0xff, 0x1b, 0x2c, 0xff, 0xff, 0x0b, 0x19, 0xff, 0xf8, 0x00,
    0x06, 0xff, 0xe5, 0x00, 0x00, 0xf3, 0xd2, 0x00, 0x00, 0xe0, 0xbf, 0x00, 0x00, 0xcd, 0xac, 0x00,
    0x00, 0x98, 0x7d, 0x00, 0x00, 0x00, 0x00, 0x00, 0x00, 0x8a, 0xa9, 0x01, 0x00, 0xf7, 0xff, 0x1b,
    0x00, 0xad, 0xd0, 0x03, 0x00, 0xbb, 0xd0, 0x08, 0x49, 0xee, 0x5c, 0x00, 0x06, 0xff, 0xff, 0x25,
    0x8a, 0xff, 0xa1, 0x00, 0x00, 0xf3, 0xff, 0x14, 0x77, 0xff, 0x90, 0x00, 0x00, 0xdc, 0xfc, 0x01,
    0x60, 0xff, 0x7a, 0x00, 0x00, 0xc5, 0xe8, 0x00, 0x49, 0xff, 0x64, 0x00, 0x00, 0x80, 0xa4, 0x00,
    0x17, 0xe2, 0x2c, 0x00, 0x00, 0x00, 0x00, 0x00, 0x00, 0x00, 0x00, 0x00, 0x00, 0x00, 0x00, 0x00,
    0x00, 0x00, 0x00, 0x00, 0x00, 0x00, 0x00, 0x00, 0x00, 0x00, 0x00, 0x00, 0x00, 0x00, 0x00, 0x00,
    0x00, 0x00, 0x00, 0x00, 0x00, 0x00, 0x00, 0x00, 0x00, 0x00, 0x00, 0x00, 0x00, 0x00, 0x00, 0x00,
    0x00, 0x00, 0x00, 0x00, 0x00, 0x00, 0x00, 0x00, 0x00, 0x00, 0x00, 0x00, 0x00, 0x00, 0x00, 0x45,
    0xe3, 0x01, 0x00, 0xa0, 0x8c, 0x00, 0x00, 0x00, 0x00, 0x93, 0xe6, 0x00, 0x02, 0xf3, 0x86, 0x00,
    0x00, 0x0c, 0x20, 0xd7, 0xbf, 0x20, 0x40, 0xff, 0x70, 0x02, 0x00, 0xe5, 0xff, 0xff, 0xff, 0xff,
    0xff, 0xff, 0xff, 0x71, 0x00, 0x33, 0x6e, 0xff, 0x89, 0x50, 0xb0, 0xff, 0x4d, 0x0f, 0x00, 0x00,
    0x4e, 0xff, 0x2d, 0x00, 0xb2, 0xca, 0x00, 0x00, 0x00, 0x00, 0x7b, 0xfa, 0x05, 0x00, 0xdf, 0x9c,
    0x00, 0x00, 0x00, 0x00, 0xa8, 0xd3, 0x00, 0x0d, 0xfe, 0x6f, 0x00, 0x00, 0x1b, 0xad, 0xff, 0xeb,
    0xb8, 0xc3, 0xff, 0xd9, 0xa8, 0x0b, 0x38, 0xfc, 0xff, 0xff, 0xff, 0xff, 0xff, 0xff, 0xed, 0x13,
    0x00, 0x29, 0xff, 0x55, 0x00, 0x86, 0xf1, 0x01, 0x00, 0x00, 0x00, 0x59, 0xff, 0x22, 0x00, 0xba,
    0xbe, 0x00, 0x00, 0x00, 0x00, 0x5d, 0xcf, 0x00, 0x00, 0xbf, 0x6d, 0x00, 0x00, 0x00, 0x00, 0x00,
    0x00, 0x0e, 0xd9, 0xc2, 0x00, 0x00, 0x00, 0x00, 0x00, 0x00, 0x00, 0x24, 0xff, 0xff, 0x00, 0x00,
    0x00, 0x00, 0x00, 0x00, 0x4f, 0xd7, 0xff, 0xff, 0xe1, 0x90, 0x1c, 0x00, 0x00, 0x47, 0xfe, 0xff,
    0xd7, 0xc5, 0xeb, 0xff, 0xeb, 0x00, 0x00, 0xc2, 0xff, 0x8a, 0x00, 0x00, 0x03, 0x54, 0x6d, 0x00,
    0x00, 0xf4, 0xff, 0x2f, 0x00, 0x00, 0x00, 0x00, 0x00, 0x00, 0x00, 0xeb, 0xff, 0x7b, 0x00, 0x00,
    0x00, 0x00, 0x00, 0x00, 0x00, 0xa3, 0xff, 0xff, 0xde, 0x9b, 0x5e, 0x12, 0x00, 0x00, 0x00, 0x17,
    0xc6, 0xff, 0xff, 0xff, 0xff, 0xfa, 0x94, 0x08, 0x00, 0x00, 0x02, 0x43, 0x92, 0xcb, 0xfb, 0xff,
    0xff, 0x8d, 0x00, 0x00, 0x00, 0x00, 0x00, 0x00, 0x14, 0xaf, 0xff, 0xe5, 0x00, 0x00, 0x00, 0x00,
    0x00, 0x00, 0x00, 0x33, 0xff, 0xf2, 0x58, 0x85, 0x17, 0x00, 0x00, 0x00, 0x06, 0x95, 0xff, 0xb0,
    0xae, 0xff, 0xfc, 0xd2, 0xbc, 0xc4, 0xef, 0xff, 0xe2, 0x20, 0x10, 0x7a, 0xc5, 0xf1, 0xff, 0xff,
    0xd2, 0x81, 0x10, 0x00, 0x00, 0x00, 0x00, 0x24, 0xff, 0xff, 0x00, 0x00, 0x00, 0x00, 0x00, 0x00,
    0x00, 0x0e, 0xd9, 0xc3, 0x00, 0x00, 0x00, 0x00, 0x00, 0x00, 0x00, 0x00, 0x00, 0x00, 0x00, 0x00,
    0x00, 0x00, 0x00, 0x01, 0x00, 0x00, 0x00, 0x00, 0x00, 0x02, 0x86, 0xeb, 0xf3, 0xa1, 0x0b, 0x00,
    0x00, 0x00, 0x83, 0xd6, 0x00, 0x00, 0x00, 0x00, 0x00, 0x75, 0xff, 0xef, 0xe3, 0xff, 0x8f, 0x00,
    0x00, 0x20, 0xf9, 0xbb, 0x00, 0x00, 0x00, 0x00, 0x00, 0xd5, 0xff, 0x51, 0x31, 0xff, 0xf3, 0x01,
    0x00, 0xa5, 0xff, 0x35, 0x00, 0x00, 0x00, 0x00, 0x00, 0xf8, 0xff, 0x28, 0x06, 0xff, 0xff, 0x17,
    0x31, 0xfe, 0xaa, 0x00, 0x00, 0x00, 0x00, 0x00, 0x00, 0xeb, 0xff, 0x2e, 0x0a, 0xff, 0xff, 0x16,
    0xbb, 0xfa, 0x24, 0x00, 0x00, 0x00, 0x00, 0x00, 0x00, 0xbc, 0xff, 0x77, 0x5a, 0xff, 0xe5, 0x47,
    0xff, 0x96, 0x76, 0xde, 0xf9, 0xd9, 0x61, 0x00, 0x00, 0x43, 0xfe, 0xff, 0xff, 0xff, 0x6c, 0xcf,
    0xf3, 0x91, 0xff, 0xf8, 0xc9, 0xfc, 0xff, 0x4b, 0x00, 0x00, 0x46, 0xa6, 0xa9, 0x55, 0x5c, 0xff,
    0x81, 0xea, 0xff, 0x4b, 0x00, 0x74, 0xff, 0xc3, 0x00, 0x00, 0x00, 0x00, 0x00, 0x07, 0xe0, 0xe8,
    0x24, 0xff, 0xff, 0x08, 0x00, 0x2f, 0xff, 0xee, 0x00, 0x00, 0x00, 0x00, 0x00, 0x72, 0xff, 0x69,
    0x11, 0xff, 0xff, 0x0b, 0x00, 0x2e, 0xff, 0xf3, 0x00, 0x00, 0x00, 0x00, 0x10, 0xed, 0xda, 0x04,
    0x00, 0xe7, 0xff, 0x4f, 0x00, 0x78, 0xff, 0xc7, 0x00, 0x00, 0x00, 0x00, 0x89, 0xff, 0x54, 0x00,
    0x00, 0x6f, 0xff, 0xf6, 0xca, 0xfc, 0xff, 0x57, 0x00, 0x00, 0x00, 0x00, 0xdc, 0xc7, 0x00, 0x00,
    0x00, 0x01, 0x7a, 0xe1, 0xf9, 0xd6, 0x5f, 0x00, 0x00, 0x00, 0x00, 0x00, 0x2c, 0x16, 0x00, 0x00,
    0x00, 0x00, 0x00, 0x00, 0x00, 0x00, 0x00, 0x00, 0x00, 0x00, 0x04, 0x7b, 0xda, 0xf8, 0xe2, 0x90,
    0x0c, 0x00, 0x00, 0x00, 0x00, 0x00, 0x8e, 0xff, 0xf6, 0xc1, 0xf0, 0xff, 0xa3, 0x00, 0x00, 0x00,
    0x00, 0x00, 0xee, 0xff, 0x4a, 0x00, 0x40, 0xff, 0xf0, 0x00, 0x00, 0x00, 0x00, 0x00, 0xec, 0xff,
    0x44, 0x00, 0x5d, 0xff, 0xde, 0x00, 0x00, 0x00, 0x00, 0x00, 0x8a, 0xff, 0xd8, 0x78, 0xf6, 0xff,
    0x5e, 0x00, 0x00, 0x00, 0x00, 0x00, 0x07, 0xe5, 0xff, 0xff, 0xf9, 0x5b, 0x00, 0x36, 0xed, 0x36,
    0x00, 0x00, 0x8b, 0xff, 0xff, 0xff, 0xd5, 0x0d, 0x00, 0x78, 0xff, 0x3e, 0x00, 0x66, 0xff, 0xe4,
    0x3f, 0xd1, 0xff, 0xc2, 0x0a, 0xa6, 0xfd, 0x10, 0x00, 0xd4, 0xff, 0x5a, 0x00, 0x15, 0xd6, 0xff,
    0xc1, 0xf4, 0xc2, 0x00, 0x00, 0xf7, 0xff, 0x2f, 0x00, 0x00, 0x19, 0xda, 0xff, 0xff, 0x5c, 0x00,
    0x00, 0xd6, 0xff, 0x88, 0x00, 0x00, 0x03, 0x99, 0xff, 0xff, 0x73, 0x00, 0x00, 0x54, 0xfe, 0xff,
    0xdc, 0xbf, 0xe7, 0xff, 0xe5, 0xea, 0xfb, 0x32, 0x00, 0x00, 0x42, 0xb7, 0xee, 0xf8, 0xd8, 0x84,
    0x10, 0x2e, 0xe5, 0x57, 0x00, 0xbb, 0xd0, 0x08, 0x06, 0xff, 0xff, 0x25, 0x00, 0xf3, 0xff, 0x14,
    0x00, 0xdc, 0xfc, 0x01, 0x00, 0xc5, 0xe8, 0x00, 0x00, 0x80, 0xa4, 0x00, 0x00, 0x00, 0x00, 0x00,
    0x00, 0x00, 0x00, 0x00, 0x00, 0x00, 0x00, 0x00, 0x00, 0x00, 0x00, 0x00, 0x00, 0x00, 0x00, 0x00,
    0x00, 0x00, 0x00, 0x00, 0x00, 0x00, 0x00, 0x00, 0x00, 0x00, 0x00, 0x1b, 0xc2, 0x31, 0x00, 0x00,
    0x00, 0x8c, 0xff, 0x51, 0x00, 0x00, 0x0c, 0xef, 0xfa, 0x0e, 0x00, 0x00, 0x54, 0xff, 0xbd, 0x00,
    0x00, 0x00, 0x8f, 0xff, 0x87, 0x00, 0x00, 0x00, 0xc6, 0xff, 0x59, 0x00, 0x00, 0x00, 0xe1, 0xff,
    0x3c, 0x00, 0x00, 0x00, 0xf3, 0xff, 0x2e, 0x00, 0x00, 0x00, 0xfb, 0xff, 0x28, 0x00, 0x00, 0x00,
    0xef, 0xff, 0x35, 0x00, 0x00, 0x00, 0xd8, 0xff, 0x47, 0x00, 0x00, 0x00, 0xaf, 0xff, 0x71, 0x00,
    0x00, 0x00, 0x79, 0xff, 0xa1, 0x00, 0x00, 0x00, 0x2d, 0xff, 0xe3, 0x00, 0x00, 0x00, 0x00, 0xcf,
    0xff, 0x2e, 0x00, 0x00, 0x00, 0x58, 0xff, 0x5d, 0x00, 0x00, 0x00, 0x00, 0x46, 0x06, 0x1c, 0xc3,
    0x2e, 0x00, 0x00, 0x00, 0x2e, 0xff, 0xb2, 0x00, 0x00, 0x00, 0x01, 0xe6, 0xfe, 0x23, 0x00, 0x00,
    0x00, 0x9e, 0xff, 0x72, 0x00, 0x00, 0x00, 0x68, 0xff, 0xb7, 0x00, 0x00, 0x00, 0x3a, 0xff, 0xe5,
    0x00, 0x00, 0x00, 0x1c, 0xff, 0xff, 0x09, 0x00, 0x00, 0x0c, 0xff, 0xff, 0x18, 0x00, 0x00, 0x04,
    0xff, 0xff, 0x1d, 0x00, 0x00, 0x12, 0xff, 0xff, 0x0b, 0x00, 0x00, 0x23, 0xff, 0xf7, 0x00, 0x00,
    0x00, 0x4c, 0xff, 0xcc, 0x00, 0x00, 0x00, 0x7a, 0xff, 0x90, 0x00, 0x00, 0x00, 0xbf, 0xff, 0x4d,
    0x00, 0x00, 0x0f, 0xfa, 0xe0, 0x03, 0x00, 0x00, 0x3b, 0xff, 0x74, 0x00, 0x00, 0x00, 0x01, 0x48,
    0x03, 0x00, 0x00, 0x00, 0x00, 0x00, 0x56, 0x83, 0x00, 0x84, 0x56, 0x00, 0x00, 0x00, 0x5b, 0xfe,
    0x56, 0xfe, 0x5c, 0x00, 0x00, 0x8d, 0xb8, 0xff, 0xff, 0xff, 0xb8, 0x8c, 0x00, 0xcb, 0xff, 0xff,
    0xff, 0xff, 0xff, 0xc9, 0x00, 0x00, 0x20, 0xf5, 0xcc, 0xf3, 0x1d, 0x00, 0x00, 0x00, 0x88, 0xde,
    0x0d, 0xe3, 0x84, 0x00, 0x00, 0x00, 0x15, 0x21, 0x00, 0x22, 0x13, 0x00, 0x00, 0x00, 0x00, 0x00,
    0x00, 0x00, 0x00, 0x00, 0x00, 0x00, 0x00, 0x00, 0x00, 0x00, 0x00, 0x00, 0x00, 0x00, 0x00, 0x00,
    0x00, 0x00, 0x00, 0x00, 0x00, 0x00, 0x00, 0x00, 0x00, 0x00, 0x00, 0x00, 0x00, 0x00, 0x00, 0x00,
    0x00, 0x00, 0x00, 0x00, 0x00, 0x00, 0x00, 0x00, 0x00, 0x00, 0x00, 0x00, 0x00, 0x00, 0x00, 0x12,
    0xe0, 0xd1, 0x00, 0x00, 0x00, 0x00, 0x00, 0x00, 0x00, 0x24, 0xff, 0xff, 0x00, 0x00, 0x00, 0x00,
    0x00, 0x00, 0x00, 0x24, 0xff, 0xff, 0x00, 0x00, 0x00, 0x00, 0x00, 0x94, 0xb8, 0xc2, 0xff, 0xff,
    0xb8, 0xb8, 0xb8, 0x86, 0x00, 0xdc, 0xff, 0xff, 0xff, 0xff, 0xff, 0xff, 0xff, 0xce, 0x00, 0x00,
    0x00, 0x24, 0xff, 0xff, 0x00, 0x00, 0x00, 0x00, 0x00, 0x00, 0x00, 0x24, 0xff, 0xff, 0x00, 0x00,
    0x00, 0x00, 0x00, 0x00, 0x00, 0x24, 0xff, 0xff, 0x00, 0x00, 0x00, 0x00, 0x00, 0x00, 0x00, 0x0e,
    0xdc, 0xd0, 0x00, 0x00, 0x00, 0x00, 0x00, 0x00, 0x00, 0x00, 0x00, 0x00, 0x00, 0x00, 0x00, 0x00,
    0x00, 0x8c, 0x9f, 0x00, 0x00, 0xf7, 0xff, 0x18, 0x00, 0xad, 0xff, 0x18, 0x00, 0x41, 0xe4, 0x00,
    0x00, 0xa4, 0x6d, 0x00, 0x00, 0x0a, 0x00, 0x00, 0x00, 0x85, 0xb8, 0xb8, 0xb8, 0x85, 0x00, 0x00,
    0xcb, 0xff, 0xff, 0xff, 0xcb, 0x00, 0x00, 0x00, 0x00, 0x00, 0x00, 0x00, 0x00, 0x00, 0x00, 0x00,
    0x00, 0x00, 0x00, 0x00, 0x00, 0x00, 0x00, 0x00, 0x00, 0x00, 0x00, 0x00, 0x00, 0x00, 0x00, 0x00,
    0x00, 0x00, 0x00, 0x8a, 0xa9, 0x01, 0x00, 0xf7, 0xff, 0x1b, 0x00, 0xad, 0xd0, 0x03, 0x00, 0x00,
    0x00, 0x00, 0x17, 0xe4, 0x4e, 0x00, 0x00, 0x00, 0x00, 0x6b, 0xff, 0x51, 0x00, 0x00, 0x00, 0x00,
    0xb7, 0xf9, 0x0c, 0x00, 0x00, 0x00, 0x0b, 0xf8, 0xba, 0x00, 0x00, 0x00, 0x00, 0x51, 0xff, 0x6d,
    0x00, 0x00, 0x00, 0x00, 0x9e, 0xff, 0x21, 0x00, 0x00, 0x00, 0x01, 0xe8, 0xd5, 0x00, 0x00, 0x00,
    0x00, 0x37, 0xff, 0x88, 0x00, 0x00, 0x00, 0x00, 0x84, 0xff, 0x3c, 0x00, 0x00, 0x00, 0x00, 0xd1,
    0xed, 0x03, 0x00, 0x00, 0x00, 0x1e, 0xff, 0xa3, 0x00, 0x00, 0x00, 0x00, 0x6b, 0xff, 0x57, 0x00,
    0x00, 0x00, 0x00, 0xb7, 0xfb, 0x0f, 0x00, 0x00, 0x00, 0x0a, 0xf8, 0xbf, 0x00, 0x00, 0x00, 0x00,
    0x0e, 0xe5, 0x5b, 0x00, 0x00, 0x00, 0x00, 0x00, 0x00, 0x06, 0x7e, 0xdb, 0xf8, 0xde, 0x82, 0x07,
    0x00, 0x00, 0x00, 0xae, 0xff, 0xef, 0xc0, 0xef, 0xff, 0xaf, 0x00, 0x00, 0x47, 0xff, 0xe4, 0x17,
    0x00, 0x17, 0xe4, 0xff, 0x49, 0x00, 0xa1, 0xff, 0x7b, 0x00, 0x00, 0x00, 0x7c, 0xff, 0xa4, 0x00,
    0xd9, 0xff, 0x44, 0x00, 0x00, 0x00, 0x45, 0xff, 0xd8, 0x00, 0xf0, 0xff, 0x2c, 0x00, 0x00, 0x00,
    0x2d, 0xff, 0xf3, 0x00, 0xfc, 0xff, 0x25, 0x00, 0x00, 0x00, 0x26, 0xff, 0xfb, 0x00, 0xf3, 0xff,
    0x2d, 0x00, 0x00, 0x00, 0x2e, 0xff, 0xed, 0x00, 0xd7, 0xff, 0x47, 0x00, 0x00, 0x00, 0x48, 0xff,
    0xd4, 0x00, 0xa1, 0xff, 0x7f, 0x00, 0x00, 0x00, 0x80, 0xff, 0x9a, 0x00, 0x45, 0xff, 0xe6, 0x18,
    0x00, 0x18, 0xe6, 0xff, 0x3e, 0x00, 0x00, 0xab, 0xff, 0xef, 0xbf, 0xf0, 0xff, 0xa3, 0x00, 0x00,
    0x00, 0x06, 0x81, 0xdf, 0xf8, 0xda, 0x79, 0x04, 0x00, 0x00, 0x00, 0x00, 0x00, 0x38, 0xc7, 0xd2,
    0x00, 0x00, 0x00, 0x00, 0x00, 0x0c, 0x92, 0xfd, 0xff, 0xff, 0x00, 0x00, 0x00, 0x00, 0x00, 0xc8,
    0xff, 0xff, 0xff, 0xff, 0x00, 0x00, 0x00, 0x00, 0x00, 0xa6, 0xa2, 0x3b, 0xff, 0xff, 0x00, 0x00,
    0x00, 0x00, 0x00, 0x00, 0x00, 0x24, 0xff, 0xff, 0x00, 0x00, 0x00, 0x00, 0x00, 0x00, 0x00, 0x24,
    0xff, 0xff, 0x00, 0x00, 0x00, 0x00, 0x00, 0x00, 0x00, 0x24, 0xff, 0xff, 0x00, 0x00, 0x00, 0x00,
    0x00, 0x00, 0x00, 0x24, 0xff, 0xff, 0x00, 0x00, 0x00, 0x00, 0x00, 0x00, 0x00, 0x24, 0xff, 0xff,
    0x00, 0x00, 0x00, 0x00, 0x00, 0x00, 0x00, 0x24, 0xff, 0xff, 0x00, 0x00, 0x00, 0x00, 0x00, 0x00,
    0x00, 0x24, 0xff, 0xff, 0x00, 0x00, 0x00, 0x00, 0x00, 0xb0, 0xe8, 0xeb, 0xff, 0xff, 0xe8, 0xe7,
    0xaf, 0x00, 0x00, 0xc1, 0xff, 0xff, 0xff, 0xff, 0xff, 0xff, 0xc8, 0x00, 0x09, 0x67, 0xc4, 0xe9,
    0xf7, 0xd5, 0x73, 0x03, 0x00, 0x00, 0xa0, 0xff, 0xf4, 0xc8, 0xcf, 0xff, 0xff, 0x86, 0x00, 0x00,
    0x4f, 0x7e, 0x12, 0x00, 0x00, 0x60, 0xff, 0xf3, 0x05, 0x00, 0x00, 0x00, 0x00, 0x00, 0x00, 0x0a,
    0xff, 0xff, 0x1b, 0x00, 0x00, 0x00, 0x00, 0x00, 0x00, 0x26, 0xff, 0xfb, 0x05, 0x00, 0x00, 0x00,
    0x00, 0x00, 0x00, 0x93, 0xff, 0xbb, 0x00, 0x00, 0x00, 0x00, 0x00, 0x00, 0x4d, 0xfe, 0xff, 0x3f,
    0x00, 0x00, 0x00, 0x00, 0x00, 0x30, 0xf3, 0xff, 0x94, 0x00, 0x00, 0x00, 0x00, 0x00, 0x1b, 0xe4,
    0xff, 0xbb, 0x05, 0x00, 0x00, 0x00, 0x00, 0x0c, 0xcf, 0xff, 0xd0, 0x0d, 0x00, 0x00, 0x00, 0x00,
    0x01, 0xb3, 0xff, 0xe1, 0x1a, 0x00, 0x00, 0x00, 0x00, 0x00, 0x59, 0xff, 0xff, 0xe2, 0xb8, 0xb8,
    0xb8, 0xb8, 0x82, 0x00, 0x4e, 0xf9, 0xff, 0xff, 0xff, 0xff, 0xff, 0xff, 0xcc, 0x00, 0x09, 0x67,
    0xc4, 0xe9, 0xf7, 0xd5, 0x7a, 0x06, 0x00, 0x00, 0xa5, 0xff, 0xf3, 0xc8, 0xca, 0xfe, 0xff, 0x9c,
    0x00, 0x00, 0x47, 0x72, 0x0b, 0x00, 0x00, 0x51, 0xff, 0xfc, 0x0c, 0x00, 0x00, 0x00, 0x00, 0x00,
    0x00, 0x09, 0xff, 0xff, 0x1a, 0x00, 0x00, 0x00, 0x00, 0x00, 0x00, 0x6b, 0xff, 0xd0, 0x00, 0x00,
    0x00, 0x00, 0x80, 0xb8, 0xd6, 0xff, 0xcd, 0x26, 0x00, 0x00, 0x00, 0x00, 0xcd, 0xff, 0xff, 0xff,
    0xd8, 0x26, 0x00, 0x00, 0x00, 0x00, 0x00, 0x00, 0x17, 0xa3, 0xff, 0xc5, 0x00, 0x00, 0x00, 0x00,
    0x00, 0x00, 0x00, 0x17, 0xff, 0xff, 0x0d, 0x00, 0x00, 0x00, 0x00, 0x00, 0x00, 0x0d, 0xff, 0xff,
    0x18, 0x17, 0x8a, 0x41, 0x00, 0x00, 0x00, 0x85, 0xff, 0xe3, 0x01, 0x45, 0xff, 0xff, 0xe4, 0xc2,
    0xe0, 0xff, 0xff, 0x59, 0x00, 0x00, 0x3e, 0xa3, 0xdb, 0xf6, 0xef, 0xbb, 0x46, 0x00, 0x00, 0x00,
    0x00, 0x00, 0x00, 0x00, 0x07, 0xb6, 0xde, 0x0a, 0x00, 0x00, 0x00, 0x00, 0x00, 0x00, 0x8b, 0xff,
    0xff, 0x23, 0x00, 0x00, 0x00, 0x00, 0x00, 0x3b, 0xfd, 0xff, 0xff, 0x24, 0x00, 0x00, 0x00, 0x00,
    0x0b, 0xdc, 0xee, 0xff, 0xff, 0x24, 0x00, 0x00, 0x00, 0x00, 0x96, 0xff, 0x5d, 0xff, 0xff, 0x24,
    0x00, 0x00, 0x00, 0x45, 0xff, 0xb1, 0x00, 0xff, 0xff, 0x24, 0x00, 0x00, 0x0f, 0xe3, 0xed, 0x18,
    0x00, 0xff, 0xff, 0x24, 0x00, 0x00, 0x9f, 0xff, 0x5b, 0x00, 0x00, 0xff, 0xff, 0x24, 0x00, 0x30,
    0xff, 0xff, 0xb8, 0xb8, 0xb8, 0xff, 0xff, 0xc2, 0x87, 0x35, 0xeb, 0xff, 0xff, 0xff, 0xff, 0xff,
    0xff, 0xff, 0xce, 0x00, 0x00, 0x00, 0x00, 0x00, 0x00, 0xff, 0xff, 0x24, 0x00, 0x00, 0x00, 0x00,
    0x00, 0x00, 0x00, 0xfe, 0xff, 0x22, 0x00, 0x00, 0x00, 0x00, 0x00, 0x00, 0x00, 0xb9, 0xd6, 0x06,
    0x00, 0x00, 0xc7, 0xff, 0xff, 0xff, 0xff, 0xff, 0xf7, 0x4f, 0x00, 0x00, 0xff, 0xff, 0xc2, 0xb8,
    0xb8, 0xb8, 0xaf, 0x2d, 0x00, 0x00, 0xff, 0xff, 0x24, 0x00, 0x00, 0x00, 0x00, 0x00, 0x00, 0x00,
    0xff, 0xff, 0x24, 0x00, 0x00, 0x00, 0x00, 0x00, 0x00, 0x00, 0xff, 0xff, 0x24, 0x00, 0x00, 0x00,
    0x00, 0x00, 0x00, 0x00, 0xff, 0xff, 0xad, 0xe3, 0xf7, 0xd2, 0x5d, 0x00, 0x00, 0x00, 0xff, 0xff,
    0xff, 0xc9, 0xdb, 0xff, 0xff, 0x66, 0x00, 0x00, 0xd2, 0xc1, 0x1b, 0x00, 0x01, 0x8f, 0xff, 0xe4,
    0x01, 0x00, 0x00, 0x00, 0x00, 0x00, 0x00, 0x16, 0xff, 0xff, 0x17, 0x00, 0x00, 0x00, 0x00, 0x00,
    0x00, 0x10, 0xff, 0xff, 0x12, 0x0f, 0x90, 0x4b, 0x00, 0x00, 0x00, 0x92, 0xff, 0xd1, 0x00, 0x33,
    0xfe, 0xff, 0xe5, 0xc1, 0xda, 0xff, 0xfa, 0x40, 0x00, 0x00, 0x35, 0x9e, 0xda, 0xf7, 0xed, 0xb1,
    0x33, 0x00, 0x00, 0x00, 0x00, 0x00, 0x36, 0xb1, 0xed, 0xf3, 0xcd, 0x72, 0x0b, 0x00, 0x00, 0x55,
    0xfc, 0xff, 0xd5, 0xc6, 0xf4, 0xff, 0x84, 0x00, 0x1a, 0xf2, 0xfc, 0x55, 0x00, 0x00, 0x10, 0x6a,
    0x24, 0x00, 0x80, 0xff, 0xa1, 0x00, 0x00, 0x00, 0x00, 0x00, 0x00, 0x00, 0xc5, 0xff, 0x53, 0x00,
    0x00, 0x00, 0x00, 0x00, 0x00, 0x00, 0xed, 0xff, 0x35, 0x85, 0xe5, 0xf6, 0xc7, 0x43, 0x00, 0x00,
    0xfb, 0xff, 0xb2, 0xf8, 0xc1, 0xe1, 0xff, 0xfc, 0x3e, 0x00, 0xf1, 0xff, 0xff, 0x30, 0x00, 0x04,
    0xb3, 0xff, 0xbe, 0x00, 0xd9, 0xff, 0x9e, 0x00, 0x00, 0x00, 0x35, 0xff, 0xf3, 0x00, 0x9c, 0xff,
    0x9e, 0x00, 0x00, 0x00, 0x35, 0xff, 0xed, 0x00, 0x3a, 0xff, 0xf0, 0x2d, 0x00, 0x03, 0xb0, 0xff,
    0xac, 0x00, 0x00, 0x8f, 0xff, 0xf6, 0xc0, 0xdf, 0xff, 0xf1, 0x27, 0x00, 0x00, 0x00, 0x61, 0xcb,
    0xf3, 0xee, 0xac, 0x26, 0x00, 0x00, 0xc6, 0xff, 0xff, 0xff, 0xff, 0xff, 0xff, 0xfb, 0x5c, 0x00,
    0x83, 0xb8, 0xb8, 0xb8, 0xb8, 0xb8, 0xff, 0xff, 0x78, 0x00, 0x00, 0x00, 0x00, 0x00, 0x00, 0x43,
    0xff, 0xfc, 0x22, 0x00, 0x00, 0x00, 0x00, 0x00, 0x00, 0xc0, 0xff, 0xa3, 0x00, 0x00, 0x00, 0x00,
    0x00, 0x00, 0x3d, 0xff, 0xfd, 0x28, 0x00, 0x00, 0x00, 0x00, 0x00, 0x00, 0xbb, 0xff, 0xa9, 0x00,
    0x00, 0x00, 0x00, 0x00, 0x00, 0x38, 0xff, 0xfe, 0x2d, 0x00, 0x00, 0x00, 0x00, 0x00, 0x00, 0xb6,
    0xff, 0xaf, 0x00, 0x00, 0x00, 0x00, 0x00, 0x00, 0x34, 0xff, 0xff, 0x33, 0x00, 0x00, 0x00, 0x00,
    0x00, 0x00, 0xb1, 0xff, 0xb5, 0x00, 0x00, 0x00, 0x00, 0x00, 0x00, 0x2f, 0xfe, 0xff, 0x38, 0x00,
    0x00, 0x00, 0x00, 0x00, 0x00, 0xa3, 0xff, 0xbb, 0x00, 0x00, 0x00, 0x00, 0x00, 0x00, 0x00, 0x9d,
    0xe7, 0x30, 0x00, 0x00, 0x00, 0x00, 0x00, 0x00, 0x00, 0x47, 0xb5, 0xeb, 0xfb, 0xeb, 0xb5, 0x47,
    0x00, 0x00, 0x61, 0xff, 0xff, 0xe1, 0xc0, 0xe1, 0xff, 0xff, 0x61, 0x00, 0xdf, 0xff, 0x8c, 0x02,
    0x00, 0x02, 0x8c, 0xff, 0xdf, 0x00, 0xf3, 0xff, 0x31, 0x00, 0x00, 0x00, 0x2f, 0xff, 0xf7, 0x00,
    0xb4, 0xff, 0x8b, 0x01, 0x00, 0x00, 0x89, 0xff, 0xb8, 0x00, 0x1f, 0xd2, 0xff, 0xe0, 0xc1, 0xe5,
    0xff, 0xd7, 0x21, 0x00, 0x0b, 0xae, 0xff, 0xff, 0xff, 0xff, 0xff, 0xac, 0x0b, 0x00, 0x93, 0xff,
    0xc8, 0x2d, 0x08, 0x2d, 0xc8, 0xff, 0x8f, 0x00, 0xe9, 0xff, 0x3f, 0x00, 0x00, 0x00, 0x40, 0xff,
    0xe4, 0x00, 0xf6, 0xff, 0x33, 0x00, 0x00, 0x00, 0x34, 0xff, 0xf5, 0x00, 0xc8, 0xff, 0x99, 0x02,
    0x00, 0x02, 0x99, 0xff, 0xc7, 0x00, 0x42, 0xfa, 0xff, 0xe2, 0xc0, 0xe2, 0xff, 0xfb, 0x43, 0x00,
    0x00, 0x35, 0xaf, 0xe9, 0xfb, 0xea, 0xb0, 0x36, 0x00, 0x00, 0x00, 0x28, 0xac, 0xed, 0xf3, 0xcb,
    0x61, 0x00, 0x00, 0x00, 0x2a, 0xf2, 0xff, 0xe1, 0xc0, 0xf6, 0xff, 0x91, 0x00, 0x00, 0xb1, 0xff,
    0xb3, 0x04, 0x00, 0x2a, 0xee, 0xff, 0x3a, 0x00, 0xef, 0xff, 0x36, 0x00, 0x00, 0x00, 0x99, 0xff,
    0x9b, 0x00, 0xf4, 0xff, 0x36, 0x00, 0x00, 0x00, 0x9a, 0xff, 0xd8, 0x00, 0xc0, 0xff, 0xb4, 0x04,
    0x00, 0x2a, 0xff, 0xff, 0xf0, 0x00, 0x41, 0xfd, 0xff, 0xe0, 0xc0, 0xf6, 0xb5, 0xff, 0xfb, 0x00,
    0x00, 0x44, 0xc7, 0xf7, 0xe5, 0x85, 0x36, 0xff, 0xec, 0x00, 0x00, 0x00, 0x00, 0x00, 0x00, 0x00,
    0x53, 0xff, 0xc4, 0x00, 0x00, 0x00, 0x00, 0x00, 0x00, 0x00, 0xa0, 0xff, 0x80, 0x00, 0x24, 0x69,
    0x0f, 0x00, 0x00, 0x51, 0xfb, 0xf3, 0x1c, 0x00, 0x85, 0xff, 0xf2, 0xc4, 0xd3, 0xff, 0xfc, 0x58,
    0x00, 0x00, 0x0a, 0x71, 0xcd, 0xf3, 0xee, 0xb2, 0x37, 0x00, 0x00, 0x00, 0xaf, 0xd1, 0x04, 0x00,
    0xf7, 0xff, 0x1b, 0x00, 0x88, 0xa8, 0x00, 0x00, 0x00, 0x00, 0x00, 0x00, 0x00, 0x00, 0x00, 0x00,
    0x00, 0x00, 0x00, 0x00, 0x8a, 0xa9, 0x01, 0x00, 0xf7, 0xff, 0x1b, 0x00, 0xad, 0xd0, 0x03, 0x00,
    0xaf, 0xd1, 0x04, 0x00, 0xf7, 0xff, 0x1b, 0x00, 0x88, 0xa8, 0x00, 0x00, 0x00, 0x00, 0x00, 0x00,
    0x00, 0x00, 0x00, 0x00, 0x00, 0x00, 0x00, 0x00, 0x8c, 0x9f, 0x00, 0x00, 0xf7, 0xff, 0x18, 0x00,
    0xad, 0xff, 0x18, 0x00, 0x41, 0xe4, 0x00, 0x00, 0xa4, 0x6d, 0x00, 0x00, 0x0a, 0x00, 0x00, 0x00,
    0x00, 0x00, 0x00, 0x00, 0x00, 0x00, 0x0f, 0x64, 0x13, 0x00, 0x00, 0x00, 0x00, 0x00, 0x20, 0x8f,
    0xf3, 0xff, 0x4e, 0x00, 0x00, 0x00, 0x35, 0xa8, 0xfc, 0xfe, 0xb7, 0x44, 0x00, 0x00, 0x3d, 0xc2,
    0xff, 0xf7, 0x9b, 0x29, 0x00, 0x00, 0x00, 0x00, 0xff, 0xff, 0x81, 0x15, 0x00, 0x00, 0x00, 0x00,
    0x00, 0x00, 0xec, 0xff, 0xd6, 0x66, 0x09, 0x00, 0x00, 0x00, 0x00, 0x00, 0x0a, 0x6a, 0xda, 0xff,
    0xeb, 0x83, 0x18, 0x00, 0x00, 0x00, 0x00, 0x00, 0x02, 0x4f, 0xc2, 0xff, 0xf9, 0x9f, 0x11, 0x00,
    0x00, 0x00, 0x00, 0x00, 0x00, 0x35, 0xa8, 0xfb, 0x4f, 0x00, 0x00, 0x00, 0x00, 0x00, 0x00, 0x00,
    0x00, 0x0c, 0x00, 0x00, 0xd2, 0xff, 0xff, 0xff, 0xff, 0xff, 0xff, 0xff, 0xd2, 0x00, 0x8c, 0xb8,
    0xb8, 0xb8, 0xb8, 0xb8, 0xb8, 0xb8, 0x8b, 0x00, 0x00, 0x00, 0x00, 0x00, 0x00, 0x00, 0x00, 0x00,
    0x00, 0x00, 0x8c, 0xb8, 0xb8, 0xb8, 0xb8, 0xb8, 0xb8, 0xb8, 0x8c, 0x00, 0xd2, 0xff, 0xff, 0xff,
    0xff, 0xff, 0xff, 0xff, 0xd2, 0x00, 0x00, 0x00, 0x00, 0x00, 0x00, 0x00, 0x00, 0x00, 0x00, 0x00,
    0x00, 0x00, 0x00, 0x00, 0x00, 0x00, 0x00, 0x00, 0x00, 0x00, 0x00, 0x00, 0x00, 0x00, 0x00, 0x00,
    0x00, 0x00, 0x00, 0x00, 0x4d, 0x3c, 0x00, 0x00, 0x00, 0x00, 0x00, 0x00, 0x00, 0x00, 0xcf, 0xff,
    0xc8, 0x55, 0x03, 0x00, 0x00, 0x00, 0x00, 0x00, 0x13, 0x7e, 0xe8, 0xff, 0xdf, 0x6f, 0x0c, 0x00,
    0x00, 0x00, 0x00, 0x00, 0x07, 0x62, 0xd3, 0xff, 0xef, 0x88, 0x07, 0x00, 0x00, 0x00, 0x00, 0x00,
    0x00, 0x47, 0xd1, 0xff, 0x6c, 0x00, 0x00, 0x00, 0x00, 0x00, 0x2e, 0x9f, 0xf9, 0xff, 0x48, 0x00,
    0x00, 0x01, 0x4a, 0xbc, 0xff, 0xfa, 0xa3, 0x30, 0x00, 0x00, 0x53, 0xd7, 0xff, 0xef, 0x89, 0x1b,
    0x00, 0x00, 0x00, 0x00, 0xd1, 0xdd, 0x6e, 0x0c, 0x00, 0x00, 0x00, 0x00, 0x00, 0x00, 0x0a, 0x02,
    0x00, 0x00, 0x00, 0x00, 0x00, 0x00, 0x00, 0x00, 0x42, 0xa9, 0xde, 0xf8, 0xdc, 0x7c, 0x04, 0x00,
    0x50, 0xff, 0xff, 0xd9, 0xc2, 0xf8, 0xff, 0x8e, 0x00, 0x25, 0x94, 0x31, 0x00, 0x00, 0x4d, 0xff,
    0xf0, 0x00, 0x00, 0x00, 0x00, 0x00, 0x00, 0x3b, 0xff, 0xea, 0x00, 0x00, 0x00, 0x00, 0x00, 0x01,
    0xb5, 0xff, 0x93, 0x00, 0x00, 0x00, 0x00, 0x00, 0x73, 0xff, 0xd1, 0x0e, 0x00, 0x00, 0x00, 0x00,
    0x18, 0xf9, 0xd9, 0x16, 0x00, 0x00, 0x00, 0x00, 0x00, 0x62, 0xff, 0x37, 0x00, 0x00, 0x00, 0x00,
    0x00, 0x00, 0x59, 0xd9, 0x00, 0x00, 0x00, 0x00, 0x00, 0x00, 0x00, 0x00, 0x01, 0x00, 0x00, 0x00,
    0x00, 0x00, 0x00, 0x00, 0x8c, 0xa9, 0x01, 0x00, 0x00, 0x00, 0x00, 0x00, 0x00, 0xf8, 0xff, 0x1b,
    0x00, 0x00, 0x00, 0x00, 0x00, 0x00, 0xaf, 0xcf, 0x03, 0x00, 0x00, 0x00, 0x00, 0x00, 0x00, 0x00,
    0x0d, 0x74, 0xc3, 0xeb, 0xf8, 0xde, 0xaa, 0x42, 0x00, 0x00, 0x00, 0x00, 0x00, 0x00, 0x00, 0x47,
    0xea, 0xff, 0xf0, 0xcf, 0xc0, 0xd8, 0xfd, 0xff, 0x9b, 0x07, 0x00, 0x00, 0x00, 0x00, 0x4a, 0xfb,
    0xd5, 0x51, 0x04, 0x00, 0x00, 0x00, 0x1c, 0x90, 0xfe, 0x95, 0x00, 0x00, 0x00, 0x12, 0xed, 0xb5,
    0x0a, 0x00, 0x00, 0x00, 0x00, 0x00, 0x00, 0x00, 0x66, 0xff, 0x37, 0x00, 0x00, 0x7d, 0xe3, 0x10,
    0x00, 0x1d, 0xa9, 0xef, 0xe6, 0x63, 0x8c, 0x8b, 0x00, 0xbf, 0x98, 0x00, 0x00, 0xd1, 0x7a, 0x00,
    0x12, 0xe2, 0xff, 0xec, 0xc4, 0xf8, 0xf0, 0x93, 0x00, 0x62, 0xd4, 0x00, 0x0a, 0xfe, 0x2b, 0x00,
    0x8c, 0xff, 0xd6, 0x11, 0x00, 0x68, 0xff, 0x6b, 0x00, 0x3d, 0xef, 0x00, 0x20, 0xff, 0x0c, 0x00,
    0xdb, 0xff, 0x5c, 0x00, 0x00, 0x32, 0xff, 0x44, 0x00, 0x32, 0xf2, 0x00, 0x26, 0xff, 0x06, 0x00,
    0xf8, 0xff, 0x2c, 0x00, 0x00, 0x45, 0xff, 0x1c, 0x00, 0x4d, 0xdc, 0x00, 0x16, 0xff, 0x1f, 0x00,
    0xe5, 0xff, 0x36, 0x00, 0x00, 0x93, 0xff, 0x01, 0x00, 0x92, 0xa6, 0x00, 0x00, 0xef, 0x5f, 0x00,
    0x9f, 0xff, 0xab, 0x1d, 0x5c, 0xee, 0xff, 0x3c, 0x49, 0xf7, 0x43, 0x00, 0x00, 0xb2, 0xc7, 0x02,
    0x19, 0xca, 0xff, 0xff, 0xd7, 0x27, 0xac, 0xff, 0xfe, 0x88, 0x00, 0x00, 0x00, 0x49, 0xff, 0x83,
    0x00, 0x01, 0x25, 0x2f, 0x03, 0x00, 0x01, 0x2e, 0x20, 0x00, 0x00, 0x00, 0x00, 0x00, 0xa8, 0xff,
    0xa8, 0x2a, 0x00, 0x00, 0x00, 0x00, 0x40, 0xca, 0x75, 0x00, 0x00, 0x00, 0x00, 0x00, 0x07, 0xa4,
    0xff, 0xff, 0xdf, 0xc2, 0xc2, 0xe9, 0xff, 0xdc, 0x29, 0x00, 0x00, 0x00, 0x00, 0x00, 0x00, 0x00,
    0x40, 0xa3, 0xdf, 0xf7, 0xf2, 0xc9, 0x74, 0x0b, 0x00, 0x00, 0x00, 0x00, 0x00, 0x00, 0x00, 0x00,
    0x00, 0x90, 0xe8, 0x46, 0x00, 0x00, 0x00, 0x00, 0x00, 0x00, 0x00, 0x00, 0x00, 0x27, 0xfe, 0xff,
    0xcd, 0x00, 0x00, 0x00, 0x00, 0x00, 0x00, 0x00, 0x00, 0x00, 0x93, 0xff, 0xea, 0xff, 0x3b, 0x00,
    0x00, 0x00, 0x00, 0x00, 0x00, 0x00, 0x0d, 0xf1, 0xea, 0x50, 0xff, 0xa8, 0x00, 0x00, 0x00, 0x00,
    0x00, 0x00, 0x00, 0x6c, 0xff, 0x8b, 0x02, 0xe1, 0xfb, 0x1b, 0x00, 0x00, 0x00, 0x00, 0x00, 0x00,
    0xd7, 0xff, 0x26, 0x00, 0x7e, 0xff, 0x83, 0x00, 0x00, 0x00, 0x00, 0x00, 0x45, 0xff, 0xbf, 0x00,
    0x00, 0x1b, 0xfc, 0xe9, 0x07, 0x00, 0x00, 0x00, 0x00, 0xb2, 0xff, 0x59, 0x00, 0x00, 0x00, 0xb2,
    0xff, 0x5e, 0x00, 0x00, 0x00, 0x21, 0xfd, 0xff, 0xff, 0xff, 0xff, 0xff, 0xff, 0xff, 0xcb, 0x00,
    0x00, 0x00, 0x8b, 0xff, 0xff, 0xd8, 0xd8, 0xd8, 0xd8, 0xd8, 0xff, 0xff, 0x39, 0x00, 0x09, 0xee,
    0xff, 0x27, 0x00, 0x00, 0x00, 0x00, 0x00, 0x7f, 0xff, 0xa6, 0x00, 0x5d, 0xff, 0xc2, 0x00, 0x00,
    0x00, 0x00, 0x00, 0x00, 0x1d, 0xfd, 0xfa, 0x12, 0x5a, 0xeb, 0x46, 0x00, 0x00, 0x00, 0x00, 0x00,
    0x00, 0x00, 0x89, 0xe9, 0x19, 0x00, 0xb8, 0xff, 0xff, 0xff, 0xff, 0xf7, 0xd3, 0x6d, 0x02, 0x00,
    0x00, 0x00, 0xfe, 0xff, 0xc2, 0xb8, 0xb8, 0xd2, 0xff, 0xff, 0x81, 0x00, 0x00, 0x00, 0xff, 0xff,
    0x24, 0x00, 0x00, 0x00, 0x6d, 0xff, 0xf2, 0x05, 0x00, 0x00, 0xff, 0xff, 0x24, 0x00, 0x00, 0x00,
    0x0e, 0xff, 0xff, 0x1b, 0x00, 0x00, 0xff, 0xff, 0x24, 0x00, 0x00, 0x00, 0x19, 0xff, 0xfb, 0x07,
    0x00, 0x00, 0xff, 0xff, 0x24, 0x00, 0x00, 0x19, 0xa6, 0xff, 0x9b, 0x00, 0x00, 0x00, 0xff, 0xff,
    0xff, 0xff, 0xff, 0xff, 0xff, 0xae, 0x07, 0x00, 0x00, 0x00, 0xff, 0xff, 0xc2, 0xb8, 0xb8, 0xca,
    0xfd, 0xfb, 0x5a, 0x00, 0x00, 0x00, 0xff, 0xff, 0x24, 0x00, 0x00, 0x00, 0x4e, 0xff, 0xec, 0x02,
    0x00, 0x00, 0xff, 0xff, 0x24, 0x00, 0x00, 0x00, 0x0a, 0xff, 0xff, 0x1b, 0x00, 0x00, 0xff, 0xff,
    0x24, 0x00, 0x00, 0x00, 0x4e, 0xff, 0xfb, 0x0b, 0x00, 0x00, 0xff, 0xff, 0xc2, 0xb8, 0xb8, 0xc9,
    0xfd, 0xff, 0x9a, 0x00, 0x00, 0x00, 0xbd, 0xff, 0xff, 0xff, 0xff, 0xf5, 0xd3, 0x71, 0x05, 0x00,
    0x00, 0x00, 0x00, 0x00, 0x21, 0x95, 0xdc, 0xf8, 0xea, 0xc7, 0x73, 0x0f, 0x00, 0x00, 0x00, 0x48,
    0xf5, 0xff, 0xf0, 0xc4, 0xcf, 0xf9, 0xff, 0xa6, 0x00, 0x00, 0x17, 0xee, 0xff, 0x94, 0x0b, 0x00,
    0x00, 0x19, 0x83, 0x44, 0x00, 0x00, 0x7e, 0xff, 0xc7, 0x00, 0x00, 0x00, 0x00, 0x00, 0x00, 0x00,
    0x00, 0x00, 0xc7, 0xff, 0x66, 0x00, 0x00, 0x00, 0x00, 0x00, 0x00, 0x00, 0x00, 0x00, 0xef, 0xff,
    0x36, 0x00, 0x00, 0x00, 0x00, 0x00, 0x00, 0x00, 0x00, 0x00, 0xfb, 0xff, 0x28, 0x00, 0x00, 0x00,
    0x00, 0x00, 0x00, 0x00, 0x00, 0x00, 0xe9, 0xff, 0x37, 0x00, 0x00, 0x00, 0x00, 0x00, 0x00, 0x00,
    0x00, 0x00, 0xc6, 0xff, 0x67, 0x00, 0x00, 0x00, 0x00, 0x00, 0x00, 0x00, 0x00, 0x00, 0x7b, 0xff,
    0xc8, 0x00, 0x00, 0x00, 0x00, 0x00, 0x00, 0x00, 0x00, 0x00, 0x14, 0xeb, 0xff, 0x92, 0x09, 0x00,
    0x00, 0x16, 0x7c, 0x4d, 0x00, 0x00, 0x00, 0x43, 0xf1, 0xff, 0xef, 0xc3, 0xcd, 0xf8, 0xff, 0xaf,
    0x00, 0x00, 0x00, 0x00, 0x22, 0x92, 0xd9, 0xf6, 0xea, 0xc7, 0x70, 0x0e, 0x00, 0x00, 0xb7, 0xff,
    0xff, 0xff, 0xfe, 0xee, 0xc5, 0x77, 0x0e, 0x00, 0x00, 0x00, 0x00, 0xfe, 0xff, 0xc2, 0xb8, 0xbb,
    0xd2, 0xfd, 0xff, 0xe0, 0x2c, 0x00, 0x00, 0x00, 0xff, 0xff, 0x24, 0x00, 0x00, 0x00, 0x1c, 0xb2,
    0xff, 0xe0, 0x0e, 0x00, 0x00, 0xff, 0xff, 0x24, 0x00, 0x00, 0x00, 0x00, 0x05, 0xd2, 0xff, 0x75,
    0x00, 0x00, 0xff, 0xff, 0x24, 0x00, 0x00, 0x00, 0x00, 0x00, 0x69, 0xff, 0xc4, 0x00, 0x00, 0xff,
    0xff, 0x24, 0x00, 0x00, 0x00, 0x00, 0x00, 0x36, 0xff, 0xed, 0x00, 0x00, 0xff, 0xff, 0x24, 0x00,
    0x00, 0x00, 0x00, 0x00, 0x28, 0xff, 0xfb, 0x00, 0x00, 0xff, 0xff, 0x24, 0x00, 0x00, 0x00, 0x00,
    0x00, 0x37, 0xff, 0xed, 0x00, 0x00, 0xff, 0xff, 0x24, 0x00, 0x00, 0x00, 0x00, 0x00, 0x6b, 0xff,
    0xc4, 0x00, 0x00, 0xff, 0xff, 0x24, 0x00, 0x00, 0x00, 0x00, 0x06, 0xd4, 0xff, 0x77, 0x00, 0x00,
    0xff, 0xff, 0x24, 0x00, 0x00, 0x00, 0x1b, 0xb4, 0xff, 0xe2, 0x0f, 0x00, 0x00, 0xff, 0xff, 0xc2,
    0xb8, 0xba, 0xd1, 0xfc, 0xff, 0xe2, 0x2f, 0x00, 0x00, 0x00, 0xba, 0xff, 0xff, 0xff, 0xfe, 0xef,
    0xc6, 0x78, 0x0f, 0x00, 0x00, 0x00, 0x00, 0xb7, 0xff, 0xff, 0xff, 0xff, 0xff, 0xff, 0xe7, 0x0d,
    0x00, 0xfe, 0xff, 0xc2, 0xb8, 0xb8, 0xb8, 0xb8, 0x9f, 0x03, 0x00, 0xff, 0xff, 0x24, 0x00, 0x00,
    0x00, 0x00, 0x00, 0x00, 0x00, 0xff, 0xff, 0x24, 0x00, 0x00, 0x00, 0x00, 0x00, 0x00, 0x00, 0xff,
    0xff, 0x24, 0x00, 0x00, 0x00, 0x00, 0x00, 0x00, 0x00, 0xff, 0xff, 0x24, 0x00, 0x00, 0x00, 0x00,
    0x00, 0x00, 0x00, 0xff, 0xff, 0xff, 0xff, 0xff, 0xff, 0xff, 0x96, 0x00, 0x00, 0xff, 0xff, 0xc2,
    0xb8, 0xb8, 0xb8, 0xb7, 0x5f, 0x00, 0x00, 0xff, 0xff, 0x24, 0x00, 0x00, 0x00, 0x00, 0x00, 0x00,
    0x00, 0xff, 0xff, 0x24, 0x00, 0x00, 0x00, 0x00, 0x00, 0x00, 0x00, 0xff, 0xff, 0x24, 0x00, 0x00,
    0x00, 0x00, 0x00, 0x00, 0x00, 0xff, 0xff, 0xc2, 0xb8, 0xb8, 0xb8, 0xb8, 0x9f, 0x03, 0x00, 0xba,
    0xff, 0xff, 0xff, 0xff, 0xff, 0xff, 0xe7, 0x0d, 0x00, 0xbb, 0xff, 0xff, 0xff, 0xff, 0xff, 0xff,
    0xbe, 0x00, 0x00, 0xff, 0xff, 0xc2, 0xb8, 0xb8, 0xb8, 0xb8, 0x7b, 0x00, 0x00, 0xff, 0xff, 0x24,
    0x00, 0x00, 0x00, 0x00, 0x00, 0x00, 0x00, 0xff, 0xff, 0x24, 0x00, 0x00, 0x00, 0x00, 0x00, 0x00,
    0x00, 0xff, 0xff, 0x24, 0x00, 0x00, 0x00, 0x00, 0x00, 0x00, 0x00, 0xff, 0xff, 0x24, 0x00, 0x00,
    0x00, 0x00, 0x00, 0x00, 0x00, 0xff, 0xff, 0xff, 0xff, 0xff, 0xff, 0xfc, 0x64, 0x00, 0x00, 0xff,
    0xff, 0xc2, 0xb8, 0xb8, 0xb8, 0xb4, 0x3c, 0x00, 0x00, 0xff, 0xff, 0x24, 0x00, 0x00, 0x00, 0x00,
    0x00, 0x00, 0x00, 0xff, 0xff, 0x24, 0x00, 0x00, 0x00, 0x00, 0x00, 0x00, 0x00, 0xff, 0xff, 0x24,
    0x00, 0x00, 0x00, 0x00, 0x00, 0x00, 0x00, 0xff, 0xff, 0x23, 0x00, 0x00, 0x00, 0x00, 0x00, 0x00,
    0x00, 0xbe, 0xe0, 0x09, 0x00, 0x00, 0x00, 0x00, 0x00, 0x00, 0x00, 0x00, 0x00, 0x18, 0x89, 0xd4,
    0xf4, 0xf2, 0xd6, 0x9d, 0x31, 0x00, 0x00, 0x00, 0x00, 0x3c, 0xef, 0xff, 0xf3, 0xc8, 0xc8, 0xee,
    0xff, 0xfa, 0x13, 0x00, 0x00, 0x12, 0xe8, 0xff, 0x9c, 0x0e, 0x00, 0x00, 0x05, 0x5b, 0x7e, 0x00,
    0x00, 0x00, 0x78, 0xff, 0xca, 0x01, 0x00, 0x00, 0x00, 0x00, 0x00, 0x00, 0x00, 0x00, 0x00, 0xc5,
    0xff, 0x67, 0x00, 0x00, 0x00, 0x00, 0x00, 0x00, 0x00, 0x00, 0x00, 0x00, 0xee, 0xff, 0x37, 0x00,
    0x00, 0x00, 0x00, 0x00, 0x00, 0x00, 0x00, 0x00, 0x00, 0xfb, 0xff, 0x27, 0x00, 0x00, 0xb2, 0xff,
    0xff, 0xff, 0xc5, 0x00, 0x00, 0x00, 0xe9, 0xff, 0x33, 0x00, 0x00, 0x72, 0xb8, 0xc2, 0xff, 0xff,
    0x00, 0x00, 0x00, 0xc5, 0xff, 0x5f, 0x00, 0x00, 0x00, 0x00, 0x24, 0xff, 0xff, 0x00, 0x00, 0x00,
    0x77, 0xff, 0xbd, 0x00, 0x00, 0x00, 0x00, 0x24, 0xff, 0xff, 0x00, 0x00, 0x00, 0x10, 0xe6, 0xff,
    0x86, 0x05, 0x00, 0x00, 0x30, 0xff, 0xff, 0x00, 0x00, 0x00, 0x00, 0x3c, 0xed, 0xff, 0xec, 0xbf,
    0xcd, 0xff, 0xff, 0xf1, 0x00, 0x00, 0x00, 0x00, 0x00, 0x1e, 0x8c, 0xd7, 0xf3, 0xf1, 0xd4, 0x98,
    0x38, 0x00, 0x00, 0x00, 0xc1, 0xdc, 0x09, 0x00, 0x00, 0x00, 0x00, 0x00, 0xc3, 0xdb, 0x08, 0x00,
    0x00, 0xff, 0xff, 0x23, 0x00, 0x00, 0x00, 0x00, 0x00, 0xff, 0xff, 0x23, 0x00, 0x00, 0xff, 0xff,
    0x24, 0x00, 0x00, 0x00, 0x00, 0x00, 0xff, 0xff, 0x24, 0x00, 0x00, 0xff, 0xff, 0x24, 0x00, 0x00,
    0x00, 0x00, 0x00, 0xff, 0xff, 0x24, 0x00, 0x00, 0xff, 0xff, 0x24, 0x00, 0x00, 0x00, 0x00, 0x00,
    0xff, 0xff, 0x24, 0x00, 0x00, 0xff, 0xff, 0xc2, 0xb8, 0xb8, 0xb8, 0xb8, 0xb8, 0xff, 0xff, 0x24,
    0x00, 0x00, 0xff, 0xff, 0xff, 0xff, 0xff, 0xff, 0xff, 0xff, 0xff, 0xff, 0x24, 0x00, 0x00, 0xff,
    0xff, 0x24, 0x00, 0x00, 0x00, 0x00, 0x00, 0xff, 0xff, 0x24, 0x00, 0x00, 0xff, 0xff, 0x24, 0x00,
    0x00, 0x00, 0x00, 0x00, 0xff, 0xff, 0x24, 0x00, 0x00, 0xff, 0xff, 0x24, 0x00, 0x00, 0x00, 0x00,
    0x00, 0xff, 0xff, 0x24, 0x00, 0x00, 0xff, 0xff, 0x24, 0x00, 0x00, 0x00, 0x00, 0x00, 0xff, 0xff,
    0x24, 0x00, 0x00, 0xff, 0xff, 0x22, 0x00, 0x00, 0x00, 0x00, 0x00, 0xfe, 0xff, 0x23, 0x00, 0x00,
    0xc1, 0xda, 0x07, 0x00, 0x00, 0x00, 0x00, 0x00, 0xbe, 0xdb, 0x08, 0x00, 0x00, 0xc1, 0xda, 0x08,
    0x00, 0x00, 0xff, 0xff, 0x23, 0x00, 0x00, 0xff, 0xff, 0x24, 0x00, 0x00, 0xff, 0xff, 0x24, 0x00,
    0x00, 0xff, 0xff, 0x24, 0x00, 0x00, 0xff, 0xff, 0x24, 0x00, 0x00, 0xff, 0xff, 0x24, 0x00, 0x00,
    0xff, 0xff, 0x24, 0x00, 0x00, 0xff, 0xff, 0x24, 0x00, 0x00, 0xff, 0xff, 0x24, 0x00, 0x00, 0xff,
    0xff, 0x24, 0x00, 0x00, 0xff, 0xff, 0x23, 0x00, 0x00, 0xc1, 0xdc, 0x08, 0x00, 0x00, 0x00, 0x00,
    0xc1, 0xde, 0x09, 0x00, 0x00, 0x00, 0xff, 0xff, 0x23, 0x00, 0x00, 0x00, 0xff, 0xff, 0x24, 0x00,
    0x00, 0x00, 0xff, 0xff, 0x24, 0x00, 0x00, 0x00, 0xff, 0xff, 0x24, 0x00, 0x00, 0x00, 0xff, 0xff,
    0x24, 0x00, 0x00, 0x00, 0xff, 0xff, 0x24, 0x00, 0x00, 0x00, 0xff, 0xff, 0x24, 0x00, 0x00, 0x00,
    0xff, 0xff, 0x24, 0x00, 0x00, 0x04, 0xff, 0xff, 0x1e, 0x00, 0x00, 0x41, 0xff, 0xf7, 0x07, 0x89,
    0xc0, 0xf6, 0xff, 0x9a, 0x00, 0xca, 0xfe, 0xe6, 0x8e, 0x08, 0x00, 0x00, 0xc4, 0xdc, 0x08, 0x00,
    0x00, 0x00, 0x03, 0x98, 0xf0, 0x2c, 0x00, 0xff, 0xff, 0x23, 0x00, 0x00, 0x02, 0xa4, 0xff, 0xe4,
    0x14, 0x00, 0xff, 0xff, 0x24, 0x00, 0x01, 0x9f, 0xff, 0xea, 0x29, 0x00, 0x00, 0xff, 0xff, 0x24,
    0x01, 0x9a, 0xff, 0xef, 0x30, 0x00, 0x00, 0x00, 0xff, 0xff, 0x24, 0x95, 0xff, 0xf3, 0x38, 0x00,
    0x00, 0x00, 0x00, 0xff, 0xff, 0xb0, 0xff, 0xff, 0x41, 0x00, 0x00, 0x00, 0x00, 0x00, 0xff, 0xff,
    0xff, 0xff, 0xfb, 0x04, 0x00, 0x00, 0x00, 0x00, 0x00, 0xff, 0xff, 0x81, 0xfd, 0xff, 0xa1, 0x01,
    0x00, 0x00, 0x00, 0x00, 0xff, 0xff, 0x24, 0x60, 0xfe, 0xff, 0x8f, 0x00, 0x00, 0x00, 0x00, 0xff,
    0xff, 0x24, 0x00, 0x63, 0xfe, 0xff, 0x7d, 0x00, 0x00, 0x00, 0xff, 0xff, 0x24, 0x00, 0x00, 0x66,
    0xfe, 0xff, 0x6b, 0x00, 0x00, 0xff, 0xff, 0x23, 0x00, 0x00, 0x00, 0x6a, 0xff, 0xfe, 0x48, 0x00,
    0xc1, 0xdc, 0x08, 0x00, 0x00, 0x00, 0x00, 0x69, 0xed, 0x62, 0x00, 0xc1, 0xda, 0x08, 0x00, 0x00,
    0x00, 0x00, 0x00, 0x00, 0x00, 0xff, 0xff, 0x23, 0x00, 0x00, 0x00, 0x00, 0x00, 0x00, 0x00, 0xff,
    0xff, 0x24, 0x00, 0x00, 0x00, 0x00, 0x00, 0x00, 0x00, 0xff, 0xff, 0x24, 0x00, 0x00, 0x00, 0x00,
    0x00, 0x00, 0x00, 0xff, 0xff, 0x24, 0x00, 0x00, 0x00, 0x00, 0x00, 0x00, 0x00, 0xff, 0xff, 0x24,
    0x00, 0x00, 0x00, 0x00, 0x00, 0x00, 0x00, 0xff, 0xff, 0x24, 0x00, 0x00, 0x00, 0x00, 0x00, 0x00,
    0x00, 0xff, 0xff, 0x24, 0x00, 0x00, 0x00, 0x00, 0x00, 0x00, 0x00, 0xff, 0xff, 0x24, 0x00, 0x00,
    0x00, 0x00, 0x00, 0x00, 0x00, 0xff, 0xff, 0x24, 0x00, 0x00, 0x00, 0x00, 0x00, 0x00, 0x00, 0xff,
    0xff, 0x24, 0x00, 0x00, 0x00, 0x00, 0x00, 0x00, 0x00, 0xff, 0xff, 0xf9, 0xf8, 0xf8, 0xf8, 0xf8,
    0xc4, 0x00, 0x00, 0xbe, 0xff, 0xff, 0xff, 0xff, 0xff, 0xff, 0xc6, 0x00, 0x00, 0xc8, 0xd2, 0x0f,
    0x00, 0x00, 0x00, 0x00, 0x00, 0x00, 0x01, 0xb3, 0xe1, 0x0b, 0x00, 0x00, 0xff, 0xff, 0x83, 0x00,
    0x00, 0x00, 0x00, 0x00, 0x00, 0x54, 0xff, 0xff, 0x23, 0x00, 0x00, 0xff, 0xff, 0xf2, 0x14, 0x00,
    0x00, 0x00, 0x00, 0x02, 0xd4, 0xff, 0xff, 0x24, 0x00, 0x00, 0xff, 0xff, 0xff, 0x8a, 0x00, 0x00,
    0x00, 0x00, 0x5b, 0xff, 0xff, 0xff, 0x24, 0x00, 0x00, 0xff, 0xff, 0xf6, 0xf5, 0x17, 0x00, 0x00,
    0x03, 0xda, 0xe7, 0xff, 0xff, 0x24, 0x00, 0x00, 0xff, 0xff, 0x76, 0xff, 0x90, 0x00, 0x00, 0x61,
    0xff, 0x70, 0xff, 0xff, 0x24, 0x00, 0x00, 0xff, 0xff, 0x25, 0xce, 0xf8, 0x1b, 0x05, 0xde, 0xe7,
    0x09, 0xff, 0xff, 0x24, 0x00, 0x00, 0xff, 0xff, 0x24, 0x4d, 0xff, 0x96, 0x67, 0xff, 0x6f, 0x00,
    0xff, 0xff, 0x24, 0x00, 0x00, 0xff, 0xff, 0x24, 0x00, 0xca, 0xff, 0xff, 0xe6, 0x08, 0x00, 0xff,
    0xff, 0x24, 0x00, 0x00, 0xff, 0xff, 0x24, 0x00, 0x49, 0xff, 0xff, 0x6e, 0x00, 0x00, 0xff, 0xff,
    0x24, 0x00, 0x00, 0xff, 0xff, 0x24, 0x00, 0x00, 0xba, 0xda, 0x08, 0x00, 0x00, 0xff, 0xff, 0x24,
    0x00, 0x00, 0xff, 0xff, 0x23, 0x00, 0x00, 0x01, 0x04, 0x00, 0x00, 0x00, 0xff, 0xff, 0x23, 0x00,
    0x00, 0xc5, 0xe0, 0x0a, 0x00, 0x00, 0x00, 0x00, 0x00, 0x00, 0x00, 0xc5, 0xde, 0x0a, 0x00, 0x00,
    0xc6, 0xc1, 0x08, 0x00, 0x00, 0x00, 0x00, 0x00, 0xc4, 0xdd, 0x09, 0x00, 0x00, 0xff, 0xff, 0x95,
    0x00, 0x00, 0x00, 0x00, 0x00, 0xff, 0xff, 0x23, 0x00, 0x00, 0xff, 0xff, 0xff, 0x4f, 0x00, 0x00,
    0x00, 0x00, 0xff, 0xff, 0x24, 0x00, 0x00, 0xff, 0xff, 0xff, 0xec, 0x1b, 0x00, 0x00, 0x00, 0xff,
    0xff, 0x24, 0x00, 0x00, 0xff, 0xff, 0xa1, 0xff, 0xbf, 0x02, 0x00, 0x00, 0xff, 0xff, 0x24, 0x00,
    0x00, 0xff, 0xff, 0x26, 0xc1, 0xff, 0x7a, 0x00, 0x00, 0xff, 0xff, 0x24, 0x00, 0x00, 0xff, 0xff,
    0x24, 0x1d, 0xee, 0xfb, 0x38, 0x00, 0xff, 0xff, 0x24, 0x00, 0x00, 0xff, 0xff, 0x24, 0x00, 0x52,
    0xff, 0xde, 0x0e, 0xff, 0xff, 0x24, 0x00, 0x00, 0xff, 0xff, 0x24, 0x00, 0x00, 0x99, 0xff, 0xa6,
    0xff, 0xff, 0x24, 0x00, 0x00, 0xff, 0xff, 0x24, 0x00, 0x00, 0x0a, 0xd6, 0xff, 0xff, 0xff, 0x24,
    0x00, 0x00, 0xff, 0xff, 0x24, 0x00, 0x00, 0x00, 0x2f, 0xf8, 0xff, 0xff, 0x24, 0x00, 0x00, 0xff,
    0xff, 0x23, 0x00, 0x00, 0x00, 0x00, 0x6e, 0xff, 0xff, 0x23, 0x00, 0x00, 0xc4, 0xe0, 0x0a, 0x00,
    0x00, 0x00, 0x00, 0x00, 0xa1, 0xe3, 0x06, 0x00, 0x00, 0x00, 0x00, 0x1e, 0x97, 0xe0, 0xf8, 0xe2,
    0xa5, 0x2f, 0x00, 0x00, 0x00, 0x00, 0x00, 0x3d, 0xf1, 0xff, 0xe8, 0xc0, 0xdd, 0xff, 0xf9, 0x56,
    0x00, 0x00, 0x00, 0x12, 0xe8, 0xff, 0x85, 0x05, 0x00, 0x00, 0x63, 0xfd, 0xf6, 0x23, 0x00, 0x00,
    0x78, 0xff, 0xc2, 0x00, 0x00, 0x00, 0x00, 0x00, 0x9d, 0xff, 0x99, 0x00, 0x00, 0xc5, 0xff, 0x64,
    0x00, 0x00, 0x00, 0x00, 0x00, 0x3e, 0xff, 0xe9, 0x00, 0x00, 0xee, 0xff, 0x35, 0x00, 0x00, 0x00,
    0x00, 0x00, 0x10, 0xff, 0xff, 0x0c, 0x00, 0xfa, 0xff, 0x29, 0x00, 0x00, 0x00, 0x00, 0x00, 0x04,
    0xff, 0xff, 0x1e, 0x00, 0xe8, 0xff, 0x40, 0x00, 0x00, 0x00, 0x00, 0x00, 0x14, 0xff, 0xff, 0x11,
    0x00, 0xc3, 0xff, 0x67, 0x00, 0x00, 0x00, 0x00, 0x00, 0x46, 0xff, 0xe6, 0x00, 0x00, 0x74, 0xff,
    0xcd, 0x00, 0x00, 0x00, 0x00, 0x00, 0xa6, 0xff, 0x99, 0x00, 0x00, 0x0e, 0xe4, 0xff, 0x82, 0x02,
    0x00, 0x01, 0x6c, 0xfe, 0xf6, 0x25, 0x00, 0x00, 0x00, 0x3a, 0xed, 0xff, 0xe5, 0xbf, 0xe0, 0xff,
    0xfa, 0x56, 0x00, 0x00, 0x00, 0x00, 0x00, 0x20, 0x95, 0xdd, 0xf8, 0xe8, 0xa8, 0x2e, 0x00, 0x00,
    0x00, 0x00, 0xc1, 0xff, 0xff, 0xff, 0xff, 0xf8, 0xcf, 0x5e, 0x00, 0x00, 0x00, 0xff, 0xff, 0xc2,
    0xb8, 0xb9, 0xd9, 0xff, 0xff, 0x6b, 0x00, 0x00, 0xff, 0xff, 0x24, 0x00, 0x00, 0x00, 0x7f, 0xff,
    0xe8, 0x01, 0x00, 0xff, 0xff, 0x24, 0x00, 0x00, 0x00, 0x12, 0xff, 0xff, 0x1a, 0x00, 0xff, 0xff,
    0x24, 0x00, 0x00, 0x00, 0x13, 0xff, 0xff, 0x19, 0x00, 0xff, 0xff, 0x24, 0x00, 0x00, 0x00, 0x80,
    0xff, 0xe7, 0x00, 0x00, 0xff, 0xff, 0xc2, 0xb8, 0xb9, 0xd8, 0xff, 0xff, 0x6a, 0x00, 0x00, 0xff,
    0xff, 0xff, 0xff, 0xff, 0xf8, 0xcf, 0x5f, 0x00, 0x00, 0x00, 0xff, 0xff, 0x24, 0x00, 0x00, 0x00,
    0x00, 0x00, 0x00, 0x00, 0x00, 0xff, 0xff, 0x24, 0x00, 0x00, 0x00, 0x00, 0x00, 0x00, 0x00, 0x00,
    0xff, 0xff, 0x24, 0x00, 0x00, 0x00, 0x00, 0x00, 0x00, 0x00, 0x00, 0xff, 0xff, 0x23, 0x00, 0x00,
    0x00, 0x00, 0x00, 0x00, 0x00, 0x00, 0xc1, 0xdc, 0x08, 0x00, 0x00, 0x00, 0x00, 0x00, 0x00, 0x00,
    0x00, 0x00, 0x00, 0x1e, 0x97, 0xe0, 0xf8, 0xe2, 0xa5, 0x2f, 0x00, 0x00, 0x00, 0x00, 0x00, 0x3d,
    0xf1, 0xff, 0xe8, 0xc0, 0xdd, 0xff, 0xf9, 0x56, 0x00, 0x00, 0x00, 0x12, 0xe8, 0xff, 0x85, 0x05,
    0x00, 0x00, 0x63, 0xfd, 0xf6, 0x23, 0x00, 0x00, 0x78, 0xff, 0xc2, 0x00, 0x00, 0x00, 0x00, 0x00,
    0x9d, 0xff, 0x99, 0x00, 0x00, 0xc5, 0xff, 0x64, 0x00, 0x00, 0x00, 0x00, 0x00, 0x3e, 0xff, 0xe9,
    0x00, 0x00, 0xee, 0xff, 0x35, 0x00, 0x00, 0x00, 0x00, 0x00, 0x10, 0xff, 0xff, 0x0c, 0x00, 0xfa,
    0xff, 0x29, 0x00, 0x00, 0x00, 0x00, 0x00, 0x04, 0xff, 0xff, 0x1e, 0x00, 0xe8, 0xff, 0x40, 0x00,
    0x00, 0x00, 0x00, 0x00, 0x14, 0xff, 0xff, 0x11, 0x00, 0xc3, 0xff, 0x67, 0x00, 0x00, 0x00, 0x00,
    0x00, 0x46, 0xff, 0xe6, 0x00, 0x00, 0x74, 0xff, 0xcd, 0x00, 0x00, 0x00, 0x00, 0x00, 0xa6, 0xff,
    0x99, 0x00, 0x00, 0x0e, 0xe4, 0xff, 0x82, 0x02, 0x00, 0x01, 0x6c, 0xfe, 0xf6, 0x25, 0x00, 0x00,
    0x00, 0x3a, 0xed, 0xff, 0xe5, 0xbf, 0xe0, 0xff, 0xfa, 0x56, 0x00, 0x00, 0x00, 0x00, 0x00, 0x20,
    0x95, 0xdd, 0xff, 0xff, 0xff, 0x75, 0x00, 0x00, 0x00, 0x00, 0x00, 0x00, 0x00, 0x00, 0x00, 0x05,
    0x4c, 0xf5, 0xff, 0x4c, 0x00, 0x00, 0x00, 0x00, 0x00, 0x00, 0x00, 0x00, 0x00, 0x00, 0x78, 0xff,
    0xe1, 0x09, 0x00, 0x00, 0x00, 0x00, 0x00, 0x00, 0x00, 0x00, 0x00, 0x06, 0xd9, 0xff, 0x40, 0x00,
    0x00, 0x00, 0x00, 0x00, 0x00, 0x00, 0x00, 0x00, 0x00, 0x1d, 0x54, 0x02, 0x00, 0x00, 0xc1, 0xff,
    0xff, 0xff, 0xff, 0xf8, 0xcf, 0x5e, 0x00, 0x00, 0x00, 0x00, 0xff, 0xff, 0xc2, 0xb8, 0xb9, 0xda,
    0xff, 0xff, 0x6a, 0x00, 0x00, 0x00, 0xff, 0xff, 0x24, 0x00, 0x00, 0x00, 0x80, 0xff, 0xe7, 0x00,
    0x00, 0x00, 0xff, 0xff, 0x24, 0x00, 0x00, 0x00, 0x12, 0xff, 0xff, 0x19, 0x00, 0x00, 0xff, 0xff,
    0x24, 0x00, 0x00, 0x00, 0x13, 0xff, 0xff, 0x16, 0x00, 0x00, 0xff, 0xff, 0x24, 0x00, 0x00, 0x00,
    0x80, 0xff, 0xe3, 0x01, 0x00, 0x00, 0xff, 0xff, 0xc2, 0xb8, 0xb9, 0xd9, 0xff, 0xff, 0x64, 0x00,
    0x00, 0x00, 0xff, 0xff, 0xff, 0xff, 0xff, 0xff, 0xff, 0x81, 0x00, 0x00, 0x00, 0x00, 0xff, 0xff,
    0x24, 0x02, 0x2e, 0xda, 0xff, 0xce, 0x01, 0x00, 0x00, 0x00, 0xff, 0xff, 0x24, 0x00, 0x00, 0x48,
    0xff, 0xff, 0x4d, 0x00, 0x00, 0x00, 0xff, 0xff, 0x24, 0x00, 0x00, 0x00, 0xbf, 0xff, 0xc6, 0x00,
    0x00, 0x00, 0xff, 0xff, 0x23, 0x00, 0x00, 0x00, 0x37, 0xff, 0xff, 0x32, 0x00, 0x00, 0xc1, 0xde,
    0x09, 0x00, 0x00, 0x00, 0x00, 0x8d, 0xeb, 0x30, 0x00, 0x00, 0x00, 0x12, 0x8b, 0xdf, 0xf9, 0xe5,
    0xc0, 0x61, 0x07, 0x00, 0x00, 0x24, 0xe9, 0xff, 0xec, 0xc3, 0xd4, 0xfb, 0xff, 0x8f, 0x00, 0x00,
    0xaf, 0xff, 0xa2, 0x05, 0x00, 0x00, 0x1a, 0x78, 0x3c, 0x00, 0x00, 0xf2, 0xff, 0x2e, 0x00, 0x00,
    0x00, 0x00, 0x00, 0x00, 0x00, 0x00, 0xec, 0xff, 0x78, 0x00, 0x00, 0x00, 0x00, 0x00, 0x00, 0x00,
    0x00, 0xa8, 0xff, 0xff, 0xd4, 0x90, 0x57, 0x11, 0x00, 0x00, 0x00, 0x00, 0x1a, 0xca, 0xff, 0xff,
    0xff, 0xff, 0xfa, 0x9e, 0x0f, 0x00, 0x00, 0x00, 0x03, 0x45, 0x94, 0xce, 0xfc, 0xff, 0xff, 0xae,
    0x00, 0x00, 0x00, 0x00, 0x00, 0x00, 0x00, 0x13, 0x92, 0xff, 0xfe, 0x0a, 0x00, 0x00, 0x00, 0x00,
    0x00, 0x00, 0x00, 0x0d, 0xff, 0xff, 0x19, 0x06, 0xaf, 0x74, 0x10, 0x00, 0x00, 0x00, 0x69, 0xff,
    0xde, 0x00, 0x13, 0xf3, 0xff, 0xf8, 0xd5, 0xbf, 0xdb, 0xff, 0xfb, 0x49, 0x00, 0x00, 0x1e, 0x8a,
    0xce, 0xf2, 0xfc, 0xe9, 0xac, 0x33, 0x00, 0x00, 0xc8, 0xff, 0xff, 0xff, 0xff, 0xff, 0xff, 0xff,
    0xff, 0xff, 0xce, 0x86, 0xb8, 0xb8, 0xb8, 0xff, 0xff, 0xc2, 0xb8, 0xb8, 0xb7, 0x7f, 0x00, 0x00,
    0x00, 0x00, 0xff, 0xff, 0x24, 0x00, 0x00, 0x00, 0x00, 0x00, 0x00, 0x00, 0x00, 0xff, 0xff, 0x24,
    0x00, 0x00, 0x00, 0x00, 0x00, 0x00, 0x00, 0x00, 0xff, 0xff, 0x24, 0x00, 0x00, 0x00, 0x00, 0x00,
    0x00, 0x00, 0x00, 0xff, 0xff, 0x24, 0x00, 0x00, 0x00, 0x00, 0x00, 0x00, 0x00, 0x00, 0xff, 0xff,
    0x24, 0x00, 0x00, 0x00, 0x00, 0x00, 0x00, 0x00, 0x00, 0xff, 0xff, 0x24, 0x00, 0x00, 0x00, 0x00,
    0x00, 0x00, 0x00, 0x00, 0xff, 0xff, 0x24, 0x00, 0x00, 0x00, 0x00, 0x00, 0x00, 0x00, 0x00, 0xff,
    0xff, 0x24, 0x00, 0x00, 0x00, 0x00, 0x00, 0x00, 0x00, 0x00, 0xff, 0xff, 0x24, 0x00, 0x00, 0x00,
    0x00, 0x00, 0x00, 0x00, 0x00, 0xff, 0xff, 0x23, 0x00, 0x00, 0x00, 0x00, 0x00, 0x00, 0x00, 0x00,
    0xc1, 0xdc, 0x08, 0x00, 0x00, 0x00, 0x00, 0x00, 0xc3, 0xdc, 0x08, 0x00, 0x00, 0x00, 0x00, 0x00,
    0xc3, 0xdc, 0x09, 0x00, 0x00, 0xff, 0xff, 0x23, 0x00, 0x00, 0x00, 0x00, 0x00, 0xff, 0xff, 0x23,
    0x00, 0x00, 0xff, 0xff, 0x24, 0x00, 0x00, 0x00, 0x00, 0x00, 0xff, 0xff, 0x24, 0x00, 0x00, 0xff,
    0xff, 0x24, 0x00, 0x00, 0x00, 0x00, 0x00, 0xff, 0xff, 0x24, 0x00, 0x00, 0xff, 0xff, 0x24, 0x00,
    0x00, 0x00, 0x00, 0x00, 0xff, 0xff, 0x24, 0x00, 0x00, 0xff, 0xff, 0x24, 0x00, 0x00, 0x00, 0x00,
    0x00, 0xff, 0xff, 0x24, 0x00, 0x00, 0xff, 0xff, 0x24, 0x00, 0x00, 0x00, 0x00, 0x00, 0xff, 0xff,
    0x24, 0x00, 0x00, 0xfe, 0xff, 0x24, 0x00, 0x00, 0x00, 0x00, 0x00, 0xff, 0xff, 0x22, 0x00, 0x00,
    0xf1, 0xff, 0x3a, 0x00, 0x00, 0x00, 0x00, 0x17, 0xff, 0xff, 0x0f, 0x00, 0x00, 0xc6, 0xff, 0x71,
    0x00, 0x00, 0x00, 0x00, 0x4d, 0xff, 0xe7, 0x00, 0x00, 0x00, 0x6d, 0xff, 0xe8, 0x2f, 0x00, 0x00,
    0x1d, 0xd5, 0xff, 0x8f, 0x00, 0x00, 0x00, 0x05, 0xc1, 0xff, 0xfb, 0xd1, 0xca, 0xf7, 0xff, 0xd8,
    0x0f, 0x00, 0x00, 0x00, 0x00, 0x07, 0x77, 0xcf, 0xf5, 0xf5, 0xd6, 0x84, 0x0d, 0x00, 0x00, 0x00,
    0x7e, 0xe7, 0x34, 0x00, 0x00, 0x00, 0x00, 0x00, 0x00, 0x12, 0xd7, 0xa2, 0x9a, 0xff, 0xb1, 0x00,
    0x00, 0x00, 0x00, 0x00, 0x00, 0x7c, 0xff, 0xb9, 0x34, 0xff, 0xfc, 0x1d, 0x00, 0x00, 0x00, 0x00,
    0x02, 0xe0, 0xff, 0x53, 0x00, 0xc9, 0xff, 0x82, 0x00, 0x00, 0x00, 0x00, 0x4b, 0xff, 0xe4, 0x04,
    0x00, 0x5d, 0xff, 0xe5, 0x04, 0x00, 0x00, 0x00, 0xb3, 0xff, 0x7c, 0x00, 0x00, 0x07, 0xea, 0xff,
    0x53, 0x00, 0x00, 0x1d, 0xfc, 0xfa, 0x17, 0x00, 0x00, 0x00, 0x87, 0xff, 0xbb, 0x00, 0x00, 0x82,
    0xff, 0xa6, 0x00, 0x00, 0x00, 0x00, 0x1e, 0xfc, 0xfe, 0x25, 0x04, 0xe5, 0xff, 0x3a, 0x00, 0x00,
    0x00, 0x00, 0x00, 0xb0, 0xff, 0x8c, 0x52, 0xff, 0xcf, 0x00, 0x00, 0x00, 0x00, 0x00, 0x00, 0x44,
    0xff, 0xec, 0xc1, 0xff, 0x63, 0x00, 0x00, 0x00, 0x00, 0x00, 0x00, 0x01, 0xd8, 0xff, 0xff, 0xee,
    0x09, 0x00, 0x00, 0x00, 0x00, 0x00, 0x00, 0x00, 0x6e, 0xff, 0xff, 0x8d, 0x00, 0x00, 0x00, 0x00,
    0x00, 0x00, 0x00, 0x00, 0x0a, 0xc8, 0xdb, 0x19, 0x00, 0x00, 0x00, 0x00, 0x25, 0xeb, 0x94, 0x00,
    0x00, 0x00, 0x00, 0x00, 0x45, 0xe8, 0x53, 0x00, 0x00, 0x00, 0x00, 0x00, 0x7e, 0xe9, 0x1d, 0x2a,
    0xff, 0xfb, 0x12, 0x00, 0x00, 0x00, 0x00, 0xbb, 0xff, 0xc3, 0x00, 0x00, 0x00, 0x00, 0x07, 0xf2,
    0xff, 0x1e, 0x00, 0xd8, 0xff, 0x5e, 0x00, 0x00, 0x00, 0x14, 0xfb, 0xff, 0xfd, 0x18, 0x00, 0x00,
    0x00, 0x4d, 0xff, 0xcb, 0x00, 0x00, 0x83, 0xff, 0xb0, 0x00, 0x00, 0x00, 0x66, 0xff, 0xff, 0xff,
    0x68, 0x00, 0x00, 0x00, 0xa0, 0xff, 0x75, 0x00, 0x00, 0x2e, 0xff, 0xf6, 0x0a, 0x00, 0x00, 0xbb,
    0xff, 0x73, 0xff, 0xbb, 0x00, 0x00, 0x04, 0xee, 0xff, 0x20, 0x00, 0x00, 0x00, 0xd8, 0xff, 0x53,
    0x00, 0x14, 0xfb, 0xdd, 0x03, 0xe8, 0xfb, 0x12, 0x00, 0x45, 0xff, 0xc9, 0x00, 0x00, 0x00, 0x00,
    0x83, 0xff, 0xa4, 0x00, 0x66, 0xff, 0x88, 0x00, 0x97, 0xff, 0x60, 0x00, 0x98, 0xff, 0x74, 0x00,
    0x00, 0x00, 0x00, 0x2e, 0xff, 0xf0, 0x05, 0xbb, 0xff, 0x32, 0x00, 0x43, 0xff, 0xb2, 0x02, 0xe8,
    0xff, 0x1f, 0x00, 0x00, 0x00, 0x00, 0x00, 0xd9, 0xff, 0x5b, 0xfb, 0xdd, 0x00, 0x00, 0x03, 0xea,
    0xf8, 0x4b, 0xff, 0xc8, 0x00, 0x00, 0x00, 0x00, 0x00, 0x00, 0x84, 0xff, 0xff, 0xff, 0x88, 0x00,
    0x00, 0x00, 0x9a, 0xff, 0xe8, 0xff, 0x72, 0x00, 0x00, 0x00, 0x00, 0x00, 0x00, 0x2f, 0xff, 0xff,
    0xff, 0x33, 0x00, 0x00, 0x00, 0x46, 0xff, 0xff, 0xfe, 0x1d, 0x00, 0x00, 0x00, 0x00, 0x00, 0x00,
    0x00, 0xd9, 0xff, 0xdd, 0x00, 0x00, 0x00, 0x00, 0x04, 0xec, 0xff, 0xc6, 0x00, 0x00, 0x00, 0x00,
    0x00, 0x00, 0x00, 0x00, 0x61, 0xeb, 0x61, 0x00, 0x00, 0x00, 0x00, 0x00, 0x77, 0xeb, 0x4b, 0x00,
    0x00, 0x00, 0x00, 0x00, 0xb1, 0xd1, 0x17, 0x00, 0x00, 0x00, 0x00, 0x17, 0xd3, 0xb7, 0x00, 0x00,
    0xbe, 0xff, 0xba, 0x01, 0x00, 0x00, 0x01, 0xba, 0xff, 0xbf, 0x00, 0x00, 0x23, 0xf3, 0xff, 0x72,
    0x00, 0x00, 0x73, 0xff, 0xf3, 0x23, 0x00, 0x00, 0x00, 0x63, 0xff, 0xf9, 0x30, 0x30, 0xf9, 0xff,
    0x62, 0x00, 0x00, 0x00, 0x00, 0x00, 0xae, 0xff, 0xe0, 0xe0, 0xff, 0xae, 0x00, 0x00, 0x00, 0x00,
    0x00, 0x00, 0x13, 0xe7, 0xff, 0xff, 0xe7, 0x13, 0x00, 0x00, 0x00, 0x00, 0x00, 0x00, 0x00, 0xb4,
    0xff, 0xff, 0xb1, 0x00, 0x00, 0x00, 0x00, 0x00, 0x00, 0x00, 0x2a, 0xf6, 0xff, 0xff, 0xf6, 0x28,
    0x00, 0x00, 0x00, 0x00, 0x00, 0x06, 0xcf, 0xff, 0xbc, 0xbf, 0xff, 0xcd, 0x05, 0x00, 0x00, 0x00,
    0x00, 0x8b, 0xff, 0xeb, 0x19, 0x1a, 0xec, 0xff, 0x87, 0x00, 0x00, 0x00, 0x41, 0xfe, 0xff, 0x4d,
    0x00, 0x00, 0x4f, 0xff, 0xfd, 0x3e, 0x00, 0x07, 0xe2, 0xff, 0x95, 0x00, 0x00, 0x00, 0x00, 0x97,
    0xff, 0xe0, 0x06, 0x08, 0xd6, 0xbb, 0x08, 0x00, 0x00, 0x00, 0x00, 0x09, 0xba, 0xd5, 0x07, 0x9d,
    0xdf, 0x27, 0x00, 0x00, 0x00, 0x00, 0x0c, 0xc4, 0xc5, 0x00, 0xa3, 0xff, 0xcc, 0x04, 0x00, 0x00,
    0x00, 0x96, 0xff, 0xc2, 0x00, 0x1a, 0xee, 0xff, 0x79, 0x00, 0x00, 0x41, 0xfe, 0xfa, 0x2e, 0x00,
    0x00, 0x5d, 0xff, 0xf8, 0x2a, 0x0b, 0xde, 0xff, 0x7e, 0x00, 0x00, 0x00, 0x00, 0xb1, 0xff, 0xc8,
    0x97, 0xff, 0xcf, 0x05, 0x00, 0x00, 0x00, 0x00, 0x18, 0xed, 0xff, 0xff, 0xfa, 0x2f, 0x00, 0x00,
    0x00, 0x00, 0x00, 0x00, 0x5b, 0xff, 0xff, 0x90, 0x00, 0x00, 0x00, 0x00, 0x00, 0x00, 0x00, 0x00,
    0xff, 0xff, 0x29, 0x00, 0x00, 0x00, 0x00, 0x00, 0x00, 0x00, 0x00, 0xff, 0xff, 0x24, 0x00, 0x00,
    0x00, 0x00, 0x00, 0x00, 0x00, 0x00, 0xff, 0xff, 0x24, 0x00, 0x00, 0x00, 0x00, 0x00, 0x00, 0x00,
    0x00, 0xff, 0xff, 0x24, 0x00, 0x00, 0x00, 0x00, 0x00, 0x00, 0x00, 0x00, 0xff, 0xff, 0x23, 0x00,
    0x00, 0x00, 0x00, 0x00, 0x00, 0x00, 0x00, 0xc2, 0xdd, 0x08, 0x00, 0x00, 0x00, 0x00, 0x00, 0xc8,
    0xff, 0xff, 0xff, 0xff, 0xff, 0xff, 0xff, 0xd3, 0x07, 0x00, 0x81, 0xb8, 0xb8, 0xb8, 0xb8, 0xb8,
    0xf9, 0xff, 0xf6, 0x0a, 0x00, 0x00, 0x00, 0x00, 0x00, 0x00, 0x0c, 0xdf, 0xff, 0x85, 0x00, 0x00,
    0x00, 0x00, 0x00, 0x00, 0x00, 0x98, 0xff, 0xd4, 0x07, 0x00, 0x00, 0x00, 0x00, 0x00, 0x00, 0x44,
    0xff, 0xfb, 0x33, 0x00, 0x00, 0x00, 0x00, 0x00, 0x00, 0x0e, 0xe1, 0xff, 0x83, 0x00, 0x00, 0x00,
    0x00, 0x00, 0x00, 0x00, 0x9c, 0xff, 0xd1, 0x06, 0x00, 0x00, 0x00, 0x00, 0x00, 0x00, 0x48, 0xff,
    0xfa, 0x31, 0x00, 0x00, 0x00, 0x00, 0x00, 0x00, 0x0f, 0xe3, 0xff, 0x80, 0x00, 0x00, 0x00, 0x00,
    0x00, 0x00, 0x00, 0xa0, 0xff, 0xce, 0x05, 0x00, 0x00, 0x00, 0x00, 0x00, 0x00, 0x4a, 0xff, 0xf9,
    0x2e, 0x00, 0x00, 0x00, 0x00, 0x00, 0x00, 0x00, 0xc4, 0xff, 0xff, 0xb8, 0xb8, 0xb8, 0xb8, 0xb8,
    0xb4, 0x30, 0x00, 0xa0, 0xfe, 0xff, 0xff, 0xff, 0xff, 0xff, 0xff, 0xfc, 0x52, 0x00, 0x00, 0xce,
    0xff, 0xff, 0xe9, 0x0f, 0x00, 0x00, 0xff, 0xff, 0xc2, 0xa2, 0x05, 0x00, 0x00, 0xff, 0xff, 0x24,
    0x00, 0x00, 0x00, 0x00, 0xff, 0xff, 0x24, 0x00, 0x00, 0x00, 0x00, 0xff, 0xff, 0x24, 0x00, 0x00,
    0x00, 0x00, 0xff, 0xff, 0x24, 0x00, 0x00, 0x00, 0x00, 0xff, 0xff, 0x24, 0x00, 0x00, 0x00, 0x00,
    0xff, 0xff, 0x24, 0x00, 0x00, 0x00, 0x00, 0xff, 0xff, 0x24, 0x00, 0x00, 0x00, 0x00, 0xff, 0xff,
    0x24, 0x00, 0x00, 0x00, 0x00, 0xff, 0xff, 0x24, 0x00, 0x00, 0x00, 0x00, 0xff, 0xff, 0x24, 0x00,
    0x00, 0x00, 0x00, 0xff, 0xff, 0x24, 0x00, 0x00, 0x00, 0x00, 0xff, 0xff, 0x24, 0x00, 0x00, 0x00,
    0x00, 0xff, 0xff, 0xc2, 0xa1, 0x05, 0x00, 0x00, 0xce, 0xff, 0xff, 0xea, 0x0f, 0x0e, 0xe4, 0x58,
    0x00, 0x00, 0x00, 0x00, 0x09, 0xf7, 0xbd, 0x00, 0x00, 0x00, 0x00, 0x00, 0xb6, 0xfa, 0x0f, 0x00,
    0x00, 0x00, 0x00, 0x6a, 0xff, 0x56, 0x00, 0x00, 0x00, 0x00, 0x1d, 0xff, 0xa3, 0x00, 0x00, 0x00,
    0x00, 0x00, 0xd1, 0xec, 0x03, 0x00, 0x00, 0x00, 0x00, 0x84, 0xff, 0x3c, 0x00, 0x00, 0x00, 0x00,
    0x37, 0xff, 0x88, 0x00, 0x00, 0x00, 0x00, 0x01, 0xe9, 0xd5, 0x00, 0x00, 0x00, 0x00, 0x00, 0x9e,
    0xff, 0x22, 0x00, 0x00, 0x00, 0x00, 0x51, 0xff, 0x6e, 0x00, 0x00, 0x00, 0x00, 0x0c, 0xf8, 0xba,
    0x00, 0x00, 0x00, 0x00, 0x00, 0xb8, 0xf9, 0x0d, 0x00, 0x00, 0x00, 0x00, 0x6c, 0xff, 0x52, 0x00,
    0x00, 0x00, 0x00, 0x18, 0xe7, 0x4f, 0x00, 0xd3, 0xff, 0xff, 0xe5, 0x0d, 0x00, 0x00, 0x8e, 0xb8,
    0xff, 0xff, 0x24, 0x00, 0x00, 0x00, 0x00, 0xff, 0xff, 0x24, 0x00, 0x00, 0x00, 0x00, 0xff, 0xff,
    0x24, 0x00, 0x00, 0x00, 0x00, 0xff, 0xff, 0x24, 0x00, 0x00, 0x00, 0x00, 0xff, 0xff, 0x24, 0x00,
    0x00, 0x00, 0x00, 0xff, 0xff, 0x24, 0x00, 0x00, 0x00, 0x00, 0xff, 0xff, 0x24, 0x00, 0x00, 0x00,
    0x00, 0xff, 0xff, 0x24, 0x00, 0x00, 0x00, 0x00, 0xff, 0xff, 0x24, 0x00, 0x00, 0x00, 0x00, 0xff,
    0xff, 0x24, 0x00, 0x00, 0x00, 0x00, 0xff, 0xff, 0x24, 0x00, 0x00, 0x00, 0x00, 0xff, 0xff, 0x24,
    0x00, 0x00, 0x00, 0x00, 0xff, 0xff, 0x24, 0x00, 0x00, 0x8c, 0xb8, 0xff, 0xff, 0x24, 0x00, 0x00,
    0xd5, 0xff, 0xff, 0xe5, 0x0d, 0x00, 0x00, 0x00, 0x00, 0x00, 0xde, 0xff, 0x10, 0x00, 0x00, 0x00,
    0x00, 0x00, 0x00, 0x40, 0xff, 0xff, 0x73, 0x00, 0x00, 0x00, 0x00, 0x00, 0x00, 0xa8, 0xd9, 0xa5,
    0xd9, 0x01, 0x00, 0x00, 0x00, 0x00, 0x15, 0xf9, 0x78, 0x43, 0xff, 0x42, 0x00, 0x00, 0x00, 0x00,
    0x77, 0xfc, 0x19, 0x01, 0xdf, 0xaa, 0x00, 0x00, 0x00, 0x01, 0xdc, 0xb3, 0x00, 0x00, 0x7f, 0xfa,
    0x17, 0x00, 0x00, 0x46, 0xff, 0x50, 0x00, 0x00, 0x1e, 0xfd, 0x79, 0x00, 0x00, 0xad, 0xe9, 0x05,
    0x00, 0x00, 0x00, 0xbb, 0xdf, 0x02, 0x00, 0xcf, 0x76, 0x00, 0x00, 0x00, 0x00, 0x47, 0xec, 0x12,
    0x00, 0x00, 0x00, 0x00, 0x00, 0x00, 0x00, 0x00, 0x00, 0x00, 0x00, 0x00, 0x00, 0x00, 0x00, 0x00,
    0x00, 0x00, 0x00, 0x00, 0x68, 0xb8, 0xb8, 0xb8, 0xb8, 0xb8, 0xb8, 0xaf, 0x16, 0xa0, 0xff, 0xff,
    0xff, 0xff, 0xff, 0xff, 0xf7, 0x2a, 0x00, 0x00, 0x00, 0x00, 0x00, 0x00, 0x00, 0x23, 0xe0, 0x46,
    0x00, 0x00, 0x00, 0x16, 0xf2, 0xcd, 0x00, 0x00, 0x00, 0x00, 0x6a, 0xff, 0x48, 0x00, 0x00, 0x00,
    0x01, 0xc1, 0x9b, 0x00, 0x00, 0x00, 0x00, 0x0a, 0x0d, 0x00, 0x00, 0x00, 0x00, 0x00, 0x00, 0x00,
    0x00, 0x00, 0x00, 0x00, 0x00, 0x00, 0x00, 0x00, 0x00, 0x00, 0x00, 0x00, 0x00, 0x00, 0x00, 0x00,
    0x00, 0x00, 0x00, 0x00, 0x00, 0x00, 0x00, 0x00, 0x00, 0x00, 0x00, 0x00, 0x00, 0x00, 0x00, 0x00,
    0x00, 0x00, 0x00, 0x00, 0x00, 0x00, 0x00, 0x00, 0x00, 0x00, 0x00, 0x00, 0x00, 0x00, 0x00, 0x00,
    0x00, 0x09, 0x76, 0xc2, 0xec, 0xf8, 0xd7, 0x77, 0x03, 0x00, 0x6a, 0xff, 0xf5, 0xca, 0xc4, 0xfa,
    0xff, 0x7b, 0x00, 0x11, 0x4a, 0x0a, 0x00, 0x00, 0x57, 0xff, 0xdd, 0x00, 0x00, 0x33, 0x7d, 0xa2,
    0xb0, 0xdd, 0xff, 0xfb, 0x00, 0x79, 0xff, 0xff, 0xff, 0xff, 0xff, 0xff, 0xff, 0x00, 0xec, 0xff,
    0x7d, 0x18, 0x04, 0x2e, 0xff, 0xff, 0x00, 0xef, 0xff, 0x4a, 0x00, 0x02, 0xa3, 0xff, 0xff, 0x00,
    0x8f, 0xff, 0xf8, 0xc2, 0xe4, 0xe1, 0xff, 0xff, 0x00, 0x05, 0x86, 0xe5, 0xf3, 0xb9, 0x2a, 0xdc,
    0xc4, 0x00, 0xc4, 0xdc, 0x08, 0x00, 0x00, 0x00, 0x00, 0x00, 0x00, 0x00, 0xff, 0xff, 0x23, 0x00,
    0x00, 0x00, 0x00, 0x00, 0x00, 0x00, 0xff, 0xff, 0x24, 0x00, 0x00, 0x00, 0x00, 0x00, 0x00, 0x00,
    0xff, 0xff, 0x24, 0x00, 0x00, 0x00, 0x00, 0x00, 0x00, 0x00, 0xff, 0xff, 0x45, 0xba, 0xf5, 0xdc,
    0x61, 0x00, 0x00, 0x00, 0xff, 0xff, 0xf2, 0xd8, 0xd2, 0xff, 0xff, 0x56, 0x00, 0x00, 0xff, 0xff,
    0xa6, 0x00, 0x00, 0x8c, 0xff, 0xd1, 0x00, 0x00, 0xff, 0xff, 0x3e, 0x00, 0x00, 0x1f, 0xff, 0xff,
    0x0d, 0x00, 0xff, 0xff, 0x29, 0x00, 0x00, 0x05, 0xff, 0xff, 0x1e, 0x00, 0xff, 0xff, 0x44, 0x00,
    0x00, 0x1c, 0xff, 0xff, 0x0c, 0x00, 0xff, 0xff, 0xbb, 0x02, 0x00, 0x86, 0xff, 0xcf, 0x00, 0x00,
    0xff, 0xff, 0xf0, 0xdc, 0xce, 0xff, 0xff, 0x56, 0x00, 0x00, 0xc2, 0xdc, 0x29, 0xba, 0xf5, 0xde,
    0x64, 0x00, 0x00, 0x00, 0x00, 0x27, 0xaa, 0xec, 0xf5, 0xc8, 0x5c, 0x00, 0x00, 0x1b, 0xef, 0xff,
    0xea, 0xc3, 0xf0, 0xfd, 0x0c, 0x00, 0xa1, 0xff, 0xbb, 0x09, 0x00, 0x0c, 0x33, 0x00, 0x00, 0xea,
    0xff, 0x45, 0x00, 0x00, 0x00, 0x00, 0x00, 0x00, 0xfa, 0xff, 0x2b, 0x00, 0x00, 0x00, 0x00, 0x00,
    0x00, 0xe3, 0xff, 0x4b, 0x00, 0x00, 0x00, 0x00, 0x00, 0x00, 0x9b, 0xff, 0xc2, 0x0b, 0x00, 0x0a,
    0x2b, 0x00, 0x00, 0x1b, 0xe9, 0xff, 0xea, 0xc2, 0xef, 0xf9, 0x02, 0x00, 0x00, 0x1f, 0xa4, 0xe9,
    0xf6, 0xcb, 0x58, 0x00, 0x00, 0x00, 0x00, 0x00, 0x00, 0x00, 0x00, 0xc3, 0xdc, 0x09, 0x00, 0x00,
    0x00, 0x00, 0x00, 0x00, 0x00, 0xff, 0xff, 0x23, 0x00, 0x00, 0x00, 0x00, 0x00, 0x00, 0x00, 0xff,
    0xff, 0x24, 0x00, 0x00, 0x00, 0x00, 0x00, 0x00, 0x00, 0xff, 0xff, 0x24, 0x00, 0x00, 0x47, 0xcf,
    0xf6, 0xc9, 0x36, 0xff, 0xff, 0x24, 0x00, 0x35, 0xfb, 0xff, 0xd8, 0xd2, 0xec, 0xff, 0xff, 0x24,
    0x00, 0xad, 0xff, 0xa8, 0x01, 0x00, 0x8c, 0xff, 0xff, 0x24, 0x00, 0xe9, 0xff, 0x3e, 0x00, 0x00,
    0x1f, 0xff, 0xff, 0x24, 0x00, 0xfa, 0xff, 0x29, 0x00, 0x00, 0x05, 0xff, 0xff, 0x24, 0x00, 0xe8,
    0xff, 0x44, 0x00, 0x00, 0x1c, 0xff, 0xff, 0x24, 0x00, 0xac, 0xff, 0xb0, 0x02, 0x00, 0x86, 0xff,
    0xff, 0x24, 0x00, 0x35, 0xfb, 0xff, 0xdc, 0xce, 0xe8, 0xff, 0xff, 0x23, 0x00, 0x00, 0x4a, 0xd2,
    0xf6, 0xc8, 0x33, 0xc2, 0xdc, 0x09, 0x00, 0x00, 0x17, 0x9c, 0xe7, 0xf8, 0xcd, 0x50, 0x00, 0x00,
    0x00, 0x14, 0xe2, 0xff, 0xdd, 0xcc, 0xfc, 0xfe, 0x43, 0x00, 0x00, 0x94, 0xff, 0xad, 0x02, 0x00,
    0x5e, 0xff, 0xcd, 0x00, 0x00, 0xe2, 0xff, 0xff, 0xb8, 0xb8, 0xc3, 0xff, 0xff, 0x11, 0x00, 0xf9,
    0xff, 0xff, 0xff, 0xff, 0xff, 0xff, 0xed, 0x10, 0x00, 0xe1, 0xff, 0x49, 0x00, 0x00, 0x00, 0x00,
    0x00, 0x00, 0x00, 0x92, 0xff, 0xc3, 0x0f, 0x00, 0x00, 0x25, 0x4a, 0x00, 0x00, 0x12, 0xda, 0xff,
    0xef, 0xc3, 0xd1, 0xff, 0xec, 0x00, 0x00, 0x00, 0x0f, 0x8b, 0xdc, 0xf8, 0xe5, 0xa4, 0x2d, 0x00,
    0x00, 0x00, 0x00, 0x00, 0x00, 0x15, 0x0b, 0x00, 0x00, 0x00, 0x67, 0xdc, 0xff, 0xc8, 0x00, 0x00,
    0x6e, 0xff, 0xf2, 0x94, 0x4d, 0x00, 0x00, 0xd5, 0xff, 0x59, 0x00, 0x00, 0x00, 0x00, 0xf9, 0xff,
    0x28, 0x00, 0x00, 0x74, 0xfd, 0xff, 0xff, 0xff, 0xf7, 0x45, 0x47, 0xb5, 0xff, 0xff, 0xc2, 0xaf,
    0x26, 0x00, 0x00, 0xff, 0xff, 0x24, 0x00, 0x00, 0x00, 0x00, 0xff, 0xff, 0x24, 0x00, 0x00, 0x00,
    0x00, 0xff, 0xff, 0x24, 0x00, 0x00, 0x00, 0x00, 0xff, 0xff, 0x24, 0x00, 0x00, 0x00, 0x00, 0xff,
    0xff, 0x24, 0x00, 0x00, 0x00, 0x00, 0xff, 0xff, 0x23, 0x00, 0x00, 0x00, 0x00, 0xc2, 0xdf, 0x09,
    0x00, 0x00, 0x00, 0x00, 0x4b, 0xd3, 0xf7, 0xc5, 0x2e, 0xc1, 0xde, 0x0a, 0x00, 0x2e, 0xfb, 0xff,
    0xda, 0xd2, 0xe4, 0xff, 0xff, 0x23, 0x00, 0xa6, 0xff, 0xaf, 0x01, 0x00, 0x90, 0xff, 0xff, 0x24,
    0x00, 0xdd, 0xff, 0x40, 0x00, 0x00, 0x20, 0xff, 0xff, 0x24, 0x00, 0xf9, 0xff, 0x29, 0x00, 0x00,
    0x09, 0xff, 0xff, 0x24, 0x00, 0xe9, 0xff, 0x46, 0x00, 0x00, 0x2c, 0xff, 0xff, 0x24, 0x00, 0xae,
    0xff, 0xb3, 0x03, 0x00, 0x91, 0xff, 0xff, 0x24, 0x00, 0x36, 0xfb, 0xff, 0xdd, 0xd0, 0xe3, 0xff,
    0xff, 0x23, 0x00, 0x00, 0x49, 0xd1, 0xf6, 0xc5, 0x38, 0xff, 0xff, 0x16, 0x00, 0x42, 0x32, 0x00,
    0x00, 0x00, 0x67, 0xff, 0xe2, 0x00, 0x00, 0xe1, 0xff, 0xdc, 0xbf, 0xd4, 0xff, 0xff, 0x61, 0x00,
    0x00, 0x2f, 0x9b, 0xdd, 0xf6, 0xf5, 0xc6, 0x53, 0x00, 0x00, 0x00, 0xc4, 0xdd, 0x0a, 0x00, 0x00,
    0x00, 0x00, 0x00, 0x00, 0x00, 0xff, 0xff, 0x23, 0x00, 0x00, 0x00, 0x00, 0x00, 0x00, 0x00, 0xff,
    0xff, 0x24, 0x00, 0x00, 0x00, 0x00, 0x00, 0x00, 0x00, 0xff, 0xff, 0x24, 0x00, 0x00, 0x00, 0x00,
    0x00, 0x00, 0x00, 0xff, 0xff, 0x4a, 0xb4, 0xf2, 0xf1, 0xa6, 0x0f, 0x00, 0x00, 0xff, 0xff, 0xfd,
    0xe1, 0xc4, 0xfb, 0xff, 0x98, 0x00, 0x00, 0xff, 0xff, 0xa8, 0x04, 0x00, 0x66, 0xff, 0xe5, 0x00,
    0x00, 0xff, 0xff, 0x37, 0x00, 0x00, 0x2a, 0xff, 0xfc, 0x00, 0x00, 0xff, 0xff, 0x24, 0x00, 0x00,
    0x24, 0xff, 0xff, 0x00, 0x00, 0xff, 0xff, 0x24, 0x00, 0x00, 0x24, 0xff, 0xff, 0x00, 0x00, 0xff,
    0xff, 0x24, 0x00, 0x00, 0x24, 0xff, 0xff, 0x00, 0x00, 0xff, 0xff, 0x23, 0x00, 0x00, 0x23, 0xff,
    0xff, 0x00, 0x00, 0xc4, 0xde, 0x09, 0x00, 0x00, 0x09, 0xdc, 0xc4, 0x00, 0x00, 0xc5, 0xde, 0x0a,
    0x00, 0xe0, 0xf4, 0x10, 0x00, 0x0d, 0x12, 0x00, 0x00, 0x00, 0x00, 0x00, 0x00, 0xc1, 0xda, 0x08,
    0x00, 0xff, 0xff, 0x23, 0x00, 0xff, 0xff, 0x24, 0x00, 0xff, 0xff, 0x24, 0x00, 0xff, 0xff, 0x24,
    0x00, 0xff, 0xff, 0x24, 0x00, 0xff, 0xff, 0x24, 0x00, 0xff, 0xff, 0x23, 0x00, 0xc1, 0xda, 0x08,
    0x00, 0x00, 0x00, 0xc5, 0xde, 0x0a, 0x00, 0x00, 0x00, 0xe0, 0xf4, 0x10, 0x00, 0x00, 0x00, 0x0c,
    0x12, 0x00, 0x00, 0x00, 0x00, 0x00, 0x00, 0x00, 0x00, 0x00, 0x00, 0xc4, 0xde, 0x0a, 0x00, 0x00,
    0x00, 0xff, 0xff, 0x23, 0x00, 0x00, 0x00, 0xff, 0xff, 0x24, 0x00, 0x00, 0x00, 0xff, 0xff, 0x24,
    0x00, 0x00, 0x00, 0xff, 0xff, 0x24, 0x00, 0x00, 0x00, 0xff, 0xff, 0x24, 0x00, 0x00, 0x00, 0xff,
    0xff, 0x24, 0x00, 0x00, 0x00, 0xff, 0xff, 0x24, 0x00, 0x00, 0x00, 0xff, 0xff, 0x22, 0x00, 0x00,
    0x1f, 0xff, 0xff, 0x10, 0x00, 0x73, 0xd6, 0xff, 0xc2, 0x00, 0x0a, 0xf3, 0xfd, 0xb9, 0x1f, 0x00,
    0x00, 0x0d, 0x09, 0x00, 0x00, 0x00, 0x00, 0xc4, 0xdc, 0x09, 0x00, 0x00, 0x00, 0x00, 0x00, 0x00,
    0xff, 0xff, 0x23, 0x00, 0x00, 0x00, 0x00, 0x00, 0x00, 0xff, 0xff, 0x24, 0x00, 0x00, 0x00, 0x00,
    0x00, 0x00, 0xff, 0xff, 0x24, 0x00, 0x00, 0x00, 0x00, 0x00, 0x00, 0xff, 0xff, 0x24, 0x00, 0x09,
    0xad, 0xe2, 0x0f, 0x00, 0xff, 0xff, 0x24, 0x03, 0xb1, 0xff, 0xcd, 0x06, 0x00, 0xff, 0xff, 0x24,
    0x9c, 0xff, 0xdd, 0x17, 0x00, 0x00, 0xff, 0xff, 0xa6, 0xff, 0xea, 0x24, 0x00, 0x00, 0x00, 0xff,
    0xff, 0xff, 0xff, 0xb0, 0x00, 0x00, 0x00, 0x00, 0xff, 0xff, 0x84, 0xfe, 0xff, 0x5f, 0x00, 0x00,
    0x00, 0xff, 0xff, 0x24, 0x74, 0xff, 0xfa, 0x46, 0x00, 0x00, 0xff, 0xff, 0x23, 0x00, 0x89, 0xff,
    0xf2, 0x28, 0x00, 0xc4, 0xde, 0x09, 0x00, 0x00, 0x8d, 0xed, 0x3f, 0x00, 0xc4, 0xdc, 0x09, 0x00,
    0x00, 0x00, 0xff, 0xff, 0x23, 0x00, 0x00, 0x00, 0xff, 0xff, 0x24, 0x00, 0x00, 0x00, 0xff, 0xff,
    0x24, 0x00, 0x00, 0x00, 0xff, 0xff, 0x24, 0x00, 0x00, 0x00, 0xff, 0xff, 0x24, 0x00, 0x00, 0x00,
    0xff, 0xff, 0x24, 0x00, 0x00, 0x00, 0xff, 0xff, 0x24, 0x00, 0x00, 0x00, 0xff, 0xff, 0x24, 0x00,
    0x00, 0x00, 0xfe, 0xff, 0x27, 0x00, 0x00, 0x00, 0xe4, 0xff, 0x68, 0x00, 0x00, 0x00, 0x99, 0xff,
    0xfe, 0xe2, 0x63, 0x00, 0x11, 0xa4, 0xec, 0xf2, 0x47, 0x00, 0xc2, 0xdc, 0x2e, 0xc1, 0xf6, 0xca,
    0x26, 0x3b, 0xcc, 0xf7, 0xcb, 0x2a, 0x00, 0x00, 0x00, 0xff, 0xff, 0xf5, 0xcb, 0xeb, 0xff, 0xd2,
    0xf1, 0xcb, 0xec, 0xff, 0xc6, 0x00, 0x00, 0x00, 0xff, 0xff, 0x94, 0x00, 0x30, 0xff, 0xff, 0x88,
    0x00, 0x32, 0xff, 0xfe, 0x0d, 0x00, 0x00, 0xff, 0xff, 0x33, 0x00, 0x04, 0xff, 0xff, 0x32, 0x00,
    0x04, 0xff, 0xff, 0x21, 0x00, 0x00, 0xff, 0xff, 0x24, 0x00, 0x00, 0xff, 0xff, 0x24, 0x00, 0x00,
    0xff, 0xff, 0x24, 0x00, 0x00, 0xff, 0xff, 0x24, 0x00, 0x00, 0xff, 0xff, 0x24, 0x00, 0x00, 0xff,
    0xff, 0x24, 0x00, 0x00, 0xff, 0xff, 0x24, 0x00, 0x00, 0xff, 0xff, 0x24, 0x00, 0x00, 0xff, 0xff,
    0x24, 0x00, 0x00, 0xff, 0xff, 0x23, 0x00, 0x00, 0xff, 0xff, 0x23, 0x00, 0x00, 0xff, 0xff, 0x23,
    0x00, 0x00, 0xc4, 0xde, 0x09, 0x00, 0x00, 0xc2, 0xdd, 0x09, 0x00, 0x00, 0xc5, 0xdd, 0x09, 0x00,
    0x00, 0xc2, 0xdc, 0x20, 0xa7, 0xef, 0xf2, 0xa6, 0x0f, 0x00, 0x00, 0xff, 0xff, 0xef, 0xe1, 0xc4,
    0xfb, 0xff, 0x98, 0x00, 0x00, 0xff, 0xff, 0xae, 0x04, 0x00, 0x66, 0xff, 0xe5, 0x00, 0x00, 0xff,
    0xff, 0x37, 0x00, 0x00, 0x2a, 0xff, 0xfc, 0x00, 0x00, 0xff, 0xff, 0x24, 0x00, 0x00, 0x24, 0xff,
    0xff, 0x00, 0x00, 0xff, 0xff, 0x24, 0x00, 0x00, 0x24, 0xff, 0xff, 0x00, 0x00, 0xff, 0xff, 0x24,
    0x00, 0x00, 0x24, 0xff, 0xff, 0x00, 0x00, 0xff, 0xff, 0x23, 0x00, 0x00, 0x23, 0xff, 0xff, 0x00,
    0x00, 0xc4, 0xde, 0x09, 0x00, 0x00, 0x09, 0xdc, 0xc4, 0x00, 0x00, 0x00, 0x2d, 0xb3, 0xf2, 0xf2,
    0xbb, 0x39, 0x00, 0x00, 0x00, 0x1c, 0xf2, 0xff, 0xd8, 0xd2, 0xff, 0xf9, 0x3b, 0x00, 0x00, 0x9f,
    0xff, 0xa8, 0x01, 0x00, 0x8c, 0xff, 0xc5, 0x00, 0x00, 0xe9, 0xff, 0x3e, 0x00, 0x00, 0x1f, 0xff,
    0xfe, 0x0a, 0x00, 0xfa, 0xff, 0x29, 0x00, 0x00, 0x05, 0xff, 0xff, 0x1e, 0x00, 0xe5, 0xff, 0x44,
    0x00, 0x00, 0x1c, 0xff, 0xfe, 0x0d, 0x00, 0x9f, 0xff, 0xb0, 0x02, 0x00, 0x86, 0xff, 0xc7, 0x00,
    0x00, 0x20, 0xef, 0xff, 0xdc, 0xce, 0xff, 0xfa, 0x3f, 0x00, 0x00, 0x00, 0x28, 0xb1, 0xef, 0xf6,
    0xc1, 0x3e, 0x00, 0x00, 0x00, 0xc5, 0xdc, 0x27, 0xb7, 0xf4, 0xdc, 0x61, 0x00, 0x00, 0x00, 0xff,
    0xff, 0xee, 0xd8, 0xd2, 0xff, 0xff, 0x56, 0x00, 0x00, 0xff, 0xff, 0xb4, 0x00, 0x00, 0x8c, 0xff,
    0xd1, 0x00, 0x00, 0xff, 0xff, 0x3e, 0x00, 0x00, 0x1f, 0xff, 0xff, 0x0d, 0x00, 0xff, 0xff, 0x29,
    0x00, 0x00, 0x05, 0xff, 0xff, 0x1e, 0x00, 0xff, 0xff, 0x44, 0x00, 0x00, 0x1c, 0xff, 0xff, 0x0c,
    0x00, 0xff, 0xff, 0xb0, 0x02, 0x00, 0x86, 0xff, 0xcf, 0x00, 0x00, 0xff, 0xff, 0xf0, 0xdc, 0xce,
    0xff, 0xff, 0x56, 0x00, 0x00, 0xff, 0xff, 0x43, 0xb8, 0xf5, 0xdd, 0x64, 0x00, 0x00, 0x00, 0xff,
    0xff, 0x24, 0x00, 0x00, 0x00, 0x00, 0x00, 0x00, 0x00, 0xff, 0xff, 0x23, 0x00, 0x00, 0x00, 0x00,
    0x00, 0x00, 0x00, 0xc7, 0xdf, 0x0a, 0x00, 0x00, 0x00, 0x00, 0x00, 0x00, 0x00, 0x00, 0x47, 0xd0,
    0xf6, 0xc6, 0x30, 0xc2, 0xde, 0x0a, 0x00, 0x35, 0xfb, 0xff, 0xd8, 0xd2, 0xe7, 0xff, 0xff, 0x23,
    0x00, 0xad, 0xff, 0xa8, 0x01, 0x00, 0x8c, 0xff, 0xff, 0x24, 0x00, 0xe9, 0xff, 0x3e, 0x00, 0x00,
    0x1f, 0xff, 0xff, 0x24, 0x00, 0xfa, 0xff, 0x29, 0x00, 0x00, 0x05, 0xff, 0xff, 0x24, 0x00, 0xe8,
    0xff, 0x44, 0x00, 0x00, 0x1c, 0xff, 0xff, 0x24, 0x00, 0xac, 0xff, 0xb0, 0x02, 0x00, 0x86, 0xff,
    0xff, 0x24, 0x00, 0x35, 0xfb, 0xff, 0xdc, 0xce, 0xea, 0xff, 0xff, 0x24, 0x00, 0x00, 0x4a, 0xd1,
    0xf6, 0xc8, 0x33, 0xff, 0xff, 0x24, 0x00, 0x00, 0x00, 0x00, 0x00, 0x00, 0x00, 0xff, 0xff, 0x24,
    0x00, 0x00, 0x00, 0x00, 0x00, 0x00, 0x00, 0xff, 0xff, 0x23, 0x00, 0x00, 0x00, 0x00, 0x00, 0x00,
    0x00, 0xc8, 0xde, 0x0a, 0x00, 0x00, 0x00, 0x00, 0x00, 0x06, 0x00, 0x00, 0xc2, 0xde, 0x2f, 0xbe,
    0xfc, 0x59, 0x00, 0xff, 0xff, 0xeb, 0xff, 0xdf, 0x3f, 0x00, 0xff, 0xff, 0xce, 0x1f, 0x00, 0x00,
    0x00, 0xff, 0xff, 0x40, 0x00, 0x00, 0x00, 0x00, 0xff, 0xff, 0x24, 0x00, 0x00, 0x00, 0x00, 0xff,
    0xff, 0x24, 0x00, 0x00, 0x00, 0x00, 0xff, 0xff, 0x24, 0x00, 0x00, 0x00, 0x00, 0xff, 0xff, 0x23,
    0x00, 0x00, 0x00, 0x00, 0xc2, 0xdc, 0x09, 0x00, 0x00, 0x00, 0x00, 0x04, 0x7a, 0xd6, 0xf8, 0xe6,
    0xa7, 0x2b, 0x00, 0x9c, 0xff, 0xf6, 0xc1, 0xd4, 0xff, 0xc3, 0x00, 0xf4, 0xff, 0x43, 0x00, 0x00,
    0x28, 0x2c, 0x00, 0xd2, 0xff, 0xa2, 0x33, 0x07, 0x00, 0x00, 0x00, 0x2d, 0xc2, 0xfd, 0xff, 0xf9,
    0xb8, 0x28, 0x00, 0x00, 0x00, 0x0c, 0x3d, 0xa7, 0xff, 0xd0, 0x06, 0x58, 0x14, 0x00, 0x00, 0x40,
    0xff, 0xf6, 0x2d, 0xff, 0xfa, 0xcc, 0xbf, 0xf4, 0xff, 0xa3, 0x00, 0x4f, 0xbd, 0xec, 0xf5, 0xd4,
    0x77, 0x07, 0x00, 0x08, 0xda, 0xc1, 0x00, 0x00, 0x00, 0x00, 0x23, 0xff, 0xff, 0x00, 0x00, 0x00,
    0x00, 0x24, 0xff, 0xff, 0x00, 0x00, 0x00, 0xcb, 0xff, 0xff, 0xff, 0xff, 0xff, 0xc8, 0x83, 0xc2,
    0xff, 0xff, 0xb8, 0xb8, 0x80, 0x00, 0x24, 0xff, 0xff, 0x00, 0x00, 0x00, 0x00, 0x24, 0xff, 0xff,
    0x00, 0x00, 0x00, 0x00, 0x24, 0xff, 0xff, 0x00, 0x00, 0x00, 0x00, 0x21, 0xff, 0xff, 0x03, 0x00,
    0x00, 0x00, 0x0c, 0xfd, 0xff, 0x3a, 0x00, 0x00, 0x00, 0x00, 0xb5, 0xff, 0xf3, 0xc0, 0xc0, 0x00,
    0x00, 0x13, 0xa2, 0xec, 0xf8, 0xb1, 0x00, 0xc6, 0xde, 0x0a, 0x00, 0x00, 0x0a, 0xdf, 0xc4, 0x00,
    0x00, 0xff, 0xff, 0x23, 0x00, 0x00, 0x23, 0xff, 0xff, 0x00, 0x00, 0xff, 0xff, 0x24, 0x00, 0x00,
    0x24, 0xff, 0xff, 0x00, 0x00, 0xff, 0xff, 0x24, 0x00, 0x00, 0x24, 0xff, 0xff, 0x00, 0x00, 0xff,
    0xff, 0x24, 0x00, 0x00, 0x24, 0xff, 0xff, 0x00, 0x00, 0xfc, 0xff, 0x28, 0x00, 0x00, 0x36, 0xff,
    0xff, 0x00, 0x00, 0xe3, 0xff, 0x61, 0x00, 0x03, 0xb4, 0xff, 0xff, 0x00, 0x00, 0x91, 0xff, 0xfb,
    0xc4, 0xe0, 0xf8, 0xff, 0xff, 0x00, 0x00, 0x0b, 0x9b, 0xec, 0xf5, 0xb7, 0x29, 0xdc, 0xc6, 0x00,
    0x66, 0xea, 0x42, 0x00, 0x00, 0x00, 0x2d, 0xe7, 0x68, 0x73, 0xff, 0xb7, 0x00, 0x00, 0x00, 0x9f,
    0xff, 0x71, 0x17, 0xfa, 0xfd, 0x1c, 0x00, 0x0d, 0xf4, 0xf8, 0x15, 0x00, 0xa8, 0xff, 0x7a, 0x00,
    0x67, 0xff, 0xa2, 0x00, 0x00, 0x3f, 0xff, 0xdb, 0x00, 0xcb, 0xff, 0x37, 0x00, 0x00, 0x00, 0xd5,
    0xff, 0x6d, 0xff, 0xcd, 0x00, 0x00, 0x00, 0x00, 0x6c, 0xff, 0xff, 0xff, 0x62, 0x00, 0x00, 0x00,
    0x00, 0x0e, 0xf4, 0xff, 0xee, 0x09, 0x00, 0x00, 0x00, 0x00, 0x00, 0x6d, 0xeb, 0x63, 0x00, 0x00,
    0x00, 0x4a, 0xeb, 0x52, 0x00, 0x00, 0x00, 0x74, 0xe6, 0x24, 0x00, 0x00, 0x00, 0xaa, 0xc9, 0x00,
    0x57, 0xff, 0xc1, 0x00, 0x00, 0x03, 0xed, 0xff, 0x8a, 0x00, 0x00, 0x22, 0xff, 0xd7, 0x00, 0x0b,
    0xf3, 0xfe, 0x1c, 0x00, 0x45, 0xff, 0xff, 0xe0, 0x01, 0x00, 0x7b, 0xff, 0x7e, 0x00, 0x00, 0x9f,
    0xff, 0x73, 0x00, 0x9e, 0xff, 0xd6, 0xff, 0x3a, 0x00, 0xd4, 0xfe, 0x21, 0x00, 0x00, 0x3f, 0xff,
    0xcc, 0x07, 0xf0, 0xcd, 0x52, 0xff, 0x92, 0x2d, 0xff, 0xc0, 0x00, 0x00, 0x00, 0x01, 0xde, 0xff,
    0x77, 0xff, 0x73, 0x06, 0xee, 0xe7, 0x89, 0xff, 0x61, 0x00, 0x00, 0x00, 0x00, 0x80, 0xff, 0xff,
    0xfd, 0x1b, 0x00, 0x9a, 0xff, 0xff, 0xf5, 0x0c, 0x00, 0x00, 0x00, 0x00, 0x21, 0xfe, 0xff, 0xbe,
    0x00, 0x00, 0x3e, 0xff, 0xff, 0xa2, 0x00, 0x00, 0x00, 0x00, 0x00, 0x00, 0x90, 0xe9, 0x3f, 0x00,
    0x00, 0x01, 0xaa, 0xe3, 0x29, 0x00, 0x00, 0x00, 0x00, 0xcb, 0xda, 0x2d, 0x00, 0x00, 0x1d, 0xd0,
    0xc8, 0x00, 0xac, 0xff, 0xe0, 0x15, 0x07, 0xcb, 0xff, 0xb5, 0x00, 0x0b, 0xce, 0xff, 0xc3, 0xa4,
    0xff, 0xdc, 0x12, 0x00, 0x00, 0x1a, 0xe3, 0xff, 0xff, 0xf2, 0x2a, 0x00, 0x00, 0x00, 0x00, 0x7b,
    0xff, 0xff, 0xbc, 0x00, 0x00, 0x00, 0x00, 0x29, 0xf1, 0xff, 0xff, 0xfa, 0x3a, 0x00, 0x00, 0x11,
    0xda, 0xff, 0xa6, 0x81, 0xff, 0xe4, 0x15, 0x00, 0xb3, 0xff, 0xd1, 0x0a, 0x02, 0xb9, 0xff, 0xb7,
    0x00, 0xcf, 0xd3, 0x21, 0x00, 0x00, 0x13, 0xcc, 0xcd, 0x68, 0xec, 0x44, 0x00, 0x00, 0x00, 0x32,
    0xe9, 0x6a, 0x74, 0xff, 0xb9, 0x00, 0x00, 0x00, 0xa5, 0xff, 0x6e, 0x16, 0xf9, 0xfd, 0x1f, 0x00,
    0x12, 0xf7, 0xf6, 0x12, 0x00, 0xa4, 0xff, 0x81, 0x00, 0x70, 0xff, 0x9c, 0x00, 0x00, 0x39, 0xff,
    0xe2, 0x02, 0xd4, 0xff, 0x30, 0x00, 0x00, 0x00, 0xcd, 0xff, 0x82, 0xff, 0xc3, 0x00, 0x00, 0x00,
    0x00, 0x62, 0xff, 0xff, 0xff, 0x56, 0x00, 0x00, 0x00, 0x00, 0x09, 0xed, 0xff, 0xe5, 0x04, 0x00,
    0x00, 0x00, 0x00, 0x00, 0xcd, 0xff, 0x7d, 0x00, 0x00, 0x00, 0x00, 0x00, 0x1d, 0xfb, 0xf9, 0x17,
    0x00, 0x00, 0x00, 0x00, 0x00, 0x82, 0xff, 0xa4, 0x00, 0x00, 0x00, 0x00, 0x00, 0x00, 0x7e, 0xe8,
    0x2c, 0x00, 0x00, 0x00, 0x00, 0x00, 0xd2, 0xff, 0xff, 0xff, 0xff, 0xfe, 0x93, 0x00, 0x8a, 0xb8,
    0xb8, 0xb8, 0xff, 0xff, 0x97, 0x00, 0x00, 0x00, 0x00, 0x34, 0xf9, 0xe0, 0x11, 0x00, 0x00, 0x00,
    0x0e, 0xdc, 0xfb, 0x39, 0x00, 0x00, 0x00, 0x00, 0xa7, 0xff, 0x77, 0x00, 0x00, 0x00, 0x00, 0x64,
    0xff, 0xb9, 0x01, 0x00, 0x00, 0x00, 0x2a, 0xf5, 0xe7, 0x17, 0x00, 0x00, 0x00, 0x00, 0xc4, 0xff,
    0xfc, 0xb8, 0xb8, 0xb8, 0x8b, 0x00, 0xc7, 0xff, 0xff, 0xff, 0xff, 0xff, 0xce, 0x00, 0x00, 0x00,
    0x4f, 0xe5, 0xff, 0xe2, 0x0c, 0x00, 0x00, 0x00, 0xe0, 0xff, 0xda, 0xa3, 0x05, 0x00, 0x00, 0x00,
    0xff, 0xff, 0x2d, 0x00, 0x00, 0x00, 0x00, 0x00, 0xff, 0xff, 0x24, 0x00, 0x00, 0x00, 0x00, 0x00,
    0xff, 0xff, 0x24, 0x00, 0x00, 0x00, 0x00, 0x00, 0xff, 0xff, 0x24, 0x00, 0x00, 0x00, 0x00, 0x1e,
    0xff, 0xfd, 0x0d, 0x00, 0x00, 0x00, 0x8b, 0xe5, 0xff, 0x9c, 0x00, 0x00, 0x00, 0x00, 0xd0, 0xff,
    0xff, 0x61, 0x00, 0x00, 0x00, 0x00, 0x01, 0x47, 0xff, 0xf6, 0x06, 0x00, 0x00, 0x00, 0x00, 0x02,
    0xff, 0xff, 0x23, 0x00, 0x00, 0x00, 0x00, 0x00, 0xff, 0xff, 0x24, 0x00, 0x00, 0x00, 0x00, 0x00,
    0xff, 0xff, 0x24, 0x00, 0x00, 0x00, 0x00, 0x00, 0xff, 0xff, 0x2b, 0x00, 0x00, 0x00, 0x00, 0x00,
    0xe0, 0xff, 0xd7, 0x8e, 0x00, 0x00, 0x00, 0x00, 0x54, 0xe3, 0xff, 0xcb, 0x00, 0x00, 0xc6, 0xde,
    0x0a, 0x00, 0x00, 0xff, 0xff, 0x23, 0x00, 0x00, 0xff, 0xff, 0x24, 0x00, 0x00, 0xff, 0xff, 0x24,
    0x00, 0x00, 0xff, 0xff, 0x24, 0x00, 0x00, 0xff, 0xff, 0x24, 0x00, 0x00, 0xff, 0xff, 0x24, 0x00,
    0x00, 0xff, 0xff, 0x24, 0x00, 0x00, 0xff, 0xff, 0x24, 0x00, 0x00, 0xff, 0xff, 0x24, 0x00, 0x00,
    0xff, 0xff, 0x24, 0x00, 0x00, 0xff, 0xff, 0x24, 0x00, 0x00, 0xff, 0xff, 0x24, 0x00, 0x00, 0xff,
    0xff, 0x24, 0x00, 0x00, 0xff, 0xff, 0x23, 0x00, 0x00, 0xc6, 0xe0, 0x0a, 0x00, 0x00, 0xc7, 0xff,
    0xf0, 0x65, 0x00, 0x00, 0x00, 0x8c, 0xd1, 0xff, 0xf7, 0x04, 0x00, 0x00, 0x00, 0x0a, 0xff, 0xff,
    0x22, 0x00, 0x00, 0x00, 0x00, 0xff, 0xff, 0x24, 0x00, 0x00, 0x00, 0x00, 0xff, 0xff, 0x24, 0x00,
    0x00, 0x00, 0x00, 0xff, 0xff, 0x24, 0x00, 0x00, 0x00, 0x00, 0xe9, 0xff, 0x3f, 0x00, 0x00, 0x00,
    0x00, 0x7a, 0xff, 0xeb, 0x93, 0x00, 0x00, 0x00, 0x48, 0xf7, 0xff, 0xd4, 0x00, 0x00, 0x00, 0xdc,
    0xff, 0x64, 0x01, 0x00, 0x00, 0x00, 0xff, 0xff, 0x25, 0x00, 0x00, 0x00, 0x00, 0xff, 0xff, 0x24,
    0x00, 0x00, 0x00, 0x00, 0xff, 0xff, 0x24, 0x00, 0x00, 0x00, 0x09, 0xff, 0xff, 0x23, 0x00, 0x00,
    0x90, 0xd0, 0xff, 0xfb, 0x0b, 0x00, 0x00, 0xcf, 0xff, 0xed, 0x6e, 0x00, 0x00, 0x00, 0x23, 0xcd,
    0xf1, 0xad, 0x38, 0x00, 0x13, 0x93, 0x06, 0x00, 0xbf, 0xf0, 0xc7, 0xfb, 0xff, 0xce, 0xe4, 0xee,
    0x0c, 0x00, 0x7b, 0x2f, 0x00, 0x1d, 0x94, 0xeb, 0xe0, 0x43, 0x00, 0x00, 0x00, 0x00, 0x00, 0x00,
    0x00, 0x00, 0x00, 0x00, 0x00, 0x00, 0x00, 0x00, 0x00, 0x00, 0x00, 0x00, 0x00, 0x00, 0x00, 0x00,
    0x00, 0x00, 0x00, 0x00, 0x00, 0x00, 0x00, 0x00, 0x00, 0x00, 0x00, 0x00, 0x00, 0x00, 0x00, 0x00,
    0x00, 0x00, 0x00, 0x00, 0x00, 0x03, 0x0f, 0x00, 0x00, 0x00, 0x9c, 0xe9, 0x00, 0x00, 0x38, 0xfe,
    0xbe, 0x00, 0x00, 0xc2, 0xff, 0x4c, 0x00, 0x00, 0xe6, 0xff, 0x22, 0x00, 0x00, 0x73, 0xff, 0x8f,
    0x00, 0x00, 0x04, 0xd5, 0xf0, 0x00, 0x00, 0x00, 0x2c, 0x6e, 0x00, 0x00, 0x00, 0x00, 0x00, 0x00,
    0x00, 0x0f, 0x04, 0x00, 0x00, 0x00, 0xe7, 0xa3, 0x00, 0x00, 0x00, 0xbe, 0xff, 0x3a, 0x00, 0x00,
    0x4a, 0xff, 0xc2, 0x00, 0x00, 0x1f, 0xff, 0xe6, 0x00, 0x00, 0x8e, 0xff, 0x73, 0x00, 0x00, 0xf0,
    0xd7, 0x05, 0x00, 0x00, 0x67, 0x2e, 0x00, 0x00, 0x00, 0x00, 0x00, 0x00, 0x00, 0x00, 0x88, 0xa8,
    0x01, 0x00, 0xf7, 0xff, 0x1b, 0x00, 0xaf, 0xd1, 0x04, 0x00, 0x00, 0x00, 0x00, 0x00, 0x00, 0x00,
    0x00, 0x00, 0x00, 0x00, 0x00, 0x00, 0x00, 0x00, 0x00, 0x00, 0x00, 0x00, 0x00, 0x00, 0x38, 0xba,
    0x00, 0x00, 0xb3, 0x74, 0x00, 0x00, 0xf0, 0xb8, 0x01, 0x00, 0xf8, 0xff, 0x1b, 0x00, 0xa5, 0xcf,
    0x04, 0x00, 0x00, 0x00, 0x00, 0x00, 0x00, 0x00, 0x00, 0x00, 0x00, 0x00, 0x00, 0x00, 0x00, 0x00,
    0x00, 0x00, 0x00, 0x00, 0x00, 0x00, 0x00, 0x00, 0x00, 0x00, 0x00, 0x00, 0x00, 0x00, 0x00, 0x00,
    0x00, 0x00, 0xb2, 0xc7, 0x01, 0x00, 0xf7, 0xff, 0x1c, 0x00, 0x8d, 0xff, 0x14, 0x00, 0x54, 0xd7,
    0x00, 0x00, 0x99, 0x58, 0x00, 0x00, 0x00, 0x00, 0x00, 0x00, 0x00, 0x00, 0x00, 0x00, 0x00, 0x00,
    0x00, 0x00, 0x00, 0x00, 0x00, 0x00, 0x00, 0x00, 0x00, 0x00, 0x00, 0x00, 0x00, 0x00, 0x00, 0x00,
    0x00, 0x00, 0x00, 0x00, 0x00, 0x00, 0x00, 0x00, 0x00, 0x00, 0x00, 0x00, 0x00, 0x00, 0x38, 0xba,
    0x00, 0x00, 0x58, 0x9a, 0x00, 0x00, 0xb3, 0x74, 0x00, 0x00, 0xd7, 0x50, 0x00, 0x00, 0xf0, 0xb8,
    0x01, 0x14, 0xff, 0x89, 0x00, 0x00, 0xf8, 0xff, 0x1b, 0x1c, 0xff, 0xf7, 0x00, 0x00, 0xa5, 0xcf,
    0x04, 0x01, 0xc8, 0xaf, 0x00, 0x00, 0x00, 0x00, 0x00, 0x00, 0x00, 0x00, 0x00, 0x00, 0x00, 0x00,
    0x00, 0x00, 0x00, 0x00, 0x00, 0x00, 0x00, 0x00, 0x00, 0x00, 0x00, 0x00, 0x00, 0x00, 0x00, 0x00,
    0x00, 0x00, 0x00, 0x00, 0x00, 0x00, 0x00, 0x00, 0x00, 0x00, 0x00, 0x00, 0x00, 0x00, 0x00, 0x00,
    0x00, 0x00, 0x00, 0x00, 0x00, 0x00, 0x00, 0x00, 0x00, 0x00, 0x00, 0x00, 0x00, 0x00, 0x00, 0x00,
    0x00, 0x00, 0x00, 0x00, 0x00, 0x00, 0xb2, 0xc7, 0x01, 0x04, 0xd1, 0xa4, 0x00, 0x00, 0xf7, 0xff,
    0x1c, 0x1c, 0xff, 0xf8, 0x00, 0x00, 0x8d, 0xff, 0x14, 0x01, 0xbe, 0xef, 0x00, 0x00, 0x54, 0xd7,
    0x00, 0x00, 0x78, 0xb3, 0x00, 0x00, 0x99, 0x58, 0x00, 0x00, 0xb9, 0x3a, 0x00, 0x00, 0x00, 0x00,
    0x00, 0x00, 0x00, 0x00, 0x00, 0x00, 0x00, 0x00, 0x00, 0x00, 0x00, 0x00, 0x00, 0x00, 0x00, 0x00,
    0x00, 0x00, 0x00, 0x00, 0x00, 0x00, 0x00, 0x00, 0x00, 0x00, 0x00, 0x00, 0x00, 0x00, 0x00, 0x00,
    0x00, 0x00, 0x00, 0x00, 0x00, 0x00, 0x00, 0x00, 0x00, 0x00, 0x00, 0x00, 0x00, 0x00, 0x00, 0x00,
    0x00, 0x00, 0x00, 0x00, 0x00, 0x00, 0x00, 0x00, 0x00, 0x00, 0x00, 0x00, 0x00, 0x04, 0xa5, 0xb8,
    0xb8, 0xb8, 0xb8, 0xb8, 0xb8, 0xb7, 0x4e, 0x0c, 0xec, 0xff, 0xff, 0xff, 0xff, 0xff, 0xff, 0xff,
    0x78, 0x00, 0x00, 0x00, 0x00, 0x00, 0x00, 0x00, 0x00, 0x00, 0x00, 0x00, 0x00, 0x00, 0x00, 0x00,
    0x00, 0x00, 0x00, 0x00, 0x00, 0x00, 0x00, 0x00, 0x00, 0x00, 0x00, 0x00, 0x00, 0x00, 0x00, 0x00,
    0x00, 0x00, 0x00, 0x00, 0x00, 0x00, 0x00, 0x00, 0x00, 0x04, 0xa5, 0xb8, 0xb8, 0xb8, 0xb8, 0xb8,
    0xb8, 0xb8, 0xb8, 0xb8, 0xb8, 0xb8, 0xb8, 0xb8, 0xb8, 0xb8, 0xa5, 0x04, 0x0c, 0xec, 0xff, 0xff,
    0xff, 0xff, 0xff, 0xff, 0xff, 0xff, 0xff, 0xff, 0xff, 0xff, 0xff, 0xff, 0xff, 0xec, 0x0c, 0x00,
    0x00, 0x00, 0x00, 0x00, 0x00, 0x00, 0x00, 0x00, 0x00, 0x00, 0x00, 0x00, 0x00, 0x00, 0x00, 0x00,
    0x00, 0x00, 0x00, 0x00, 0x00, 0x00, 0x00, 0x00, 0x00, 0x00, 0x00, 0x00, 0x00, 0x00, 0x00, 0x00,
    0x00, 0x00, 0x00, 0x00, 0x00, 0x00, 0x00, 0x00, 0x00, 0x00, 0x00, 0x00, 0x00, 0x00, 0x00, 0x00,
    0x00, 0x00, 0x00, 0x00, 0x00, 0x00, 0x00, 0x00, 0x00, 0x00, 0x00, 0x00, 0x00, 0x00, 0x00, 0x00,
    0x00, 0x00, 0x00, 0x00, 0x00, 0x00, 0x00, 0x00, 0x00, 0x00, 0x00, 0x00, 0x8a, 0xa9, 0x01, 0x00,
    0x01, 0xa6, 0x8d, 0x00, 0x00, 0x0b, 0xba, 0x6f, 0x00, 0xf7, 0xff, 0x1b, 0x00, 0x1b, 0xff, 0xf7,
    0x00, 0x00, 0x3f, 0xff, 0xd3, 0x00, 0xad, 0xd0, 0x03, 0x00, 0x03, 0xcd, 0xb0, 0x00, 0x00, 0x12,
    0xe1, 0x8d, 0x00, 0xaf, 0xd1, 0x04, 0x00, 0xf7, 0xff, 0x1b, 0x00, 0x88, 0xa8, 0x00, 0x00, 0x00,
    0x00, 0x00, 0x00, 0x9b, 0x83, 0x00, 0x00, 0xd0, 0xb6, 0x00, 0x00, 0xe6, 0xcb, 0x00, 0x01, 0xfa,
    0xdf, 0x00, 0x12, 0xff, 0xf4, 0x00, 0x28, 0xff, 0xff, 0x08, 0x3a, 0xff, 0xff, 0x1a, 0x15, 0xdf,
    0xd3, 0x06, 0x00, 0x00, 0x00, 0x00, 0x4a, 0x59, 0x00, 0x00, 0x00, 0x00, 0x00, 0x00, 0x00, 0x00,
    0xf9, 0xff, 0x1c, 0x00, 0x00, 0x00, 0x00, 0x00, 0x00, 0x00, 0xff, 0xff, 0x24, 0x00, 0x00, 0x00,
    0x00, 0x00, 0x17, 0xa3, 0xff, 0xff, 0xea, 0x87, 0x0c, 0x00, 0x00, 0x16, 0xdd, 0xff, 0xf2, 0xc4,
    0xe0, 0xff, 0x61, 0x00, 0x00, 0x8f, 0xff, 0xce, 0x15, 0x00, 0x01, 0x37, 0x08, 0x00, 0x00, 0xdb,
    0xff, 0x50, 0x00, 0x00, 0x00, 0x00, 0x00, 0x00, 0x00, 0xf8, 0xff, 0x2d, 0x00, 0x00, 0x00, 0x00,
    0x00, 0x00, 0x00, 0xe4, 0xff, 0x52, 0x00, 0x00, 0x00, 0x00, 0x00, 0x00, 0x00, 0x9a, 0xff, 0xd0,
    0x14, 0x00, 0x01, 0x3d, 0x08, 0x00, 0x00, 0x1c, 0xe7, 0xff, 0xf1, 0xc3, 0xe1, 0xff, 0x57, 0x00,
    0x00, 0x00, 0x20, 0xa7, 0xff, 0xff, 0xe6, 0x80, 0x07, 0x00, 0x00, 0x00, 0x00, 0x00, 0xff, 0xff,
    0x24, 0x00, 0x00, 0x00, 0x00, 0x00, 0x00, 0x00, 0xc3, 0xd7, 0x0d, 0x00, 0x00, 0x00, 0x00, 0x00,
    0x00, 0x00, 0x5d, 0xce, 0xf6, 0xf0, 0xbc, 0x56, 0x00, 0x00, 0x00, 0x00, 0x66, 0xff, 0xfe, 0xca,
    0xcd, 0xfb, 0xff, 0x51, 0x00, 0x00, 0x00, 0xe0, 0xff, 0x64, 0x00, 0x00, 0x24, 0x8c, 0x23, 0x00,
    0x00, 0x16, 0xff, 0xff, 0x0d, 0x00, 0x00, 0x00, 0x00, 0x00, 0x00, 0x00, 0x23, 0xff, 0xff, 0x00,
    0x00, 0x00, 0x00, 0x00, 0x00, 0x00, 0x00, 0x24, 0xff, 0xff, 0x00, 0x00, 0x00, 0x00, 0x00, 0x00,
    0x00, 0xce, 0xff, 0xff, 0xff, 0xff, 0xff, 0xcd, 0x00, 0x00, 0x00, 0x00, 0x84, 0xd0, 0xff, 0xff,
    0xb8, 0xb8, 0x84, 0x00, 0x00, 0x00, 0x00, 0x00, 0x24, 0xff, 0xff, 0x00, 0x00, 0x00, 0x00, 0x00,
    0x00, 0x00, 0x00, 0x24, 0xff, 0xff, 0x00, 0x00, 0x00, 0x00, 0x00, 0x00, 0x00, 0x00, 0x24, 0xff,
    0xff, 0x00, 0x00, 0x00, 0x00, 0x00, 0x00, 0x00, 0x7f, 0xcc, 0xff, 0xff, 0xb8, 0xb8, 0xb8, 0xb8,
    0x83, 0x00, 0x00, 0xcb, 0xff, 0xff, 0xff, 0xff, 0xff, 0xff, 0xff, 0xca, 0x00, 0x09, 0xe4, 0x81,
    0x74, 0xe2, 0xe8, 0x8c, 0x71, 0xe9, 0x30, 0x00, 0x52, 0xff, 0xff, 0xe0, 0xd5, 0xff, 0xff, 0x86,
    0x00, 0x00, 0x76, 0xff, 0xcc, 0x06, 0x01, 0xaf, 0xff, 0x99, 0x00, 0x00, 0xd5, 0xff, 0x52, 0x00,
    0x00, 0x28, 0xff, 0xf6, 0x02, 0x00, 0xf5, 0xff, 0x2f, 0x00, 0x00, 0x06, 0xff, 0xff, 0x1b, 0x00,
    0xd6, 0xff, 0x51, 0x00, 0x00, 0x27, 0xff, 0xf8, 0x08, 0x00, 0x78, 0xff, 0xc9, 0x05, 0x00, 0xac,
    0xff, 0x97, 0x00, 0x00, 0x53, 0xff, 0xff, 0xde, 0xd4, 0xff, 0xff, 0x76, 0x00, 0x09, 0xe7, 0x84,
    0x7a, 0xe3, 0xea, 0x90, 0x69, 0xe6, 0x28, 0x58, 0xeb, 0x48, 0x00, 0x00, 0x00, 0x00, 0x2e, 0xe6,
    0x80, 0x50, 0xff, 0xe8, 0x11, 0x00, 0x00, 0x04, 0xd1, 0xff, 0x7a, 0x00, 0xaf, 0xff, 0x9e, 0x00,
    0x00, 0x7b, 0xff, 0xcf, 0x05, 0x00, 0x17, 0xec, 0xff, 0x43, 0x27, 0xf8, 0xf9, 0x2e, 0x00, 0x00,
    0x00, 0x57, 0xff, 0xde, 0xcc, 0xff, 0x7a, 0x00, 0x00, 0x00, 0x6b, 0x94, 0xfe, 0xff, 0xff, 0xff,
    0x97, 0x6b, 0x00, 0x00, 0xd4, 0xff, 0xff, 0xff, 0xff, 0xff, 0xff, 0xd3, 0x00, 0x00, 0x00, 0x00,
    0x00, 0xff, 0xff, 0x24, 0x00, 0x00, 0x00, 0x00, 0x8b, 0xb8, 0xb8, 0xff, 0xff, 0xc2, 0xb8, 0x8a,
    0x00, 0x00, 0xd1, 0xff, 0xff, 0xff, 0xff, 0xff, 0xff, 0xd1, 0x00, 0x00, 0x00, 0x00, 0x00, 0xff,
    0xff, 0x24, 0x00, 0x00, 0x00, 0x00, 0x00, 0x00, 0x00, 0xff, 0xff, 0x23, 0x00, 0x00, 0x00, 0x00,
    0x00, 0x00, 0x00, 0xc1, 0xdd, 0x08, 0x00, 0x00, 0x00, 0x00, 0xc9, 0xe0, 0x0a, 0x00, 0x00, 0xff,
    0xff, 0x23, 0x00, 0x00, 0xff, 0xff, 0x24, 0x00, 0x00, 0xff, 0xff, 0x24, 0x00, 0x00, 0xff, 0xff,
    0x23, 0x00, 0x00, 0xc8, 0xe1, 0x0b, 0x00, 0x00, 0x00, 0x00, 0x00, 0x00, 0x00, 0x00, 0x00, 0x00,
    0x00, 0x00, 0x00, 0x00, 0x00, 0x00, 0x00, 0x00, 0x00, 0x00, 0x00, 0x00, 0xc6, 0xde, 0x0a, 0x00,
    0x00, 0xff, 0xff, 0x23, 0x00, 0x00, 0xff, 0xff, 0x24, 0x00, 0x00, 0xff, 0xff, 0x24, 0x00, 0x00,
    0xff, 0xff, 0x23, 0x00, 0x00, 0xc9, 0xe1, 0x0b, 0x00, 0x00, 0x00, 0x01, 0x68, 0xce, 0xf6, 0xeb,
    0xc1, 0x5f, 0x00, 0x00, 0x00, 0x89, 0xff, 0xfa, 0xc8, 0xce, 0xf9, 0xff, 0x38, 0x00, 0x09, 0xf9,
    0xff, 0x49, 0x00, 0x00, 0x14, 0x5a, 0x06, 0x00, 0x17, 0xff, 0xff, 0x12, 0x00, 0x00, 0x00, 0x00,
    0x00, 0x00, 0x00, 0xf2, 0xff, 0xb6, 0x21, 0x00, 0x00, 0x00, 0x00, 0x00, 0x5a, 0xff, 0xff, 0xff,
    0xfc, 0xab, 0x39, 0x00, 0x00, 0x00, 0xde, 0xff, 0x41, 0x7b, 0xec, 0xff, 0xff, 0xaf, 0x0e, 0x00,
    0xf0, 0xff, 0x57, 0x00, 0x0b, 0x74, 0xf3, 0xff, 0xa8, 0x00, 0xac, 0xff, 0xf4, 0x75, 0x0a, 0x00,
    0x56, 0xff, 0xee, 0x00, 0x11, 0xb3, 0xff, 0xff, 0xeb, 0x78, 0x41, 0xff, 0xdd, 0x00, 0x00, 0x00,
    0x3d, 0xb4, 0xfe, 0xff, 0xff, 0xff, 0x56, 0x00, 0x00, 0x00, 0x00, 0x00, 0x2c, 0xca, 0xff, 0xd5,
    0x00, 0x00, 0x00, 0x00, 0x00, 0x00, 0x00, 0x36, 0xff, 0xf3, 0x00, 0x00, 0x18, 0x50, 0x08, 0x00,
    0x00, 0x71, 0xff, 0xde, 0x00, 0x00, 0x77, 0xff, 0xf1, 0xc7, 0xcf, 0xff, 0xff, 0x64, 0x00, 0x00,
    0x0c, 0x7c, 0xd3, 0xf2, 0xf4, 0xc3, 0x51, 0x00, 0x00, 0x00, 0x00, 0x81, 0x94, 0x06, 0x80, 0x95,
    0x06, 0x00, 0x00, 0x00, 0xca, 0xde, 0x0f, 0xc9, 0xe0, 0x0f, 0x00, 0x00, 0x00, 0x00, 0x00, 0x00,
    0x00, 0x00, 0x00, 0x00, 0x00, 0x00, 0x00, 0x00, 0x00, 0x00, 0x00, 0x00, 0x00, 0x00, 0x00, 0x00,
    0x00, 0x00, 0x00, 0x00, 0x00, 0x00, 0x00, 0x00, 0x00, 0x00, 0x00, 0x00, 0x00, 0x00, 0x00, 0x00,
    0x00, 0x00, 0x00, 0x00, 0x00, 0x00, 0x00, 0x00, 0x00, 0x00, 0x00, 0x00, 0x00, 0x00, 0x00, 0x00,
    0x00, 0x00, 0x00, 0x00, 0x00, 0x00, 0x00, 0x00, 0x00, 0x00, 0x00, 0x00, 0x00, 0x00, 0x00, 0x00,
    0x00, 0x00, 0x00, 0x00, 0x00, 0x00, 0x00, 0x00, 0x00, 0x00, 0x00, 0x00, 0x00, 0x00, 0x00, 0x00,
    0x00, 0x00, 0x00, 0x00, 0x00, 0x00, 0x00, 0x00, 0x00, 0x00, 0x00, 0x00, 0x00, 0x00, 0x00, 0x00,
    0x00, 0x03, 0x67, 0xc6, 0xf2, 0xf2, 0xc7, 0x67, 0x04, 0x00, 0x00, 0x00, 0x00, 0x00, 0x13, 0xc5,
    0xb7, 0x41, 0x0c, 0x0d, 0x42, 0xb6, 0xc6, 0x13, 0x00, 0x00, 0x00, 0x02, 0xbf, 0x89, 0x00, 0x12,
    0x7a, 0xaf, 0x9f, 0x49, 0x89, 0xbe, 0x02, 0x00, 0x00, 0x56, 0xc6, 0x01, 0x23, 0xe3, 0xff, 0xff,
    0xff, 0xff, 0x3c, 0xc7, 0x56, 0x00, 0x00, 0xb5, 0x55, 0x00, 0xba, 0xff, 0xb9, 0x1c, 0x17, 0x67,
    0x12, 0x55, 0xb4, 0x00, 0x00, 0xea, 0x17, 0x0c, 0xfd, 0xff, 0x28, 0x00, 0x00, 0x00, 0x00, 0x18,
    0xe9, 0x00, 0x00, 0xfa, 0x05, 0x1f, 0xff, 0xff, 0x08, 0x00, 0x00, 0x00, 0x00, 0x05, 0xfa, 0x00,
    0x00, 0xe9, 0x18, 0x0a, 0xfc, 0xff, 0x2b, 0x00, 0x00, 0x00, 0x00, 0x18, 0xe8, 0x00, 0x00, 0xb3,
    0x56, 0x00, 0xb5, 0xff, 0xbb, 0x1c, 0x14, 0x61, 0x0d, 0x57, 0xb2, 0x00, 0x00, 0x53, 0xc8, 0x02,
    0x20, 0xe2, 0xff, 0xff, 0xff, 0xff, 0x38, 0xc8, 0x52, 0x00, 0x00, 0x01, 0xbb, 0x89, 0x00, 0x11,
    0x79, 0xaf, 0x9e, 0x45, 0x89, 0xbb, 0x01, 0x00, 0x00, 0x00, 0x12, 0xc3, 0xb4, 0x3f, 0x0c, 0x0c,
    0x3e, 0xb4, 0xc4, 0x12, 0x00, 0x00, 0x00, 0x00, 0x00, 0x03, 0x67, 0xc7, 0xf3, 0xf3, 0xc7, 0x67,
    0x03, 0x00, 0x00, 0x00, 0x00, 0x70, 0xe4, 0xf4, 0xca, 0x45, 0x00, 0x65, 0x63, 0x5a, 0xe5, 0xe6,
    0x00, 0x75, 0xea, 0xff, 0xff, 0xff, 0x00, 0xf2, 0xdb, 0x5f, 0xfb, 0xff, 0x00, 0xa1, 0xff, 0xef,
    0xa3, 0xf7, 0x00, 0x00, 0x2c, 0x15, 0x06, 0x21, 0x00, 0x00, 0x00, 0x00, 0x00, 0x00, 0x00, 0x00,
    0x00, 0x00, 0x00, 0x00, 0x00, 0x00, 0x00, 0x00, 0x00, 0x00, 0x00, 0x00, 0x00, 0x00, 0x00, 0x00,
    0x00, 0x00, 0x00, 0x00, 0x00, 0x00, 0x00, 0x00, 0x00, 0x00, 0x00, 0x00, 0x00, 0x00, 0x03, 0x0f,
    0x00, 0x00, 0x11, 0x01, 0x00, 0x00, 0x9c, 0xe9, 0x00, 0x27, 0xf5, 0x6a, 0x00, 0x38, 0xfe, 0xbe,
    0x00, 0xb7, 0xff, 0x3e, 0x00, 0xc2, 0xff, 0x4c, 0x42, 0xff, 0xcc, 0x00, 0x00, 0xe6, 0xff, 0x22,
    0x66, 0xff, 0xa2, 0x00, 0x00, 0x73, 0xff, 0x8f, 0x0d, 0xe5, 0xf8, 0x16, 0x00, 0x04, 0xd5, 0xf0,
    0x00, 0x5b, 0xff, 0x70, 0x00, 0x00, 0x2c, 0x6e, 0x00, 0x00, 0x6e, 0x2a, 0x00, 0x00, 0x00, 0x00,
    0x00, 0x00, 0x00, 0x00, 0x00, 0x74, 0xb8, 0xb8, 0xb8, 0xb8, 0xb8, 0xb8, 0xb8, 0x93, 0x05, 0x00,
    0xb3, 0xff, 0xff, 0xff, 0xff, 0xff, 0xff, 0xff, 0xff, 0x23, 0x00, 0x00, 0x00, 0x00, 0x00, 0x00,
    0x00, 0x00, 0xff, 0xff, 0x24, 0x00, 0x00, 0x00, 0x00, 0x00, 0x00, 0x00, 0x00, 0xff, 0xff, 0x24,
    0x00, 0x00, 0x00, 0x00, 0x00, 0x00, 0x00, 0x00, 0xff, 0xff, 0x24, 0x00, 0x00, 0x00, 0x00, 0x00,
    0x00, 0x00, 0x00, 0xd1, 0xe5, 0x0f, 0x00, 0x00, 0x00, 0x00, 0x00, 0x00, 0x00, 0x00, 0x00, 0x00,
    0x00, 0x00, 0x00, 0x00, 0x00, 0x00, 0x00, 0x00, 0x00, 0x00, 0x00, 0x00, 0x00, 0x00, 0x00, 0x03,
    0x67, 0xc6, 0xf2, 0xf2, 0xc7, 0x67, 0x04, 0x00, 0x00, 0x00, 0x00, 0x00, 0x13, 0xc5, 0xb7, 0x41,
    0x0c, 0x0d, 0x42, 0xb6, 0xc6, 0x13, 0x00, 0x00, 0x00, 0x02, 0xbf, 0x8c, 0x96, 0xb8, 0xb8, 0xae,
    0x78, 0x0a, 0x89, 0xbe, 0x02, 0x00, 0x00, 0x56, 0xc6, 0x23, 0xff, 0xff, 0xff, 0xff, 0xff, 0xa6,
    0x02, 0xc7, 0x56, 0x00, 0x00, 0xb5, 0x55, 0x24, 0xff, 0xff, 0x00, 0x53, 0xff, 0xf2, 0x00, 0x55,
    0xb4, 0x00, 0x00, 0xea, 0x17, 0x24, 0xff, 0xff, 0x00, 0x53, 0xff, 0xd1, 0x00, 0x18, 0xe9, 0x00,
    0x00, 0xfa, 0x05, 0x24, 0xff, 0xff, 0xff, 0xff, 0xff, 0x30, 0x00, 0x05, 0xfa, 0x00, 0x00, 0xe9,
    0x18, 0x24, 0xff, 0xff, 0xc0, 0xfe, 0xe1, 0x00, 0x00, 0x18, 0xe8, 0x00, 0x00, 0xb3, 0x56, 0x24,
    0xff, 0xff, 0x00, 0xa8, 0xff, 0x23, 0x00, 0x57, 0xb2, 0x00, 0x00, 0x53, 0xc8, 0x21, 0xff, 0xfb,
    0x00, 0x56, 0xff, 0x50, 0x02, 0xc8, 0x52, 0x00, 0x00, 0x01, 0xbb, 0x89, 0x61, 0x51, 0x00, 0x04,
    0x67, 0x0d, 0x89, 0xbb, 0x01, 0x00, 0x00, 0x00, 0x12, 0xc3, 0xb4, 0x3f, 0x0c, 0x0c, 0x3e, 0xb4,
    0xc4, 0x12, 0x00, 0x00, 0x00, 0x00, 0x00, 0x03, 0x67, 0xc7, 0xf3, 0xf3, 0xc7, 0x67, 0x03, 0x00,
    0x00, 0x00, 0x00, 0x00, 0x90, 0xb8, 0xb8, 0xb8, 0xb8, 0x91, 0x00, 0x00, 0x00, 0xd7, 0xff, 0xff,
    0xff, 0xff, 0xd4, 0x00, 0x00, 0x00, 0x00, 0x00, 0x00, 0x00, 0x00, 0x00, 0x00, 0x00, 0x00, 0x00,
    0x00, 0x00, 0x00, 0x00, 0x00, 0x00, 0x00, 0x00, 0x00, 0x00, 0x00, 0x00, 0x00, 0x00, 0x00, 0x00,
    0x00, 0x00, 0x00, 0x00, 0x00, 0x00, 0x00, 0x00, 0x00, 0x00, 0x00, 0x00, 0x00, 0x00, 0x00, 0x00,
    0x00, 0x00, 0x00, 0x00, 0x00, 0x00, 0x00, 0x00, 0x00, 0x00, 0x00, 0x00, 0x00, 0x00, 0x00, 0x00,
    0x00, 0x00, 0x00, 0x00, 0x00, 0x00, 0x00, 0x00, 0x00, 0x00, 0x00, 0x00, 0x00, 0x00, 0x00, 0x00,
    0x00, 0x00, 0x00, 0x00, 0x00, 0x00, 0x00, 0x00, 0x00, 0x00, 0x00, 0x00, 0x00, 0x00, 0x00, 0x00,
    0x00, 0x00, 0x00, 0x00, 0x00, 0x00, 0x00, 0x00, 0x0a, 0x83, 0xaf, 0x6f, 0x02, 0x00, 0xae, 0xff,
    0xff, 0xff, 0x81, 0x15, 0xff, 0x56, 0x09, 0x80, 0xe4, 0x20, 0xff, 0x1f, 0x00, 0x4e, 0xf0, 0x00,
    0xd5, 0xee, 0xc1, 0xf7, 0xa8, 0x00, 0x2a, 0xcb, 0xf7, 0xba, 0x16, 0x00, 0x00, 0x00, 0x00, 0x00,
    0x00, 0x00, 0x00, 0x00, 0x00, 0x00, 0x00, 0x00, 0x00, 0x00, 0x00, 0x00, 0x00, 0x00, 0x00, 0x00,
    0x00, 0x00, 0x00, 0x00, 0x00, 0x00, 0x00, 0x00, 0x00, 0x00, 0x00, 0x00, 0x00, 0x00, 0x00, 0x00,
    0x00, 0x00, 0x00, 0x00, 0x00, 0x00, 0x00, 0x00, 0x0f, 0xdb, 0xc9, 0x00, 0x00, 0x00, 0x00, 0x00,
    0x00, 0x00, 0x24, 0xff, 0xff, 0x00, 0x00, 0x00, 0x00, 0x00, 0x00, 0x00, 0x24, 0xff, 0xff, 0x00,
    0x00, 0x00, 0x00, 0x00, 0xdc, 0xff, 0xff, 0xff, 0xff, 0xff, 0xff, 0xff, 0xce, 0x00, 0x95, 0xb8,
    0xc2, 0xff, 0xff, 0xb8, 0xb8, 0xb8, 0x87, 0x00, 0x00, 0x00, 0x24, 0xff, 0xff, 0x00, 0x00, 0x00,
    0x00, 0x00, 0x00, 0x00, 0x14, 0xe5, 0xdd, 0x00, 0x00, 0x00, 0x00, 0x00, 0x00, 0x00, 0x00, 0x00,
    0x00, 0x00, 0x00, 0x00, 0x00, 0x00, 0x8a, 0xb8, 0xb8, 0xb8, 0xb8, 0xb8, 0xb8, 0xb8, 0x8a, 0x00,
    0xd2, 0xff, 0xff, 0xff, 0xff, 0xff, 0xff, 0xff, 0xd2, 0x04, 0x8e, 0xe3, 0xf4, 0xb9, 0x17, 0x00,
    0x0b, 0xa3, 0x63, 0x77, 0xff, 0x92, 0x00, 0x00, 0x00, 0x00, 0x1b, 0xff, 0x89, 0x00, 0x00, 0x00,
    0x02, 0xb0, 0xf7, 0x2a, 0x00, 0x00, 0x01, 0xa0, 0xfd, 0x54, 0x00, 0x00, 0x00, 0x90, 0xff, 0xaa,
    0x48, 0x45, 0x0d, 0x00, 0xc4, 0xff, 0xff, 0xff, 0xfc, 0x5a, 0x00, 0x00, 0x00, 0x00, 0x00, 0x00,
    0x00, 0x00, 0x00, 0x00, 0x00, 0x00, 0x00, 0x00, 0x00, 0x00, 0x00, 0x00, 0x00, 0x00, 0x00, 0x00,
    0x00, 0x00, 0x00, 0x00, 0x00, 0x00, 0x00, 0x00, 0x00, 0x00, 0x00, 0x00, 0x00, 0x18, 0xaa, 0xec,
    0xf4, 0xba, 0x1a, 0x2a, 0x98, 0x58, 0x77, 0xff, 0x92, 0x00, 0x00, 0x09, 0x3e, 0xff, 0x74, 0x00,
    0x5e, 0xff, 0xff, 0xcf, 0x08, 0x00, 0x09, 0x39, 0x62, 0xff, 0x7f, 0x61, 0x8d, 0x50, 0x7f, 0xff,
    0x8f, 0x3f, 0xc5, 0xf3, 0xeb, 0xa5, 0x11, 0x00, 0x00, 0x00, 0x00, 0x00, 0x00, 0x00, 0x00, 0x00,
    0x00, 0x00, 0x00, 0x00, 0x00, 0x00, 0x00, 0x00, 0x00, 0x00, 0x00, 0x00, 0x00, 0x00, 0x00, 0x00,
    0x00, 0x00, 0x00, 0x00, 0x00, 0x00, 0x00, 0x00, 0x00, 0x00, 0x00, 0x00, 0x00, 0x07, 0xcb, 0x76,
    0x00, 0x00, 0x00, 0x68, 0xff, 0x73, 0x00, 0x00, 0x04, 0xde, 0xce, 0x04, 0x00, 0x00, 0x37, 0xfa,
    0x30, 0x00, 0x00, 0x00, 0x00, 0x17, 0x00, 0x00, 0x00, 0x00, 0x00, 0x00, 0x00, 0x00, 0x00, 0x00,
    0x00, 0x00, 0x00, 0x00, 0x00, 0x00, 0x00, 0x00, 0x00, 0x00, 0x00, 0x00, 0x00, 0x00, 0x00, 0x00,
    0x00, 0x00, 0x00, 0x00, 0x00, 0x00, 0x00, 0x00, 0x00, 0x00, 0x00, 0x00, 0x00, 0x00, 0x00, 0x00,
    0x00, 0x00, 0x00, 0x00, 0x00, 0x00, 0x00, 0x00, 0x00, 0x00, 0x00, 0x00, 0x00, 0x00, 0x00, 0x00,
    0xc7, 0xdd, 0x0a, 0x00, 0x00, 0x0a, 0xdf, 0xc4, 0x00, 0x00, 0xff, 0xff, 0x23, 0x00, 0x00, 0x23,
    0xff, 0xff, 0x00, 0x00, 0xff, 0xff, 0x24, 0x00, 0x00, 0x24, 0xff, 0xff, 0x00, 0x00, 0xff, 0xff,
    0x24, 0x00, 0x00, 0x24, 0xff, 0xff, 0x00, 0x00, 0xff, 0xff, 0x24, 0x00, 0x00, 0x24, 0xff, 0xff,
    0x00, 0x00, 0xff, 0xff, 0x27, 0x00, 0x00, 0x36, 0xff, 0xff, 0x00, 0x00, 0xff, 0xff, 0x5e, 0x00,
    0x03, 0xa5, 0xff, 0xff, 0x00, 0x00, 0xff, 0xff, 0xfa, 0xc4, 0xe0, 0xe2, 0xff, 0xff, 0x00, 0x00,
    0xff, 0xff, 0xad, 0xf1, 0xcb, 0x32, 0xe1, 0xc5, 0x00, 0x00, 0xff, 0xff, 0x12, 0x00, 0x00, 0x00,
    0x00, 0x00, 0x00, 0x00, 0xff, 0xff, 0x1e, 0x00, 0x00, 0x00, 0x00, 0x00, 0x00, 0x00, 0xc7, 0xde,
    0x0a, 0x00, 0x00, 0x00, 0x00, 0x00, 0x00, 0x00, 0x14, 0xa3, 0xed, 0xff, 0xff, 0xff, 0xff, 0xc8,
    0x00, 0x00, 0x04, 0xce, 0xff, 0xff, 0xff, 0xff, 0xcc, 0xff, 0xff, 0x00, 0x00, 0x4b, 0xff, 0xff,
    0xff, 0xff, 0xff, 0x48, 0xff, 0xff, 0x00, 0x00, 0x77, 0xff, 0xff, 0xff, 0xff, 0xff, 0x48, 0xff,
    0xff, 0x00, 0x00, 0x6e, 0xff, 0xff, 0xff, 0xff, 0xff, 0x48, 0xff, 0xff, 0x00, 0x00, 0x2d, 0xff,
    0xff, 0xff, 0xff, 0xff, 0x48, 0xff, 0xff, 0x00, 0x00, 0x00, 0x8e, 0xff, 0xff, 0xff, 0xff, 0x48,
    0xff, 0xff, 0x00, 0x00, 0x00, 0x00, 0x50, 0x98, 0xff, 0xff, 0x48, 0xff, 0xff, 0x00, 0x00, 0x00,
    0x00, 0x00, 0x00, 0xff, 0xff, 0x48, 0xff, 0xff, 0x00, 0x00, 0x00, 0x00, 0x00, 0x00, 0xff, 0xff,
    0x48, 0xff, 0xff, 0x00, 0x00, 0x00, 0x00, 0x00, 0x00, 0xff, 0xff, 0x48, 0xff, 0xff, 0x00, 0x00,
    0x00, 0x00, 0x00, 0x00, 0xff, 0xff, 0x48, 0xff, 0xff, 0x00, 0x00, 0x00, 0x00, 0x00, 0x00, 0xff,
    0xff, 0x48, 0xff, 0xff, 0x00, 0x00, 0x00, 0x00, 0x00, 0x00, 0xff, 0xff, 0x48, 0xff, 0xff, 0x00,
    0x00, 0x00, 0x00, 0x00, 0x00, 0xff, 0xff, 0x48, 0xff, 0xff, 0x00, 0x00, 0x00, 0x00, 0x00, 0x00,
    0xcd, 0xe8, 0x22, 0xe0, 0xd5, 0x00, 0x00, 0x00, 0x00, 0x8b, 0x45, 0x00, 0x00, 0x00, 0x00, 0x00,
    0xe4, 0xdf, 0x63, 0x00, 0x00, 0x00, 0x01, 0x04, 0x6a, 0xf2, 0x00, 0x00, 0x00, 0x9a, 0xea, 0xfa,
    0x8c, 0x00, 0x00, 0x00, 0x00, 0x15, 0x0e, 0x00, 0x00, 0x00, 0x00, 0x06, 0x6e, 0xe4, 0x8b, 0x00,
    0x00, 0xb2, 0xfe, 0xff, 0xa8, 0x00, 0x00, 0x3d, 0x30, 0xff, 0xa8, 0x00, 0x00, 0x00, 0x00, 0xff,
    0xa8, 0x00, 0x00, 0x00, 0x00, 0xff, 0xa8, 0x00, 0x00, 0x4a, 0x6c, 0xff, 0xcd, 0x4f, 0x00, 0xd9,
    0xff, 0xff, 0xff, 0xd7, 0x00, 0x00, 0x00, 0x00, 0x00, 0x00, 0x00, 0x00, 0x00, 0x00, 0x00, 0x00,
    0x00, 0x00, 0x00, 0x00, 0x00, 0x00, 0x00, 0x00, 0x00, 0x00, 0x00, 0x00, 0x00, 0x00, 0x00, 0x00,
    0x00, 0x00, 0x00, 0x1c, 0xb4, 0xf6, 0xe9, 0x85, 0x01, 0x00, 0xbf, 0xf2, 0x60, 0x90, 0xff, 0x64,
    0x00, 0xf8, 0xb1, 0x00, 0x09, 0xff, 0x9f, 0x00, 0xd4, 0xe3, 0x25, 0x58, 0xff, 0x7a, 0x00, 0x3c,
    0xea, 0xff, 0xff, 0xc0, 0x0c, 0x00, 0x00, 0x06, 0x32, 0x26, 0x00, 0x00, 0x00, 0x00, 0x00, 0x00,
    0x00, 0x00, 0x00, 0x00, 0x00, 0x00, 0x00, 0x00, 0x00, 0x00, 0x00, 0x00, 0x00, 0x00, 0x00, 0x00,
    0x00, 0x00, 0x00, 0x00, 0x00, 0x00, 0x00, 0x00, 0x00, 0x00, 0x00, 0x00, 0x00, 0x00, 0x00, 0x00,
    0x00, 0x00, 0x00, 0x00, 0x00, 0x00, 0x00, 0x0f, 0x04, 0x00, 0x01, 0x12, 0x00, 0x00, 0x00, 0xe7,
    0xa3, 0x00, 0x63, 0xf7, 0x2b, 0x00, 0x00, 0xbe, 0xff, 0x3a, 0x3a, 0xff, 0xb8, 0x00, 0x00, 0x4a,
    0xff, 0xc2, 0x00, 0xc8, 0xff, 0x3f, 0x00, 0x1f, 0xff, 0xe6, 0x00, 0x9e, 0xff, 0x64, 0x00, 0x8e,
    0xff, 0x73, 0x14, 0xf6, 0xe5, 0x0b, 0x00, 0xf0, 0xd7, 0x05, 0x6c, 0xff, 0x5e, 0x00, 0x00, 0x67,
    0x2e, 0x00, 0x22, 0x71, 0x01, 0x00, 0x00, 0x00, 0x00, 0x00, 0x00, 0x00, 0x00, 0x00, 0x00, 0x00,
    0x00, 0x00, 0x00, 0x00, 0x00, 0x00, 0x00, 0x00, 0x00, 0x00, 0x00, 0x00, 0x00, 0x00, 0x00, 0x00,
    0x23, 0xc0, 0xe6, 0x0f, 0x00, 0x00, 0x00, 0x00, 0x4c, 0xed, 0x17, 0x00, 0x00, 0x00, 0x00, 0x46,
    0xf2, 0xff, 0xff, 0x24, 0x00, 0x00, 0x00, 0x05, 0xdb, 0xe7, 0x08, 0x00, 0x00, 0x00, 0x00, 0x77,
    0xce, 0xff, 0xff, 0x24, 0x00, 0x00, 0x00, 0x6c, 0xff, 0x67, 0x00, 0x00, 0x00, 0x00, 0x00, 0x00,
    0x00, 0xff, 0xff, 0x24, 0x00, 0x00, 0x0d, 0xea, 0xd8, 0x04, 0x00, 0x00, 0x00, 0x00, 0x00, 0x00,
    0x00, 0xff, 0xff, 0x24, 0x00, 0x00, 0x83, 0xff, 0x51, 0x00, 0x00, 0x00, 0x00, 0x00, 0x00, 0x00,
    0x00, 0xff, 0xff, 0x24, 0x00, 0x19, 0xf5, 0xc5, 0x00, 0x06, 0xba, 0xcd, 0x00, 0x00, 0x00, 0x5e,
    0x84, 0xff, 0xff, 0x80, 0x00, 0x9b, 0xff, 0x3b, 0x00, 0x7e, 0xff, 0xff, 0x00, 0x00, 0x00, 0xd8,
    0xff, 0xff, 0xff, 0xd6, 0x29, 0xfc, 0xae, 0x00, 0x27, 0xff, 0xff, 0xff, 0x00, 0x00, 0x00, 0x00,
    0x00, 0x00, 0x00, 0x00, 0xb2, 0xfb, 0x27, 0x00, 0xc0, 0xb2, 0xff, 0xff, 0x00, 0x00, 0x00, 0x00,
    0x00, 0x00, 0x00, 0x3d, 0xff, 0x98, 0x00, 0x61, 0xdb, 0x2d, 0xff, 0xff, 0x00, 0x00, 0x00, 0x00,
    0x00, 0x00, 0x00, 0xc7, 0xf4, 0x18, 0x00, 0xe3, 0xff, 0xff, 0xff, 0xff, 0xd7, 0x00, 0x00, 0x00,
    0x00, 0x00, 0x54, 0xff, 0x81, 0x00, 0x00, 0x8b, 0xb8, 0xc2, 0xff, 0xff, 0x97, 0x00, 0x00, 0x00,
    0x00, 0x00, 0xa7, 0xe8, 0x0c, 0x00, 0x00, 0x00, 0x00, 0x10, 0xdf, 0xce, 0x00, 0x00, 0x00, 0x00,
    0x00, 0x00, 0x1a, 0x22, 0x00, 0x00, 0x00, 0x00, 0x00, 0x00, 0x00, 0x00, 0x00, 0x00, 0x00, 0x00,
    0x00, 0x00, 0x00, 0x00, 0x00, 0x00, 0x00, 0x00, 0x00, 0x00, 0x00, 0x00, 0x00, 0x00, 0x00, 0x00,
    0x23, 0xc0, 0xe6, 0x0f, 0x00, 0x00, 0x00, 0x00, 0x4c, 0xed, 0x17, 0x00, 0x00, 0x00, 0x00, 0x46,
    0xf2, 0xff, 0xff, 0x24, 0x00, 0x00, 0x00, 0x05, 0xdb, 0xe7, 0x08, 0x00, 0x00, 0x00, 0x00, 0x77,
    0xce, 0xff, 0xff, 0x24, 0x00, 0x00, 0x00, 0x6c, 0xff, 0x67, 0x00, 0x00, 0x00, 0x00, 0x00, 0x00,
    0x00, 0xff, 0xff, 0x24, 0x00, 0x00, 0x0d, 0xea, 0xd8, 0x04, 0x00, 0x00, 0x00, 0x00, 0x00, 0x00,
    0x00, 0xff, 0xff, 0x24, 0x00, 0x00, 0x83, 0xff, 0x51, 0x00, 0x00, 0x00, 0x00, 0x00, 0x00, 0x00,
    0x00, 0xff, 0xff, 0x24, 0x00, 0x19, 0xf5, 0xc5, 0x39, 0x96, 0xb0, 0x7d, 0x0e, 0x00, 0x00, 0x5e,
    0x84, 0xff, 0xff, 0x80, 0x00, 0x9b, 0xff, 0x66, 0xfe, 0xff, 0xff, 0xff, 0xba, 0x00, 0x00, 0xd8,
    0xff, 0xff, 0xff, 0xd6, 0x29, 0xfc, 0xae, 0x0c, 0x63, 0x14, 0x57, 0xff, 0xf7, 0x00, 0x00, 0x00,
    0x00, 0x00, 0x00, 0x00, 0xb2, 0xfb, 0x27, 0x00, 0x00, 0x00, 0x52, 0xff, 0xb4, 0x00, 0x00, 0x00,
    0x00, 0x00, 0x00, 0x3d, 0xff, 0x98, 0x00, 0x00, 0x00, 0x17, 0xe1, 0xe1, 0x1b, 0x00, 0x00, 0x00,
    0x00, 0x00, 0x00, 0xc7, 0xf4, 0x18, 0x00, 0x00, 0x10, 0xd1, 0xdf, 0x20, 0x00, 0x00, 0x00, 0x00,
    0x00, 0x00, 0x54, 0xff, 0x81, 0x00, 0x00, 0x00, 0xc2, 0xff, 0xd5, 0xb8, 0xb8, 0x86, 0x00, 0x00,
    0x00, 0x00, 0xa7, 0xe8, 0x0c, 0x00, 0x00, 0x05, 0xe1, 0xff, 0xff, 0xff, 0xff, 0xcc, 0x00, 0x00,
    0x00, 0x00, 0x1a, 0x22, 0x00, 0x00, 0x00, 0x00, 0x00, 0x00, 0x00, 0x00, 0x00, 0x00, 0x00, 0x00,
    0x00, 0x00, 0x00, 0x00, 0x00, 0x00, 0x00, 0x00, 0x00, 0x00, 0x00, 0x00, 0x00, 0x00, 0x16, 0xa2,
    0xeb, 0xec, 0x61, 0x00, 0x00, 0x00, 0x00, 0x00, 0x4c, 0xed, 0x17, 0x00, 0x00, 0x00, 0x77, 0xf7,
    0xc2, 0xe3, 0xe7, 0x00, 0x00, 0x00, 0x00, 0x05, 0xdb, 0xe7, 0x08, 0x00, 0x00, 0x00, 0x06, 0x0e,
    0x02, 0x55, 0xe7, 0x00, 0x00, 0x00, 0x00, 0x6c, 0xff, 0x67, 0x00, 0x00, 0x00, 0x00, 0x00, 0x7d,
    0xff, 0xff, 0x6e, 0x00, 0x00, 0x00, 0x0d, 0xea, 0xd8, 0x04, 0x00, 0x00, 0x00, 0x00, 0x00, 0x53,
    0xb9, 0xe4, 0xb8, 0x00, 0x00, 0x00, 0x83, 0xff, 0x51, 0x00, 0x00, 0x00, 0x00, 0x00, 0x18, 0x07,
    0x00, 0x3e, 0xf2, 0x00, 0x00, 0x19, 0xf5, 0xc5, 0x00, 0x01, 0xa7, 0xe4, 0x08, 0x00, 0xc4, 0xed,
    0xc1, 0xef, 0xd1, 0x00, 0x00, 0x9b, 0xff, 0x3b, 0x00, 0x6b, 0xff, 0xff, 0x24, 0x00, 0x36, 0xc0,
    0xf3, 0xe7, 0x43, 0x00, 0x29, 0xfc, 0xae, 0x00, 0x1d, 0xf1, 0xff, 0xff, 0x24, 0x00, 0x00, 0x00,
    0x00, 0x00, 0x00, 0x00, 0xb2, 0xfb, 0x27, 0x00, 0xb6, 0x96, 0xff, 0xff, 0x24, 0x00, 0x00, 0x00,
    0x00, 0x00, 0x00, 0x3d, 0xff, 0x98, 0x00, 0x5c, 0xe3, 0x0e, 0xff, 0xff, 0x24, 0x00, 0x00, 0x00,
    0x00, 0x00, 0x00, 0xc7, 0xf4, 0x18, 0x00, 0xe1, 0xff, 0xff, 0xff, 0xff, 0xdd, 0x00, 0x00, 0x00,
    0x00, 0x00, 0x54, 0xff, 0x81, 0x00, 0x00, 0x89, 0xb8, 0xb8, 0xff, 0xff, 0xa6, 0x00, 0x00, 0x00,
    0x00, 0x00, 0xa7, 0xe8, 0x0c, 0x00, 0x00, 0x00, 0x00, 0x00, 0xcc, 0xe1, 0x10, 0x00, 0x00, 0x00,
    0x00, 0x00, 0x1a, 0x22, 0x00, 0x00, 0x00, 0x00, 0x00, 0x00, 0x00, 0x00, 0x00, 0x00, 0x00, 0x00,
    0x00, 0x04, 0xcf, 0xad, 0x00, 0x00, 0x00, 0x00, 0x00, 0x00, 0x1c, 0xff, 0xf7, 0x00, 0x00, 0x00,
    0x00, 0x00, 0x00, 0x01, 0xa9, 0x8a, 0x00, 0x00, 0x00, 0x00, 0x00, 0x00, 0x00, 0x0d, 0x00, 0x00,
    0x00, 0x00, 0x00, 0x00, 0x00, 0x03, 0xe7, 0x63, 0x00, 0x00, 0x00, 0x00, 0x00, 0x00, 0x6a, 0xff,
    0x48, 0x00, 0x00, 0x00, 0x00, 0x00, 0x5b, 0xfc, 0xba, 0x01, 0x00, 0x00, 0x00, 0x00, 0x52, 0xfd,
    0xce, 0x0f, 0x00, 0x00, 0x00, 0x00, 0x00, 0xd9, 0xff, 0x40, 0x00, 0x00, 0x00, 0x00, 0x00, 0x00,
    0xf5, 0xff, 0x6c, 0x00, 0x0b, 0x5c, 0xb3, 0x2e, 0x00, 0xa7, 0xff, 0xff, 0xf8, 0xff, 0xff, 0xff,
    0x47, 0x00, 0x0a, 0x8e, 0xe2, 0xf9, 0xdf, 0xa8, 0x3a, 0x00, 0x00, 0x00, 0x00, 0x07, 0x62, 0x09,
    0x00, 0x00, 0x00, 0x00, 0x00, 0x00, 0x00, 0x00, 0x00, 0x00, 0x3c, 0xff, 0x96, 0x00, 0x00, 0x00,
    0x00, 0x00, 0x00, 0x00, 0x00, 0x00, 0x00, 0x00, 0x9a, 0xfe, 0x3b, 0x00, 0x00, 0x00, 0x00, 0x00,
    0x00, 0x00, 0x00, 0x00, 0x00, 0x04, 0xb2, 0x7f, 0x00, 0x00, 0x00, 0x00, 0x00, 0x00, 0x00, 0x00,
    0x00, 0x00, 0x00, 0x00, 0x00, 0x00, 0x00, 0x00, 0x00, 0x00, 0x00, 0x00, 0x00, 0x00, 0x00, 0x00,
    0x90, 0xe8, 0x46, 0x00, 0x00, 0x00, 0x00, 0x00, 0x00, 0x00, 0x00, 0x00, 0x27, 0xfe, 0xff, 0xcd,
    0x00, 0x00, 0x00, 0x00, 0x00, 0x00, 0x00, 0x00, 0x00, 0x93, 0xff, 0xea, 0xff, 0x3b, 0x00, 0x00,
    0x00, 0x00, 0x00, 0x00, 0x00, 0x0d, 0xf1, 0xea, 0x50, 0xff, 0xa8, 0x00, 0x00, 0x00, 0x00, 0x00,
    0x00, 0x00, 0x6c, 0xff, 0x8b, 0x02, 0xe1, 0xfb, 0x1b, 0x00, 0x00, 0x00, 0x00, 0x00, 0x00, 0xd7,
    0xff, 0x26, 0x00, 0x7e, 0xff, 0x83, 0x00, 0x00, 0x00, 0x00, 0x00, 0x45, 0xff, 0xbf, 0x00, 0x00,
    0x1b, 0xfc, 0xe9, 0x07, 0x00, 0x00, 0x00, 0x00, 0xb2, 0xff, 0x59, 0x00, 0x00, 0x00, 0xb2, 0xff,
    0x5e, 0x00, 0x00, 0x00, 0x21, 0xfd, 0xff, 0xff, 0xff, 0xff, 0xff, 0xff, 0xff, 0xcb, 0x00, 0x00,
    0x00, 0x8b, 0xff, 0xff, 0xd8, 0xd8, 0xd8, 0xd8, 0xd8, 0xff, 0xff, 0x39, 0x00, 0x09, 0xee, 0xff,
    0x27, 0x00, 0x00, 0x00, 0x00, 0x00, 0x7f, 0xff, 0xa6, 0x00, 0x5d, 0xff, 0xc2, 0x00, 0x00, 0x00,
    0x00, 0x00, 0x00, 0x1d, 0xfd, 0xfa, 0x12, 0x5a, 0xeb, 0x46, 0x00, 0x00, 0x00, 0x00, 0x00, 0x00,
    0x00, 0x89, 0xe9, 0x19, 0x00, 0x00, 0x00, 0x00, 0x00, 0x00, 0x00, 0x27, 0x4c, 0x00, 0x00, 0x00,
    0x00, 0x00, 0x00, 0x00, 0x00, 0x00, 0x00, 0x08, 0xda, 0xee, 0x01, 0x00, 0x00, 0x00, 0x00, 0x00,
    0x00, 0x00, 0x00, 0x00, 0x86, 0xfd, 0x4f, 0x00, 0x00, 0x00, 0x00, 0x00, 0x00, 0x00, 0x00, 0x00,
    0x00, 0xc9, 0x6b, 0x00, 0x00, 0x00, 0x00, 0x00, 0x00, 0x00, 0x00, 0x00, 0x00, 0x00, 0x00, 0x00,
    0x00, 0x00, 0x00, 0x00, 0x00, 0x00, 0x00, 0x00, 0x00, 0x00, 0x90, 0xe8, 0x46, 0x00, 0x00, 0x00,
    0x00, 0x00, 0x00, 0x00, 0x00, 0x00, 0x27, 0xfe, 0xff, 0xcd, 0x00, 0x00, 0x00, 0x00, 0x00, 0x00,
    0x00, 0x00, 0x00, 0x93, 0xff, 0xea, 0xff, 0x3b, 0x00, 0x00, 0x00, 0x00, 0x00, 0x00, 0x00, 0x0d,
    0xf1, 0xea, 0x50, 0xff, 0xa8, 0x00, 0x00, 0x00, 0x00, 0x00, 0x00, 0x00, 0x6c, 0xff, 0x8b, 0x02,
    0xe1, 0xfb, 0x1b, 0x00, 0x00, 0x00, 0x00, 0x00, 0x00, 0xd7, 0xff, 0x26, 0x00, 0x7e, 0xff, 0x83,
    0x00, 0x00, 0x00, 0x00, 0x00, 0x45, 0xff, 0xbf, 0x00, 0x00, 0x1b, 0xfc, 0xe9, 0x07, 0x00, 0x00,
    0x00, 0x00, 0xb2, 0xff, 0x59, 0x00, 0x00, 0x00, 0xb2, 0xff, 0x5e, 0x00, 0x00, 0x00, 0x21, 0xfd,
    0xff, 0xff, 0xff, 0xff, 0xff, 0xff, 0xff, 0xcb, 0x00, 0x00, 0x00, 0x8b, 0xff, 0xff, 0xd8, 0xd8,
    0xd8, 0xd8, 0xd8, 0xff, 0xff, 0x39, 0x00, 0x09, 0xee, 0xff, 0x27, 0x00, 0x00, 0x00, 0x00, 0x00,
    0x7f, 0xff, 0xa6, 0x00, 0x5d, 0xff, 0xc2, 0x00, 0x00, 0x00, 0x00, 0x00, 0x00, 0x1d, 0xfd, 0xfa,
    0x12, 0x5a, 0xeb, 0x46, 0x00, 0x00, 0x00, 0x00, 0x00, 0x00, 0x00, 0x89, 0xe9, 0x19, 0x00, 0x00,
    0x00, 0x00, 0x00, 0x2e, 0x6d, 0x10, 0x00, 0x00, 0x00, 0x00, 0x00, 0x00, 0x00, 0x00, 0x00, 0x22,
    0xf1, 0xff, 0xc1, 0x02, 0x00, 0x00, 0x00, 0x00, 0x00, 0x00, 0x00, 0x02, 0xc3, 0xdc, 0x53, 0xfb,
    0x76, 0x00, 0x00, 0x00, 0x00, 0x00, 0x00, 0x00, 0x24, 0xe4, 0x2b, 0x00, 0x6a, 0xcb, 0x00, 0x00,
    0x00, 0x00, 0x00, 0x00, 0x00, 0x00, 0x00, 0x00, 0x00, 0x00, 0x00, 0x00, 0x00, 0x00, 0x00, 0x00,
    0x00, 0x00, 0x00, 0x00, 0x90, 0xe8, 0x46, 0x00, 0x00, 0x00, 0x00, 0x00, 0x00, 0x00, 0x00, 0x00,
    0x27, 0xfe, 0xff, 0xcd, 0x00, 0x00, 0x00, 0x00, 0x00, 0x00, 0x00, 0x00, 0x00, 0x93, 0xff, 0xea,
    0xff, 0x3b, 0x00, 0x00, 0x00, 0x00, 0x00, 0x00, 0x00, 0x0d, 0xf1, 0xea, 0x50, 0xff, 0xa8, 0x00,
    0x00, 0x00, 0x00, 0x00, 0x00, 0x00, 0x6c, 0xff, 0x8b, 0x02, 0xe1, 0xfb, 0x1b, 0x00, 0x00, 0x00,
    0x00, 0x00, 0x00, 0xd7, 0xff, 0x26, 0x00, 0x7e, 0xff, 0x83, 0x00, 0x00, 0x00, 0x00, 0x00, 0x45,
    0xff, 0xbf, 0x00, 0x00, 0x1b, 0xfc, 0xe9, 0x07, 0x00, 0x00, 0x00, 0x00, 0xb2, 0xff, 0x59, 0x00,
    0x00, 0x00, 0xb2, 0xff, 0x5e, 0x00, 0x00, 0x00, 0x21, 0xfd, 0xff, 0xff, 0xff, 0xff, 0xff, 0xff,
    0xff, 0xcb, 0x00, 0x00, 0x00, 0x8b, 0xff, 0xff, 0xd8, 0xd8, 0xd8, 0xd8, 0xd8, 0xff, 0xff, 0x39,
    0x00, 0x09, 0xee, 0xff, 0x27, 0x00, 0x00, 0x00, 0x00, 0x00, 0x7f, 0xff, 0xa6, 0x00, 0x5d, 0xff,
    0xc2, 0x00, 0x00, 0x00, 0x00, 0x00, 0x00, 0x1d, 0xfd, 0xfa, 0x12, 0x5a, 0xeb, 0x46, 0x00, 0x00,
    0x00, 0x00, 0x00, 0x00, 0x00, 0x89, 0xe9, 0x19, 0x00, 0x00, 0x00, 0x4e, 0xc3, 0xab, 0x3a, 0x00,
    0x17, 0xd7, 0x04, 0x00, 0x00, 0x00, 0x00, 0x1d, 0xf8, 0xc2, 0xde, 0xff, 0xc0, 0xdb, 0xc6, 0x00,
    0x00, 0x00, 0x00, 0x00, 0x46, 0xac, 0x00, 0x04, 0x67, 0xc1, 0xb0, 0x22, 0x00, 0x00, 0x00, 0x00,
    0x00, 0x00, 0x00, 0x00, 0x00, 0x00, 0x00, 0x00, 0x00, 0x00, 0x00, 0x00, 0x00, 0x00, 0x00, 0x00,
    0x00, 0x90, 0xe8, 0x46, 0x00, 0x00, 0x00, 0x00, 0x00, 0x00, 0x00, 0x00, 0x00, 0x27, 0xfe, 0xff,
    0xcd, 0x00, 0x00, 0x00, 0x00, 0x00, 0x00, 0x00, 0x00, 0x00, 0x93, 0xff, 0xea, 0xff, 0x3b, 0x00,
    0x00, 0x00, 0x00, 0x00, 0x00, 0x00, 0x0d, 0xf1, 0xea, 0x50, 0xff, 0xa8, 0x00, 0x00, 0x00, 0x00,
    0x00, 0x00, 0x00, 0x6c, 0xff, 0x8b, 0x02, 0xe1, 0xfb, 0x1b, 0x00, 0x00, 0x00, 0x00, 0x00, 0x00,
    0xd7, 0xff, 0x26, 0x00, 0x7e, 0xff, 0x83, 0x00, 0x00, 0x00, 0x00, 0x00, 0x45, 0xff, 0xbf, 0x00,
    0x00, 0x1b, 0xfc, 0xe9, 0x07, 0x00, 0x00, 0x00, 0x00, 0xb2, 0xff, 0x59, 0x00, 0x00, 0x00, 0xb2,
    0xff, 0x5e, 0x00, 0x00, 0x00, 0x21, 0xfd, 0xff, 0xff, 0xff, 0xff, 0xff, 0xff, 0xff, 0xcb, 0x00,
    0x00, 0x00, 0x8b, 0xff, 0xff, 0xd8, 0xd8, 0xd8, 0xd8, 0xd8, 0xff, 0xff, 0x39, 0x00, 0x09, 0xee,
    0xff, 0x27, 0x00, 0x00, 0x00, 0x00, 0x00, 0x7f, 0xff, 0xa6, 0x00, 0x5d, 0xff, 0xc2, 0x00, 0x00,
    0x00, 0x00, 0x00, 0x00, 0x1d, 0xfd, 0xfa, 0x12, 0x5a, 0xeb, 0x46, 0x00, 0x00, 0x00, 0x00, 0x00,
    0x00, 0x00, 0x89, 0xe9, 0x19, 0x00, 0x00, 0x00, 0x00, 0x80, 0x94, 0x06, 0x81, 0x94, 0x06, 0x00,
    0x00, 0x00, 0x00, 0x00, 0x00, 0x00, 0xc9, 0xde, 0x0f, 0xca, 0xe5, 0x0f, 0x00, 0x00, 0x00, 0x00,
    0x00, 0x00, 0x00, 0x00, 0x00, 0x00, 0x00, 0x00, 0x00, 0x00, 0x00, 0x00, 0x00, 0x00, 0x00, 0x00,
    0x00, 0x57, 0xe9, 0x6f, 0x00, 0x00, 0x00, 0x00, 0x00, 0x00, 0x00, 0x00, 0x00, 0x02, 0xde, 0xff,
    0xf1, 0x0c, 0x00, 0x00, 0x00, 0x00, 0x00, 0x00, 0x00, 0x00, 0x4d, 0xff, 0xec, 0xff, 0x69, 0x00,
    0x00, 0x00, 0x00, 0x00, 0x00, 0x00, 0x00, 0xb9, 0xff, 0x4a, 0xfc, 0xd4, 0x00, 0x00, 0x00, 0x00,
    0x00, 0x00, 0x00, 0x25, 0xfe, 0xce, 0x00, 0xb3, 0xff, 0x42, 0x00, 0x00, 0x00, 0x00, 0x00, 0x00,
    0x90, 0xff, 0x6b, 0x00, 0x50, 0xff, 0xae, 0x00, 0x00, 0x00, 0x00, 0x00, 0x0b, 0xf0, 0xf7, 0x11,
    0x00, 0x04, 0xe8, 0xfc, 0x1e, 0x00, 0x00, 0x00, 0x00, 0x67, 0xff, 0xa6, 0x00, 0x00, 0x00, 0x8b,
    0xff, 0x87, 0x00, 0x00, 0x00, 0x00, 0xd1, 0xff, 0xff, 0xff, 0xff, 0xff, 0xff, 0xff, 0xeb, 0x07,
    0x00, 0x00, 0x3e, 0xff, 0xff, 0xd8, 0xd8, 0xd8, 0xd8, 0xd8, 0xff, 0xff, 0x5f, 0x00, 0x00, 0xa9,
    0xff, 0x76, 0x00, 0x00, 0x00, 0x00, 0x00, 0x5b, 0xff, 0xcc, 0x00, 0x12, 0xfa, 0xfa, 0x17, 0x00,
    0x00, 0x00, 0x00, 0x00, 0x08, 0xee, 0xff, 0x31, 0x19, 0xe8, 0x8a, 0x00, 0x00, 0x00, 0x00, 0x00,
    0x00, 0x00, 0x6a, 0xec, 0x36, 0x00, 0x00, 0x00, 0x00, 0x49, 0xe7, 0xe7, 0x49, 0x00, 0x00, 0x00,
    0x00, 0x00, 0x00, 0x00, 0x00, 0x00, 0xe9, 0x38, 0x38, 0xe9, 0x00, 0x00, 0x00, 0x00, 0x00, 0x00,
    0x00, 0x00, 0x00, 0xe7, 0x38, 0x38, 0xe7, 0x00, 0x00, 0x00, 0x00, 0x00, 0x00, 0x00, 0x00, 0x00,
    0x47, 0xe8, 0xe8, 0x47, 0x00, 0x00, 0x00, 0x00, 0x00, 0x00, 0x00, 0x00, 0x00, 0x00, 0x00, 0x00,
    0x00, 0x00, 0x00, 0x00, 0x00, 0x00, 0x00, 0x00, 0x00, 0x00, 0x0b, 0xcc, 0xc9, 0x08, 0x00, 0x00,
    0x00, 0x00, 0x00, 0x00, 0x00, 0x00, 0x00, 0x6d, 0xff, 0xff, 0x64, 0x00, 0x00, 0x00, 0x00, 0x00,
    0x00, 0x00, 0x00, 0x00, 0xd6, 0xf3, 0xf7, 0xcf, 0x00, 0x00, 0x00, 0x00, 0x00, 0x00, 0x00, 0x00,
    0x42, 0xff, 0x9f, 0xa8, 0xff, 0x3c, 0x00, 0x00, 0x00, 0x00, 0x00, 0x00, 0x00, 0xad, 0xff, 0x3f,
    0x48, 0xff, 0xa7, 0x00, 0x00, 0x00, 0x00, 0x00, 0x00, 0x1c, 0xfb, 0xde, 0x01, 0x02, 0xe4, 0xfa,
    0x18, 0x00, 0x00, 0x00, 0x00, 0x00, 0x83, 0xff, 0x7f, 0x00, 0x00, 0x88, 0xff, 0x7e, 0x00, 0x00,
    0x00, 0x00, 0x05, 0xe8, 0xfe, 0x20, 0x00, 0x00, 0x28, 0xff, 0xe5, 0x04, 0x00, 0x00, 0x00, 0x58,
    0xff, 0xff, 0xff, 0xff, 0xff, 0xff, 0xff, 0xff, 0x55, 0x00, 0x00, 0x00, 0xc3, 0xff, 0xff, 0xd8,
    0xd8, 0xd8, 0xd8, 0xff, 0xff, 0xc1, 0x00, 0x00, 0x2e, 0xff, 0xeb, 0x06, 0x00, 0x00, 0x00, 0x00,
    0x0a, 0xf0, 0xff, 0x2c, 0x00, 0x92, 0xff, 0x8e, 0x00, 0x00, 0x00, 0x00, 0x00, 0x00, 0x96, 0xff,
    0x91, 0x00, 0x8a, 0xe2, 0x1f, 0x00, 0x00, 0x00, 0x00, 0x00, 0x00, 0x1f, 0xe0, 0x8b, 0x00, 0x00,
    0x00, 0x00, 0x00, 0x00, 0x00, 0x6a, 0xf7, 0xff, 0xff, 0xff, 0xff, 0xff, 0xff, 0xff, 0xcc, 0x00,
    0x00, 0x00, 0x00, 0x00, 0x00, 0x1c, 0xf5, 0xff, 0xff, 0xcb, 0xb8, 0xb8, 0xb8, 0xb8, 0xb8, 0x85,
    0x00, 0x00, 0x00, 0x00, 0x00, 0x00, 0xa4, 0xff, 0xec, 0xff, 0x47, 0x00, 0x00, 0x00, 0x00, 0x00,
    0x00, 0x00, 0x00, 0x00, 0x00, 0x00, 0x36, 0xfe, 0xce, 0x7a, 0xff, 0x7b, 0x00, 0x00, 0x00, 0x00,
    0x00, 0x00, 0x00, 0x00, 0x00, 0x00, 0x00, 0xc6, 0xff, 0x42, 0x45, 0xff, 0xaf, 0x00, 0x00, 0x00,
    0x00, 0x00, 0x00, 0x00, 0x00, 0x00, 0x00, 0x5a, 0xff, 0xb5, 0x00, 0x11, 0xff, 0xff, 0xb8, 0xb8,
    0xb8, 0xb8, 0xb5, 0x46, 0x00, 0x00, 0x00, 0x09, 0xe2, 0xfc, 0x2b, 0x00, 0x00, 0xdd, 0xff, 0xff,
    0xff, 0xff, 0xff, 0xfd, 0x73, 0x00, 0x00, 0x00, 0x7e, 0xff, 0x9a, 0x00, 0x00, 0x00, 0xa9, 0xff,
    0x47, 0x00, 0x00, 0x00, 0x00, 0x00, 0x00, 0x00, 0x1a, 0xf4, 0xff, 0xff, 0xff, 0xff, 0xff, 0xff,
    0xff, 0x77, 0x00, 0x00, 0x00, 0x00, 0x00, 0x00, 0x00, 0xa2, 0xff, 0xf2, 0xb8, 0xb8, 0xb8, 0xb8,
    0xe4, 0xff, 0xa7, 0x00, 0x00, 0x00, 0x00, 0x00, 0x00, 0x34, 0xfe, 0xec, 0x0e, 0x00, 0x00, 0x00,
    0x00, 0x10, 0xff, 0xd7, 0x00, 0x00, 0x00, 0x00, 0x00, 0x00, 0xbe, 0xff, 0x72, 0x00, 0x00, 0x00,
    0x00, 0x00, 0x00, 0xe1, 0xff, 0xbd, 0xb8, 0xb8, 0xb8, 0x86, 0x00, 0xce, 0xc3, 0x07, 0x00, 0x00,
    0x00, 0x00, 0x00, 0x00, 0x84, 0xfe, 0xff, 0xff, 0xff, 0xff, 0xcc, 0x00, 0x00, 0x00, 0x00, 0x21,
    0x95, 0xdc, 0xf8, 0xea, 0xc7, 0x73, 0x0f, 0x00, 0x00, 0x00, 0x48, 0xf5, 0xff, 0xf0, 0xc4, 0xcf,
    0xf9, 0xff, 0xa6, 0x00, 0x00, 0x17, 0xee, 0xff, 0x94, 0x0b, 0x00, 0x00, 0x19, 0x83, 0x44, 0x00,
    0x00, 0x7e, 0xff, 0xc7, 0x00, 0x00, 0x00, 0x00, 0x00, 0x00, 0x00, 0x00, 0x00, 0xc7, 0xff, 0x66,
    0x00, 0x00, 0x00, 0x00, 0x00, 0x00, 0x00, 0x00, 0x00, 0xef, 0xff, 0x36, 0x00, 0x00, 0x00, 0x00,
    0x00, 0x00, 0x00, 0x00, 0x00, 0xfb, 0xff, 0x28, 0x00, 0x00, 0x00, 0x00, 0x00, 0x00, 0x00, 0x00,
    0x00, 0xe9, 0xff, 0x37, 0x00, 0x00, 0x00, 0x00, 0x00, 0x00, 0x00, 0x00, 0x00, 0xc6, 0xff, 0x67,
    0x00, 0x00, 0x00, 0x00, 0x00, 0x00, 0x00, 0x00, 0x00, 0x7b, 0xff, 0xc8, 0x00, 0x00, 0x00, 0x00,
    0x00, 0x00, 0x00, 0x00, 0x00, 0x14, 0xeb, 0xff, 0x92, 0x09, 0x00, 0x00, 0x16, 0x7c, 0x4d, 0x00,
    0x00, 0x00, 0x43, 0xf1, 0xff, 0xef, 0xc3, 0xcd, 0xf8, 0xff, 0xaf, 0x00, 0x00, 0x00, 0x00, 0x22,
    0x92, 0xd9, 0xff, 0xff, 0xc7, 0x70, 0x0e, 0x00, 0x00, 0x00, 0x00, 0x00, 0x00, 0x08, 0xff, 0xaa,
    0x38, 0x00, 0x00, 0x00, 0x00, 0x00, 0x00, 0x00, 0x00, 0x16, 0x85, 0xc3, 0xed, 0x00, 0x00, 0x00,
    0x00, 0x00, 0x00, 0x00, 0x00, 0xce, 0xf5, 0xfc, 0x8e, 0x00, 0x00, 0x00, 0x00, 0x00, 0x00, 0x00,
    0x00, 0x01, 0x19, 0x0c, 0x00, 0x00, 0x00, 0x00, 0x00, 0x00, 0x00, 0x54, 0x1f, 0x00, 0x00, 0x00,
    0x00, 0x00, 0x00, 0x00, 0x08, 0xf8, 0xce, 0x03, 0x00, 0x00, 0x00, 0x00, 0x00, 0x00, 0x00, 0x5f,
    0xff, 0x76, 0x00, 0x00, 0x00, 0x00, 0x00, 0x00, 0x00, 0x00, 0x7d, 0xb9, 0x00, 0x00, 0x00, 0x00,
    0x00, 0x00, 0x00, 0x00, 0x00, 0x00, 0x00, 0x00, 0x00, 0x00, 0x00, 0xb7, 0xff, 0xff, 0xff, 0xff,
    0xff, 0xff, 0xe7, 0x0d, 0x00, 0xfe, 0xff, 0xc2, 0xb8, 0xb8, 0xb8, 0xb8, 0x9f, 0x03, 0x00, 0xff,
    0xff, 0x24, 0x00, 0x00, 0x00, 0x00, 0x00, 0x00, 0x00, 0xff, 0xff, 0x24, 0x00, 0x00, 0x00, 0x00,
    0x00, 0x00, 0x00, 0xff, 0xff, 0x24, 0x00, 0x00, 0x00, 0x00, 0x00, 0x00, 0x00, 0xff, 0xff, 0x24,
    0x00, 0x00, 0x00, 0x00, 0x00, 0x00, 0x00, 0xff, 0xff, 0xff, 0xff, 0xff, 0xff, 0xff, 0x96, 0x00,
    0x00, 0xff, 0xff, 0xc2, 0xb8, 0xb8, 0xb8, 0xb7, 0x5f, 0x00, 0x00, 0xff, 0xff, 0x24, 0x00, 0x00,
    0x00, 0x00, 0x00, 0x00, 0x00, 0xff, 0xff, 0x24, 0x00, 0x00, 0x00, 0x00, 0x00, 0x00, 0x00, 0xff,
    0xff, 0x24, 0x00, 0x00, 0x00, 0x00, 0x00, 0x00, 0x00, 0xff, 0xff, 0xc2, 0xb8, 0xb8, 0xb8, 0xb8,
    0x9f, 0x03, 0x00, 0xba, 0xff, 0xff, 0xff, 0xff, 0xff, 0xff, 0xe7, 0x0d, 0x00, 0x00, 0x00, 0x00,
    0x00, 0x00, 0x0e, 0x60, 0x03, 0x00, 0x00, 0x00, 0x00, 0x00, 0x00, 0x00, 0xa7, 0xff, 0x2b, 0x00,
    0x00, 0x00, 0x00, 0x00, 0x00, 0x4a, 0xff, 0x89, 0x00, 0x00, 0x00, 0x00, 0x00, 0x00, 0x00, 0x91,
    0xa2, 0x01, 0x00, 0x00, 0x00, 0x00, 0x00, 0x00, 0x00, 0x00, 0x00, 0x00, 0x00, 0x00, 0x00, 0xb7,
    0xff, 0xff, 0xff, 0xff, 0xff, 0xff, 0xe7, 0x0d, 0x00, 0xfe, 0xff, 0xc2, 0xb8, 0xb8, 0xb8, 0xb8,
    0x9f, 0x03, 0x00, 0xff, 0xff, 0x24, 0x00, 0x00, 0x00, 0x00, 0x00, 0x00, 0x00, 0xff, 0xff, 0x24,
    0x00, 0x00, 0x00, 0x00, 0x00, 0x00, 0x00, 0xff, 0xff, 0x24, 0x00, 0x00, 0x00, 0x00, 0x00, 0x00,
    0x00, 0xff, 0xff, 0x24, 0x00, 0x00, 0x00, 0x00, 0x00, 0x00, 0x00, 0xff, 0xff, 0xff, 0xff, 0xff,
    0xff, 0xff, 0x96, 0x00, 0x00, 0xff, 0xff, 0xc2, 0xb8, 0xb8, 0xb8, 0xb7, 0x5f, 0x00, 0x00, 0xff,
    0xff, 0x24, 0x00, 0x00, 0x00, 0x00, 0x00, 0x00, 0x00, 0xff, 0xff, 0x24, 0x00, 0x00, 0x00, 0x00,
    0x00, 0x00, 0x00, 0xff, 0xff, 0x24, 0x00, 0x00, 0x00, 0x00, 0x00, 0x00, 0x00, 0xff, 0xff, 0xc2,
    0xb8, 0xb8, 0xb8, 0xb8, 0x9f, 0x03, 0x00, 0xba, 0xff, 0xff, 0xff, 0xff, 0xff, 0xff, 0xe7, 0x0d,
    0x00, 0x00, 0x00, 0x00, 0x31, 0x6d, 0x0d, 0x00, 0x00, 0x00, 0x00, 0x00, 0x00, 0x27, 0xf4, 0xff,
    0xba, 0x01, 0x00, 0x00, 0x00, 0x00, 0x04, 0xca, 0xd7, 0x56, 0xfd, 0x6e, 0x00, 0x00, 0x00, 0x00,
    0x2b, 0xe2, 0x26, 0x00, 0x72, 0xc4, 0x00, 0x00, 0x00, 0x00, 0x00, 0x00, 0x00, 0x00, 0x00, 0x00,
    0x00, 0x00, 0x00, 0xb7, 0xff, 0xff, 0xff, 0xff, 0xff, 0xff, 0xe7, 0x0d, 0x00, 0xfe, 0xff, 0xc2,
    0xb8, 0xb8, 0xb8, 0xb8, 0x9f, 0x03, 0x00, 0xff, 0xff, 0x24, 0x00, 0x00, 0x00, 0x00, 0x00, 0x00,
    0x00, 0xff, 0xff, 0x24, 0x00, 0x00, 0x00, 0x00, 0x00, 0x00, 0x00, 0xff, 0xff, 0x24, 0x00, 0x00,
    0x00, 0x00, 0x00, 0x00, 0x00, 0xff, 0xff, 0x24, 0x00, 0x00, 0x00, 0x00, 0x00, 0x00, 0x00, 0xff,
    0xff, 0xff, 0xff, 0xff, 0xff, 0xff, 0x96, 0x00, 0x00, 0xff, 0xff, 0xc2, 0xb8, 0xb8, 0xb8, 0xb7,
    0x5f, 0x00, 0x00, 0xff, 0xff, 0x24, 0x00, 0x00, 0x00, 0x00, 0x00, 0x00, 0x00, 0xff, 0xff, 0x24,
    0x00, 0x00, 0x00, 0x00, 0x00, 0x00, 0x00, 0xff, 0xff, 0x24, 0x00, 0x00, 0x00, 0x00, 0x00, 0x00,
    0x00, 0xff, 0xff, 0xc2, 0xb8, 0xb8, 0xb8, 0xb8, 0x9f, 0x03, 0x00, 0xba, 0xff, 0xff, 0xff, 0xff,
    0xff, 0xff, 0xe7, 0x0d, 0x00, 0x00, 0x0f, 0xdc, 0xc8, 0x0f, 0xdc, 0xc7, 0x00, 0x00, 0x00, 0x00,
    0x06, 0x96, 0x83, 0x06, 0x96, 0x8a, 0x00, 0x00, 0x00, 0x00, 0x00, 0x00, 0x00, 0x00, 0x00, 0x00,
    0x00, 0x00, 0x00, 0xb7, 0xff, 0xff, 0xff, 0xff, 0xff, 0xff, 0xe7, 0x0d, 0x00, 0xfe, 0xff, 0xc2,
    0xb8, 0xb8, 0xb8, 0xb8, 0x9f, 0x03, 0x00, 0xff, 0xff, 0x24, 0x00, 0x00, 0x00, 0x00, 0x00, 0x00,
    0x00, 0xff, 0xff, 0x24, 0x00, 0x00, 0x00, 0x00, 0x00, 0x00, 0x00, 0xff, 0xff, 0x24, 0x00, 0x00,
    0x00, 0x00, 0x00, 0x00, 0x00, 0xff, 0xff, 0x24, 0x00, 0x00, 0x00, 0x00, 0x00, 0x00, 0x00, 0xff,
    0xff, 0xff, 0xff, 0xff, 0xff, 0xff, 0x96, 0x00, 0x00, 0xff, 0xff, 0xc2, 0xb8, 0xb8, 0xb8, 0xb7,
    0x5f, 0x00, 0x00, 0xff, 0xff, 0x24, 0x00, 0x00, 0x00, 0x00, 0x00, 0x00, 0x00, 0xff, 0xff, 0x24,
    0x00, 0x00, 0x00, 0x00, 0x00, 0x00, 0x00, 0xff, 0xff, 0x24, 0x00, 0x00, 0x00, 0x00, 0x00, 0x00,
    0x00, 0xff, 0xff, 0xc2, 0xb8, 0xb8, 0xb8, 0xb8, 0x9f, 0x03, 0x00, 0xba, 0xff, 0xff, 0xff, 0xff,
    0xff, 0xff, 0xe7, 0x0d, 0x04, 0x61, 0x0e, 0x00, 0x00, 0x00, 0x2e, 0xff, 0xa5, 0x00, 0x00, 0x00,
    0x00, 0x8b, 0xff, 0x47, 0x00, 0x00, 0x00, 0x01, 0xa5, 0x8d, 0x00, 0x00, 0x00, 0x00, 0x00, 0x00,
    0x00, 0x00, 0x00, 0x00, 0xc1, 0xda, 0x08, 0x00, 0x00, 0x00, 0xff, 0xff, 0x23, 0x00, 0x00, 0x00,
    0xff, 0xff, 0x24, 0x00, 0x00, 0x00, 0xff, 0xff, 0x24, 0x00, 0x00, 0x00, 0xff, 0xff, 0x24, 0x00,
    0x00, 0x00, 0xff, 0xff, 0x24, 0x00, 0x00, 0x00, 0xff, 0xff, 0x24, 0x00, 0x00, 0x00, 0xff, 0xff,
    0x24, 0x00, 0x00, 0x00, 0xff, 0xff, 0x24, 0x00, 0x00, 0x00, 0xff, 0xff, 0x24, 0x00, 0x00, 0x00,
    0xff, 0xff, 0x24, 0x00, 0x00, 0x00, 0xff, 0xff, 0x23, 0x00, 0x00, 0x00, 0xc1, 0xdc, 0x08, 0x00,
    0x00, 0x00, 0x00, 0x21, 0x53, 0x00, 0x00, 0x00, 0x05, 0xd1, 0xf6, 0x05, 0x00, 0x00, 0x7a, 0xff,
    0x5b, 0x00, 0x00, 0x00, 0xbf, 0x79, 0x00, 0x00, 0x00, 0x00, 0x00, 0x00, 0x00, 0x00, 0x00, 0xc1,
    0xda, 0x08, 0x00, 0x00, 0x00, 0xff, 0xff, 0x23, 0x00, 0x00, 0x00, 0xff, 0xff, 0x24, 0x00, 0x00,
    0x00, 0xff, 0xff, 0x24, 0x00, 0x00, 0x00, 0xff, 0xff, 0x24, 0x00, 0x00, 0x00, 0xff, 0xff, 0x24,
    0x00, 0x00, 0x00, 0xff, 0xff, 0x24, 0x00, 0x00, 0x00, 0xff, 0xff, 0x24, 0x00, 0x00, 0x00, 0xff,
    0xff, 0x24, 0x00, 0x00, 0x00, 0xff, 0xff, 0x24, 0x00, 0x00, 0x00, 0xff, 0xff, 0x24, 0x00, 0x00,
    0x00, 0xff, 0xff, 0x23, 0x00, 0x00, 0x00, 0xc1, 0xdc, 0x08, 0x00, 0x00, 0x00, 0x00, 0x4c, 0x60,
    0x01, 0x00, 0x00, 0x55, 0xff, 0xff, 0x83, 0x00, 0x19, 0xed, 0xaa, 0x81, 0xfc, 0x36, 0x61, 0xc9,
    0x0b, 0x01, 0xa6, 0x8c, 0x00, 0x00, 0x00, 0x00, 0x00, 0x00, 0x00, 0x00, 0xc1, 0xda, 0x08, 0x00,
    0x00, 0x00, 0xff, 0xff, 0x23, 0x00, 0x00, 0x00, 0xff, 0xff, 0x24, 0x00, 0x00, 0x00, 0xff, 0xff,
    0x24, 0x00, 0x00, 0x00, 0xff, 0xff, 0x24, 0x00, 0x00, 0x00, 0xff, 0xff, 0x24, 0x00, 0x00, 0x00,
    0xff, 0xff, 0x24, 0x00, 0x00, 0x00, 0xff, 0xff, 0x24, 0x00, 0x00, 0x00, 0xff, 0xff, 0x24, 0x00,
    0x00, 0x00, 0xff, 0xff, 0x24, 0x00, 0x00, 0x00, 0xff, 0xff, 0x24, 0x00, 0x00, 0x00, 0xff, 0xff,
    0x23, 0x00, 0x00, 0x00, 0xc1, 0xdc, 0x08, 0x00, 0x81, 0x94, 0x06, 0x80, 0x95, 0x06, 0xca, 0xde,
    0x0f, 0xc9, 0xdf, 0x0f, 0x00, 0x00, 0x00, 0x00, 0x00, 0x00, 0x00, 0x09, 0xdc, 0xbf, 0x00, 0x00,
    0x00, 0x23, 0xff, 0xff, 0x00, 0x00, 0x00, 0x24, 0xff, 0xff, 0x00, 0x00, 0x00, 0x24, 0xff, 0xff,
    0x00, 0x00, 0x00, 0x24, 0xff, 0xff, 0x00, 0x00, 0x00, 0x24, 0xff, 0xff, 0x00, 0x00, 0x00, 0x24,
    0xff, 0xff, 0x00, 0x00, 0x00, 0x24, 0xff, 0xff, 0x00, 0x00, 0x00, 0x24, 0xff, 0xff, 0x00, 0x00,
    0x00, 0x24, 0xff, 0xff, 0x00, 0x00, 0x00, 0x24, 0xff, 0xff, 0x00, 0x00, 0x00, 0x23, 0xff, 0xff,
    0x00, 0x00, 0x00, 0x08, 0xdc, 0xc1, 0x00, 0x00, 0x00, 0x00, 0xb7, 0xff, 0xff, 0xff, 0xfe, 0xee,
    0xc5, 0x77, 0x0e, 0x00, 0x00, 0x00, 0x00, 0x00, 0xfe, 0xff, 0xc2, 0xb8, 0xbb, 0xd2, 0xfd, 0xff,
    0xe0, 0x2c, 0x00, 0x00, 0x00, 0x00, 0xff, 0xff, 0x24, 0x00, 0x00, 0x00, 0x1c, 0xb2, 0xff, 0xe0,
    0x0e, 0x00, 0x00, 0x00, 0xff, 0xff, 0x24, 0x00, 0x00, 0x00, 0x00, 0x05, 0xd2, 0xff, 0x75, 0x00,
    0x00, 0x00, 0xff, 0xff, 0x24, 0x00, 0x00, 0x00, 0x00, 0x00, 0x69, 0xff, 0xc4, 0x00, 0x00, 0x00,
    0xff, 0xff, 0x24, 0x00, 0x00, 0x00, 0x00, 0x00, 0x36, 0xff, 0xed, 0x00, 0x27, 0xf2, 0xff, 0xff,
    0xff, 0xff, 0xff, 0xaf, 0x00, 0x00, 0x28, 0xff, 0xfb, 0x00, 0x13, 0xa9, 0xff, 0xff, 0xdc, 0xb8,
    0xb8, 0x6e, 0x00, 0x00, 0x37, 0xff, 0xed, 0x00, 0x00, 0x00, 0xff, 0xff, 0x24, 0x00, 0x00, 0x00,
    0x00, 0x00, 0x6b, 0xff, 0xc4, 0x00, 0x00, 0x00, 0xff, 0xff, 0x24, 0x00, 0x00, 0x00, 0x00, 0x06,
    0xd4, 0xff, 0x77, 0x00, 0x00, 0x00, 0xff, 0xff, 0x24, 0x00, 0x00, 0x00, 0x1b, 0xb4, 0xff, 0xe2,
    0x0f, 0x00, 0x00, 0x00, 0xff, 0xff, 0xc2, 0xb8, 0xba, 0xd1, 0xfc, 0xff, 0xe2, 0x2f, 0x00, 0x00,
    0x00, 0x00, 0xba, 0xff, 0xff, 0xff, 0xfe, 0xef, 0xc6, 0x78, 0x0f, 0x00, 0x00, 0x00, 0x00, 0x00,
    0x00, 0x70, 0xc6, 0x95, 0x1b, 0x00, 0x5d, 0x93, 0x00, 0x00, 0x00, 0x00, 0x00, 0x46, 0xfa, 0xb9,
    0xee, 0xf4, 0xb6, 0xf3, 0x6b, 0x00, 0x00, 0x00, 0x00, 0x00, 0x73, 0x7d, 0x00, 0x12, 0x89, 0xc7,
    0x8b, 0x03, 0x00, 0x00, 0x00, 0x00, 0x00, 0x00, 0x00, 0x00, 0x00, 0x00, 0x00, 0x00, 0x00, 0x00,
    0x00, 0x00, 0x00, 0xc6, 0xc1, 0x08, 0x00, 0x00, 0x00, 0x00, 0x00, 0xc4, 0xdd, 0x09, 0x00, 0x00,
    0xff, 0xff, 0x95, 0x00, 0x00, 0x00, 0x00, 0x00, 0xff, 0xff, 0x23, 0x00, 0x00, 0xff, 0xff, 0xff,
    0x4f, 0x00, 0x00, 0x00, 0x00, 0xff, 0xff, 0x24, 0x00, 0x00, 0xff, 0xff, 0xff, 0xec, 0x1b, 0x00,
    0x00, 0x00, 0xff, 0xff, 0x24, 0x00, 0x00, 0xff, 0xff, 0xa1, 0xff, 0xbf, 0x02, 0x00, 0x00, 0xff,
    0xff, 0x24, 0x00, 0x00, 0xff, 0xff, 0x26, 0xc1, 0xff, 0x7a, 0x00, 0x00, 0xff, 0xff, 0x24, 0x00,
    0x00, 0xff, 0xff, 0x24, 0x1d, 0xee, 0xfb, 0x38, 0x00, 0xff, 0xff, 0x24, 0x00, 0x00, 0xff, 0xff,
    0x24, 0x00, 0x52, 0xff, 0xde, 0x0e, 0xff, 0xff, 0x24, 0x00, 0x00, 0xff, 0xff, 0x24, 0x00, 0x00,
    0x99, 0xff, 0xa6, 0xff, 0xff, 0x24, 0x00, 0x00, 0xff, 0xff, 0x24, 0x00, 0x00, 0x0a, 0xd6, 0xff,
    0xff, 0xff, 0x24, 0x00, 0x00, 0xff, 0xff, 0x24, 0x00, 0x00, 0x00, 0x2f, 0xf8, 0xff, 0xff, 0x24,
    0x00, 0x00, 0xff, 0xff, 0x23, 0x00, 0x00, 0x00, 0x00, 0x6e, 0xff, 0xff, 0x23, 0x00, 0x00, 0xc4,
    0xe0, 0x0a, 0x00, 0x00, 0x00, 0x00, 0x00, 0xa1, 0xe3, 0x06, 0x00, 0x00, 0x00, 0x00, 0x00, 0x4a,
    0x2a, 0x00, 0x00, 0x00, 0x00, 0x00, 0x00, 0x00, 0x00, 0x00, 0x00, 0x00, 0xe8, 0xdf, 0x0b, 0x00,
    0x00, 0x00, 0x00, 0x00, 0x00, 0x00, 0x00, 0x00, 0x00, 0x4a, 0xfc, 0x8e, 0x00, 0x00, 0x00, 0x00,
    0x00, 0x00, 0x00, 0x00, 0x00, 0x00, 0x00, 0x67, 0xcd, 0x00, 0x00, 0x00, 0x00, 0x00, 0x00, 0x00,
    0x00, 0x00, 0x00, 0x00, 0x00, 0x00, 0x00, 0x00, 0x00, 0x00, 0x00, 0x00, 0x00, 0x00, 0x00, 0x1e,
    0x97, 0xe0, 0xf8, 0xe2, 0xa5, 0x2f, 0x00, 0x00, 0x00, 0x00, 0x00, 0x3d, 0xf1, 0xff, 0xe8, 0xc0,
    0xdd, 0xff, 0xf9, 0x56, 0x00, 0x00, 0x00, 0x12, 0xe8, 0xff, 0x85, 0x05, 0x00, 0x00, 0x63, 0xfd,
    0xf6, 0x23, 0x00, 0x00, 0x78, 0xff, 0xc2, 0x00, 0x00, 0x00, 0x00, 0x00, 0x9d, 0xff, 0x99, 0x00,
    0x00, 0xc5, 0xff, 0x64, 0x00, 0x00, 0x00, 0x00, 0x00, 0x3e, 0xff, 0xe9, 0x00, 0x00, 0xee, 0xff,
    0x35, 0x00, 0x00, 0x00, 0x00, 0x00, 0x10, 0xff, 0xff, 0x0c, 0x00, 0xfa, 0xff, 0x29, 0x00, 0x00,
    0x00, 0x00, 0x00, 0x04, 0xff, 0xff, 0x1e, 0x00, 0xe8, 0xff, 0x40, 0x00, 0x00, 0x00, 0x00, 0x00,
    0x14, 0xff, 0xff, 0x11, 0x00, 0xc3, 0xff, 0x67, 0x00, 0x00, 0x00, 0x00, 0x00, 0x46, 0xff, 0xe6,
    0x00, 0x00, 0x74, 0xff, 0xcd, 0x00, 0x00, 0x00, 0x00, 0x00, 0xa6, 0xff, 0x99, 0x00, 0x00, 0x0e,
    0xe4, 0xff, 0x82, 0x02, 0x00, 0x01, 0x6c, 0xfe, 0xf6, 0x25, 0x00, 0x00, 0x00, 0x3a, 0xed, 0xff,
    0xe5, 0xbf, 0xe0, 0xff, 0xfa, 0x56, 0x00, 0x00, 0x00, 0x00, 0x00, 0x20, 0x95, 0xdd, 0xf8, 0xe8,
    0xa8, 0x2e, 0x00, 0x00, 0x00, 0x00, 0x00, 0x00, 0x00, 0x00, 0x00, 0x00, 0x08, 0x62, 0x08, 0x00,
    0x00, 0x00, 0x00, 0x00, 0x00, 0x00, 0x00, 0x00, 0x00, 0x92, 0xff, 0x44, 0x00, 0x00, 0x00, 0x00,
    0x00, 0x00, 0x00, 0x00, 0x00, 0x35, 0xfd, 0x9e, 0x00, 0x00, 0x00, 0x00, 0x00, 0x00, 0x00, 0x00,
    0x00, 0x00, 0x7c, 0xb5, 0x05, 0x00, 0x00, 0x00, 0x00, 0x00, 0x00, 0x00, 0x00, 0x00, 0x00, 0x00,
    0x00, 0x00, 0x00, 0x00, 0x00, 0x00, 0x00, 0x00, 0x00, 0x1e, 0x97, 0xe0, 0xf8, 0xe2, 0xa5, 0x2f,
    0x00, 0x00, 0x00, 0x00, 0x00, 0x3d, 0xf1, 0xff, 0xe8, 0xc0, 0xdd, 0xff, 0xf9, 0x56, 0x00, 0x00,
    0x00, 0x12, 0xe8, 0xff, 0x85, 0x05, 0x00, 0x00, 0x63, 0xfd, 0xf6, 0x23, 0x00, 0x00, 0x78, 0xff,
    0xc2, 0x00, 0x00, 0x00, 0x00, 0x00, 0x9d, 0xff, 0x99, 0x00, 0x00, 0xc5, 0xff, 0x64, 0x00, 0x00,
    0x00, 0x00, 0x00, 0x3e, 0xff, 0xe9, 0x00, 0x00, 0xee, 0xff, 0x35, 0x00, 0x00, 0x00, 0x00, 0x00,
    0x10, 0xff, 0xff, 0x0c, 0x00, 0xfa, 0xff, 0x29, 0x00, 0x00, 0x00, 0x00, 0x00, 0x04, 0xff, 0xff,
    0x1e, 0x00, 0xe8, 0xff, 0x40, 0x00, 0x00, 0x00, 0x00, 0x00, 0x14, 0xff, 0xff, 0x11, 0x00, 0xc3,
    0xff, 0x67, 0x00, 0x00, 0x00, 0x00, 0x00, 0x46, 0xff, 0xe6, 0x00, 0x00, 0x74, 0xff, 0xcd, 0x00,
    0x00, 0x00, 0x00, 0x00, 0xa6, 0xff, 0x99, 0x00, 0x00, 0x0e, 0xe4, 0xff, 0x82, 0x02, 0x00, 0x01,
    0x6c, 0xfe, 0xf6, 0x25, 0x00, 0x00, 0x00, 0x3a, 0xed, 0xff, 0xe5, 0xbf, 0xe0, 0xff, 0xfa, 0x56,
    0x00, 0x00, 0x00, 0x00, 0x00, 0x20, 0x95, 0xdd, 0xf8, 0xe8, 0xa8, 0x2e, 0x00, 0x00, 0x00, 0x00,
    0x00, 0x00, 0x00, 0x00, 0x19, 0x6f, 0x24, 0x00, 0x00, 0x00, 0x00, 0x00, 0x00, 0x00, 0x00, 0x00,
    0x08, 0xd4, 0xff, 0xe6, 0x14, 0x00, 0x00, 0x00, 0x00, 0x00, 0x00, 0x00, 0x00, 0x8f, 0xf4, 0x4c,
    0xea, 0xab, 0x00, 0x00, 0x00, 0x00, 0x00, 0x00, 0x00, 0x01, 0xdf, 0x55, 0x00, 0x3d, 0xe6, 0x10,
    0x00, 0x00, 0x00, 0x00, 0x00, 0x00, 0x00, 0x00, 0x00, 0x00, 0x00, 0x00, 0x00, 0x00, 0x00, 0x00,
    0x00, 0x00, 0x00, 0x1e, 0x97, 0xe0, 0xf8, 0xe2, 0xa5, 0x2f, 0x00, 0x00, 0x00, 0x00, 0x00, 0x3d,
    0xf1, 0xff, 0xe8, 0xc0, 0xdd, 0xff, 0xf9, 0x56, 0x00, 0x00, 0x00, 0x12, 0xe8, 0xff, 0x85, 0x05,
    0x00, 0x00, 0x63, 0xfd, 0xf6, 0x23, 0x00, 0x00, 0x78, 0xff, 0xc2, 0x00, 0x00, 0x00, 0x00, 0x00,
    0x9d, 0xff, 0x99, 0x00, 0x00, 0xc5, 0xff, 0x64, 0x00, 0x00, 0x00, 0x00, 0x00, 0x3e, 0xff, 0xe9,
    0x00, 0x00, 0xee, 0xff, 0x35, 0x00, 0x00, 0x00, 0x00, 0x00, 0x10, 0xff, 0xff, 0x0c, 0x00, 0xfa,
    0xff, 0x29, 0x00, 0x00, 0x00, 0x00, 0x00, 0x04, 0xff, 0xff, 0x1e, 0x00, 0xe8, 0xff, 0x40, 0x00,
    0x00, 0x00, 0x00, 0x00, 0x14, 0xff, 0xff, 0x11, 0x00, 0xc3, 0xff, 0x67, 0x00, 0x00, 0x00, 0x00,
    0x00, 0x46, 0xff, 0xe6, 0x00, 0x00, 0x74, 0xff, 0xcd, 0x00, 0x00, 0x00, 0x00, 0x00, 0xa6, 0xff,
    0x99, 0x00, 0x00, 0x0e, 0xe4, 0xff, 0x82, 0x02, 0x00, 0x01, 0x6c, 0xfe, 0xf6, 0x25, 0x00, 0x00,
    0x00, 0x3a, 0xed, 0xff, 0xe5, 0xbf, 0xe0, 0xff, 0xfa, 0x56, 0x00, 0x00, 0x00, 0x00, 0x00, 0x20,
    0x95, 0xdd, 0xf8, 0xe8, 0xa8, 0x2e, 0x00, 0x00, 0x00, 0x00, 0x00, 0x00, 0x29, 0xb4, 0xbb, 0x56,
    0x00, 0x03, 0xc6, 0x25, 0x00, 0x00, 0x00, 0x00, 0x00, 0xd6, 0xd6, 0xca, 0xff, 0xd1, 0xca, 0xeb,
    0x07, 0x00, 0x00, 0x00, 0x00, 0x10, 0xd4, 0x0d, 0x00, 0x48, 0xb6, 0xbe, 0x3b, 0x00, 0x00, 0x00,
    0x00, 0x00, 0x00, 0x00, 0x00, 0x00, 0x00, 0x00, 0x00, 0x00, 0x00, 0x00, 0x00, 0x00, 0x00, 0x00,
    0x1e, 0x97, 0xe0, 0xf8, 0xe2, 0xa5, 0x2f, 0x00, 0x00, 0x00, 0x00, 0x00, 0x3d, 0xf1, 0xff, 0xe8,
    0xc0, 0xdd, 0xff, 0xf9, 0x56, 0x00, 0x00, 0x00, 0x12, 0xe8, 0xff, 0x85, 0x05, 0x00, 0x00, 0x63,
    0xfd, 0xf6, 0x23, 0x00, 0x00, 0x78, 0xff, 0xc2, 0x00, 0x00, 0x00, 0x00, 0x00, 0x9d, 0xff, 0x99,
    0x00, 0x00, 0xc5, 0xff, 0x64, 0x00, 0x00, 0x00, 0x00, 0x00, 0x3e, 0xff, 0xe9, 0x00, 0x00, 0xee,
    0xff, 0x35, 0x00, 0x00, 0x00, 0x00, 0x00, 0x10, 0xff, 0xff, 0x0c, 0x00, 0xfa, 0xff, 0x29, 0x00,
    0x00, 0x00, 0x00, 0x00, 0x04, 0xff, 0xff, 0x1e, 0x00, 0xe8, 0xff, 0x40, 0x00, 0x00, 0x00, 0x00,
    0x00, 0x14, 0xff, 0xff, 0x11, 0x00, 0xc3, 0xff, 0x67, 0x00, 0x00, 0x00, 0x00, 0x00, 0x46, 0xff,
    0xe6, 0x00, 0x00, 0x74, 0xff, 0xcd, 0x00, 0x00, 0x00, 0x00, 0x00, 0xa6, 0xff, 0x99, 0x00, 0x00,
    0x0e, 0xe4, 0xff, 0x82, 0x02, 0x00, 0x01, 0x6c, 0xfe, 0xf6, 0x25, 0x00, 0x00, 0x00, 0x3a, 0xed,
    0xff, 0xe5, 0xbf, 0xe0, 0xff, 0xfa, 0x56, 0x00, 0x00, 0x00, 0x00, 0x00, 0x20, 0x95, 0xdd, 0xf8,
    0xe8, 0xa8, 0x2e, 0x00, 0x00, 0x00, 0x00, 0x00, 0x00, 0x00, 0x81, 0x94, 0x06, 0x80, 0x95, 0x06,
    0x00, 0x00, 0x00, 0x00, 0x00, 0x00, 0x00, 0xca, 0xde, 0x0f, 0xc9, 0xdf, 0x0f, 0x00, 0x00, 0x00,
    0x00, 0x00, 0x00, 0x00, 0x00, 0x00, 0x00, 0x00, 0x00, 0x00, 0x00, 0x00, 0x00, 0x00, 0x00, 0x00,
    0x1e, 0x97, 0xe0, 0xf8, 0xe2, 0xa5, 0x2f, 0x00, 0x00, 0x00, 0x00, 0x00, 0x3d, 0xf1, 0xff, 0xe8,
    0xc0, 0xdd, 0xff, 0xf9, 0x56, 0x00, 0x00, 0x00, 0x12, 0xe8, 0xff, 0x85, 0x05, 0x00, 0x00, 0x63,
    0xfd, 0xf6, 0x23, 0x00, 0x00, 0x78, 0xff, 0xc2, 0x00, 0x00, 0x00, 0x00, 0x00, 0x9d, 0xff, 0x99,
    0x00, 0x00, 0xc5, 0xff, 0x64, 0x00, 0x00, 0x00, 0x00, 0x00, 0x3e, 0xff, 0xe9, 0x00, 0x00, 0xee,
    0xff, 0x35, 0x00, 0x00, 0x00, 0x00, 0x00, 0x10, 0xff, 0xff, 0x0c, 0x00, 0xfa, 0xff, 0x29, 0x00,
    0x00, 0x00, 0x00, 0x00, 0x04, 0xff, 0xff, 0x1e, 0x00, 0xe8, 0xff, 0x40, 0x00, 0x00, 0x00, 0x00,
    0x00, 0x14, 0xff, 0xff, 0x11, 0x00, 0xc3, 0xff, 0x67, 0x00, 0x00, 0x00, 0x00, 0x00, 0x46, 0xff,
    0xe6, 0x00, 0x00, 0x74, 0xff, 0xcd, 0x00, 0x00, 0x00, 0x00, 0x00, 0xa6, 0xff, 0x99, 0x00, 0x00,
    0x0e, 0xe4, 0xff, 0x82, 0x02, 0x00, 0x01, 0x6c, 0xfe, 0xf6, 0x25, 0x00, 0x00, 0x00, 0x3a, 0xed,
    0xff, 0xe5, 0xbf, 0xe0, 0xff, 0xfa, 0x56, 0x00, 0x00, 0x00, 0x00, 0x00, 0x20, 0x95, 0xdd, 0xf8,
    0xe8, 0xa8, 0x2e, 0x00, 0x00, 0x00, 0x00, 0x00, 0x00, 0x00, 0x00, 0x00, 0x00, 0x00, 0x00, 0x00,
    0x01, 0xde, 0x77, 0x00, 0x00, 0x00, 0x16, 0xd0, 0x6c, 0x00, 0x00, 0xa6, 0xff, 0x6f, 0x00, 0x11,
    0xd1, 0xf6, 0x3a, 0x00, 0x00, 0x05, 0xb6, 0xfe, 0x6e, 0xca, 0xfa, 0x4a, 0x00, 0x00, 0x00, 0x00,
    0x09, 0xc0, 0xff, 0xfd, 0x56, 0x00, 0x00, 0x00, 0x00, 0x00, 0x05, 0xb4, 0xff, 0xfa, 0x4a, 0x00,
    0x00, 0x00, 0x00, 0x02, 0xa8, 0xff, 0x75, 0xd1, 0xf6, 0x3f, 0x00, 0x00, 0x00, 0x98, 0xff, 0x72,
    0x00, 0x17, 0xda, 0xf2, 0x2f, 0x00, 0x00, 0xd4, 0x7a, 0x00, 0x00, 0x00, 0x1e, 0xdb, 0x67, 0x00,
    0x00, 0x00, 0x00, 0x00, 0x00, 0x00, 0x00, 0x00, 0x00, 0x00, 0x00, 0x00, 0x00, 0x00, 0x00, 0x00,
    0x00, 0x00, 0x00, 0x3f, 0x82, 0x00, 0x00, 0x00, 0x00, 0x00, 0x1e, 0x97, 0xe0, 0xf8, 0xe2, 0xac,
    0xff, 0xec, 0x01, 0x00, 0x00, 0x00, 0x3d, 0xf1, 0xff, 0xe8, 0xc0, 0xdd, 0xff, 0xff, 0xcb, 0x00,
    0x00, 0x00, 0x12, 0xe8, 0xff, 0x85, 0x05, 0x00, 0x0e, 0xff, 0xff, 0xfd, 0x23, 0x00, 0x00, 0x78,
    0xff, 0xc2, 0x00, 0x00, 0x00, 0x85, 0xff, 0xf2, 0xff, 0x99, 0x00, 0x00, 0xc5, 0xff, 0x64, 0x00,
    0x00, 0x1b, 0xf5, 0xc7, 0x3e, 0xff, 0xe9, 0x00, 0x00, 0xee, 0xff, 0x35, 0x00, 0x00, 0x9e, 0xff,
    0x3b, 0x10, 0xff, 0xff, 0x0c, 0x00, 0xfa, 0xff, 0x29, 0x00, 0x2d, 0xfd, 0xad, 0x00, 0x04, 0xff,
    0xff, 0x1e, 0x00, 0xe8, 0xff, 0x40, 0x00, 0xb7, 0xfa, 0x25, 0x00, 0x14, 0xff, 0xff, 0x11, 0x00,
    0xc3, 0xff, 0x67, 0x43, 0xff, 0x93, 0x00, 0x00, 0x46, 0xff, 0xe6, 0x00, 0x00, 0x74, 0xff, 0xcf,
    0xce, 0xf1, 0x15, 0x00, 0x00, 0xa6, 0xff, 0x99, 0x00, 0x00, 0x0e, 0xe4, 0xff, 0xff, 0x7c, 0x00,
    0x01, 0x6c, 0xfe, 0xf6, 0x25, 0x00, 0x00, 0x00, 0x45, 0xff, 0xff, 0xee, 0xbf, 0xe0, 0xff, 0xfa,
    0x56, 0x00, 0x00, 0x00, 0x00, 0x79, 0xff, 0xfe, 0xdd, 0xf8, 0xe8, 0xa8, 0x2e, 0x00, 0x00, 0x00,
    0x00, 0x00, 0x7c, 0xc3, 0x04, 0x00, 0x00, 0x00, 0x00, 0x00, 0x00, 0x00, 0x00, 0x00, 0x00, 0x00,
    0x00, 0x00, 0x00, 0x00, 0x00, 0x00, 0x00, 0x00, 0x00, 0x00, 0x00, 0x00, 0x00, 0x0b, 0x62, 0x07,
    0x00, 0x00, 0x00, 0x00, 0x00, 0x00, 0x00, 0x00, 0x00, 0x00, 0x48, 0xff, 0x8a, 0x00, 0x00, 0x00,
    0x00, 0x00, 0x00, 0x00, 0x00, 0x00, 0x00, 0x00, 0xa5, 0xfc, 0x32, 0x00, 0x00, 0x00, 0x00, 0x00,
    0x00, 0x00, 0x00, 0x00, 0x00, 0x07, 0xbb, 0x72, 0x00, 0x00, 0x00, 0x00, 0x00, 0x00, 0x00, 0x00,
    0x00, 0x00, 0x00, 0x00, 0x00, 0x00, 0x00, 0x00, 0x00, 0x00, 0x00, 0x00, 0xc3, 0xdc, 0x08, 0x00,
    0x00, 0x00, 0x00, 0x00, 0xc3, 0xdc, 0x09, 0x00, 0x00, 0xff, 0xff, 0x23, 0x00, 0x00, 0x00, 0x00,
    0x00, 0xff, 0xff, 0x23, 0x00, 0x00, 0xff, 0xff, 0x24, 0x00, 0x00, 0x00, 0x00, 0x00, 0xff, 0xff,
    0x24, 0x00, 0x00, 0xff, 0xff, 0x24, 0x00, 0x00, 0x00, 0x00, 0x00, 0xff, 0xff, 0x24, 0x00, 0x00,
    0xff, 0xff, 0x24, 0x00, 0x00, 0x00, 0x00, 0x00, 0xff, 0xff, 0x24, 0x00, 0x00, 0xff, 0xff, 0x24,
    0x00, 0x00, 0x00, 0x00, 0x00, 0xff, 0xff, 0x24, 0x00, 0x00, 0xff, 0xff, 0x24, 0x00, 0x00, 0x00,
    0x00, 0x00, 0xff, 0xff, 0x24, 0x00, 0x00, 0xfe, 0xff, 0x24, 0x00, 0x00, 0x00, 0x00, 0x00, 0xff,
    0xff, 0x22, 0x00, 0x00, 0xf1, 0xff, 0x3a, 0x00, 0x00, 0x00, 0x00, 0x17, 0xff, 0xff, 0x0f, 0x00,
    0x00, 0xc6, 0xff, 0x71, 0x00, 0x00, 0x00, 0x00, 0x4d, 0xff, 0xe7, 0x00, 0x00, 0x00, 0x6d, 0xff,
    0xe8, 0x2f, 0x00, 0x00, 0x1d, 0xd5, 0xff, 0x8f, 0x00, 0x00, 0x00, 0x05, 0xc1, 0xff, 0xfb, 0xd1,
    0xca, 0xf7, 0xff, 0xd8, 0x0f, 0x00, 0x00, 0x00, 0x00, 0x07, 0x77, 0xcf, 0xf5, 0xf5, 0xd6, 0x84,
    0x0d, 0x00, 0x00, 0x00, 0x00, 0x00, 0x00, 0x00, 0x00, 0x00, 0x00, 0x2d, 0x46, 0x00, 0x00, 0x00,
    0x00, 0x00, 0x00, 0x00, 0x00, 0x00, 0x00, 0x0d, 0xe3, 0xe4, 0x00, 0x00, 0x00, 0x00, 0x00, 0x00,
    0x00, 0x00, 0x00, 0x00, 0x93, 0xfa, 0x43, 0x00, 0x00, 0x00, 0x00, 0x00, 0x00, 0x00, 0x00, 0x00,
    0x00, 0xd6, 0x60, 0x00, 0x00, 0x00, 0x00, 0x00, 0x00, 0x00, 0x00, 0x00, 0x00, 0x00, 0x00, 0x00,
    0x00, 0x00, 0x00, 0x00, 0x00, 0x00, 0xc3, 0xdc, 0x08, 0x00, 0x00, 0x00, 0x00, 0x00, 0xc3, 0xdc,
    0x09, 0x00, 0x00, 0xff, 0xff, 0x23, 0x00, 0x00, 0x00, 0x00, 0x00, 0xff, 0xff, 0x23, 0x00, 0x00,
    0xff, 0xff, 0x24, 0x00, 0x00, 0x00, 0x00, 0x00, 0xff, 0xff, 0x24, 0x00, 0x00, 0xff, 0xff, 0x24,
    0x00, 0x00, 0x00, 0x00, 0x00, 0xff, 0xff, 0x24, 0x00, 0x00, 0xff, 0xff, 0x24, 0x00, 0x00, 0x00,
    0x00, 0x00, 0xff, 0xff, 0x24, 0x00, 0x00, 0xff, 0xff, 0x24, 0x00, 0x00, 0x00, 0x00, 0x00, 0xff,
    0xff, 0x24, 0x00, 0x00, 0xff, 0xff, 0x24, 0x00, 0x00, 0x00, 0x00, 0x00, 0xff, 0xff, 0x24, 0x00,
    0x00, 0xfe, 0xff, 0x24, 0x00, 0x00, 0x00, 0x00, 0x00, 0xff, 0xff, 0x22, 0x00, 0x00, 0xf1, 0xff,
    0x3a, 0x00, 0x00, 0x00, 0x00, 0x17, 0xff, 0xff, 0x0f, 0x00, 0x00, 0xc6, 0xff, 0x71, 0x00, 0x00,
    0x00, 0x00, 0x4d, 0xff, 0xe7, 0x00, 0x00, 0x00, 0x6d, 0xff, 0xe8, 0x2f, 0x00, 0x00, 0x1d, 0xd5,
    0xff, 0x8f, 0x00, 0x00, 0x00, 0x05, 0xc1, 0xff, 0xfb, 0xd1, 0xca, 0xf7, 0xff, 0xd8, 0x0f, 0x00,
    0x00, 0x00, 0x00, 0x07, 0x77, 0xcf, 0xf5, 0xf5, 0xd6, 0x84, 0x0d, 0x00, 0x00, 0x00, 0x00, 0x00,
    0x00, 0x00, 0x00, 0x4e, 0x5f, 0x01, 0x00, 0x00, 0x00, 0x00, 0x00, 0x00, 0x00, 0x00, 0x00, 0x59,
    0xff, 0xff, 0x7f, 0x00, 0x00, 0x00, 0x00, 0x00, 0x00, 0x00, 0x00, 0x1b, 0xef, 0xa8, 0x82, 0xfb,
    0x33, 0x00, 0x00, 0x00, 0x00, 0x00, 0x00, 0x00, 0x65, 0xc7, 0x0a, 0x01, 0xa9, 0x88, 0x00, 0x00,
    0x00, 0x00, 0x00, 0x00, 0x00, 0x00, 0x00, 0x00, 0x00, 0x00, 0x00, 0x00, 0x00, 0x00, 0x00, 0x00,
    0xc3, 0xdc, 0x09, 0x00, 0x00, 0x00, 0x00, 0x00, 0xc3, 0xdc, 0x09, 0x00, 0x00, 0xff, 0xff, 0x23,
    0x00, 0x00, 0x00, 0x00, 0x00, 0xff, 0xff, 0x23, 0x00, 0x00, 0xff, 0xff, 0x24, 0x00, 0x00, 0x00,
    0x00, 0x00, 0xff, 0xff, 0x24, 0x00, 0x00, 0xff, 0xff, 0x24, 0x00, 0x00, 0x00, 0x00, 0x00, 0xff,
    0xff, 0x24, 0x00, 0x00, 0xff, 0xff, 0x24, 0x00, 0x00, 0x00, 0x00, 0x00, 0xff, 0xff, 0x24, 0x00,
    0x00, 0xff, 0xff, 0x24, 0x00, 0x00, 0x00, 0x00, 0x00, 0xff, 0xff, 0x24, 0x00, 0x00, 0xff, 0xff,
    0x24, 0x00, 0x00, 0x00, 0x00, 0x00, 0xff, 0xff, 0x24, 0x00, 0x00, 0xfe, 0xff, 0x26, 0x00, 0x00,
    0x00, 0x00, 0x02, 0xff, 0xff, 0x22, 0x00, 0x00, 0xf1, 0xff, 0x41, 0x00, 0x00, 0x00, 0x00, 0x1e,
    0xff, 0xff, 0x0f, 0x00, 0x00, 0xc6, 0xff, 0x8b, 0x00, 0x00, 0x00, 0x00, 0x68, 0xff, 0xe7, 0x00,
    0x00, 0x00, 0x6d, 0xff, 0xf8, 0x6d, 0x15, 0x0e, 0x57, 0xee, 0xff, 0x8f, 0x00, 0x00, 0x00, 0x05,
    0xc1, 0xff, 0xff, 0xff, 0xff, 0xff, 0xff, 0xd8, 0x0f, 0x00, 0x00, 0x00, 0x00, 0x07, 0x77, 0xcf,
    0xf5, 0xf5, 0xd6, 0x84, 0x0d, 0x00, 0x00, 0x00, 0x00, 0x00, 0x00, 0x6b, 0x96, 0x06, 0x06, 0x93,
    0x81, 0x00, 0x00, 0x00, 0x00, 0x00, 0x00, 0x00, 0xaa, 0xe0, 0x0f, 0x0f, 0xde, 0xcb, 0x00, 0x00,
    0x00, 0x00, 0x00, 0x00, 0x00, 0x00, 0x00, 0x00, 0x00, 0x00, 0x00, 0x00, 0x00, 0x00, 0x00, 0x00,
    0xc3, 0xdc, 0x08, 0x00, 0x00, 0x00, 0x00, 0x00, 0xc3, 0xdc, 0x09, 0x00, 0x00, 0xff, 0xff, 0x23,
    0x00, 0x00, 0x00, 0x00, 0x00, 0xff, 0xff, 0x23, 0x00, 0x00, 0xff, 0xff, 0x24, 0x00, 0x00, 0x00,
    0x00, 0x00, 0xff, 0xff, 0x24, 0x00, 0x00, 0xff, 0xff, 0x24, 0x00, 0x00, 0x00, 0x00, 0x00, 0xff,
    0xff, 0x24, 0x00, 0x00, 0xff, 0xff, 0x24, 0x00, 0x00, 0x00, 0x00, 0x00, 0xff, 0xff, 0x24, 0x00,
    0x00, 0xff, 0xff, 0x24, 0x00, 0x00, 0x00, 0x00, 0x00, 0xff, 0xff, 0x24, 0x00, 0x00, 0xff, 0xff,
    0x24, 0x00, 0x00, 0x00, 0x00, 0x00, 0xff, 0xff, 0x24, 0x00, 0x00, 0xfe, 0xff, 0x24, 0x00, 0x00,
    0x00, 0x00, 0x00, 0xff, 0xff, 0x22, 0x00, 0x00, 0xf1, 0xff, 0x3a, 0x00, 0x00, 0x00, 0x00, 0x17,
    0xff, 0xff, 0x0f, 0x00, 0x00, 0xc6, 0xff, 0x71, 0x00, 0x00, 0x00, 0x00, 0x4d, 0xff, 0xe7, 0x00,
    0x00, 0x00, 0x6d, 0xff, 0xe8, 0x2f, 0x00, 0x00, 0x1d, 0xd5, 0xff, 0x8f, 0x00, 0x00, 0x00, 0x05,
    0xc1, 0xff, 0xfb, 0xd1, 0xca, 0xf7, 0xff, 0xd8, 0x0f, 0x00, 0x00, 0x00, 0x00, 0x07, 0x77, 0xcf,
    0xf5, 0xf5, 0xd6, 0x84, 0x0d, 0x00, 0x00, 0x00, 0x00, 0x00, 0x00, 0x00, 0x00, 0x00, 0x31, 0x42,
    0x00, 0x00, 0x00, 0x00, 0x00, 0x00, 0x00, 0x00, 0x11, 0xe8, 0xd7, 0x00, 0x00, 0x00, 0x00, 0x00,
    0x00, 0x00, 0x00, 0x9e, 0xf9, 0x3d, 0x00, 0x00, 0x00, 0x00, 0x00, 0x00, 0x00, 0x00, 0xdd, 0x59,
    0x00, 0x00, 0x00, 0x00, 0x00, 0x00, 0x00, 0x00, 0x00, 0x00, 0x00, 0x00, 0x00, 0x00, 0x00, 0x9d,
    0xdf, 0x27, 0x00, 0x00, 0x00, 0x00, 0x0c, 0xc4, 0xc5, 0x00, 0xa3, 0xff, 0xcc, 0x04, 0x00, 0x00,
    0x00, 0x96, 0xff, 0xc2, 0x00, 0x1a, 0xee, 0xff, 0x79, 0x00, 0x00, 0x41, 0xfe, 0xfa, 0x2e, 0x00,
    0x00, 0x5d, 0xff, 0xf8, 0x2a, 0x0b, 0xde, 0xff, 0x7e, 0x00, 0x00, 0x00, 0x00, 0xb1, 0xff, 0xc8,
    0x97, 0xff, 0xcf, 0x05, 0x00, 0x00, 0x00, 0x00, 0x18, 0xed, 0xff, 0xff, 0xfa, 0x2f, 0x00, 0x00,
    0x00, 0x00, 0x00, 0x00, 0x5b, 0xff, 0xff, 0x90, 0x00, 0x00, 0x00, 0x00, 0x00, 0x00, 0x00, 0x00,
    0xff, 0xff, 0x29, 0x00, 0x00, 0x00, 0x00, 0x00, 0x00, 0x00, 0x00, 0xff, 0xff, 0x24, 0x00, 0x00,
    0x00, 0x00, 0x00, 0x00, 0x00, 0x00, 0xff, 0xff, 0x24, 0x00, 0x00, 0x00, 0x00, 0x00, 0x00, 0x00,
    0x00, 0xff, 0xff, 0x24, 0x00, 0x00, 0x00, 0x00, 0x00, 0x00, 0x00, 0x00, 0xff, 0xff, 0x23, 0x00,
    0x00, 0x00, 0x00, 0x00, 0x00, 0x00, 0x00, 0xc2, 0xdd, 0x08, 0x00, 0x00, 0x00, 0x00, 0x00, 0xbe,
    0xdd, 0x09, 0x00, 0x00, 0x00, 0x00, 0x00, 0x00, 0x00, 0x00, 0xff, 0xff, 0x23, 0x00, 0x00, 0x00,
    0x00, 0x00, 0x00, 0x00, 0x00, 0xff, 0xff, 0xc2, 0xb8, 0xb8, 0xb0, 0x89, 0x26, 0x00, 0x00, 0x00,
    0xff, 0xff, 0xff, 0xff, 0xff, 0xff, 0xff, 0xf7, 0x44, 0x00, 0x00, 0xff, 0xff, 0x24, 0x00, 0x01,
    0x1f, 0xb0, 0xff, 0xd8, 0x00, 0x00, 0xff, 0xff, 0x24, 0x00, 0x00, 0x00, 0x1c, 0xff, 0xff, 0x15,
    0x00, 0xff, 0xff, 0x24, 0x00, 0x00, 0x00, 0x0f, 0xff, 0xff, 0x1c, 0x00, 0xff, 0xff, 0x24, 0x00,
    0x00, 0x00, 0x74, 0xff, 0xed, 0x02, 0x00, 0xff, 0xff, 0xc2, 0xb8, 0xb9, 0xd6, 0xff, 0xff, 0x75,
    0x00, 0x00, 0xff, 0xff, 0xff, 0xff, 0xff, 0xf9, 0xd2, 0x66, 0x00, 0x00, 0x00, 0xff, 0xff, 0x24,
    0x00, 0x00, 0x00, 0x00, 0x00, 0x00, 0x00, 0x00, 0xff, 0xff, 0x22, 0x00, 0x00, 0x00, 0x00, 0x00,
    0x00, 0x00, 0x00, 0xc1, 0xd8, 0x06, 0x00, 0x00, 0x00, 0x00, 0x00, 0x00, 0x00, 0x00, 0x00, 0x21,
    0xa1, 0xe5, 0xfa, 0xe8, 0x9e, 0x16, 0x00, 0x00, 0x00, 0x20, 0xeb, 0xff, 0xeb, 0xc1, 0xe9, 0xff,
    0xbe, 0x00, 0x00, 0x00, 0xa0, 0xff, 0xbd, 0x0b, 0x00, 0x1a, 0xff, 0xf4, 0x00, 0x00, 0x00, 0xe6,
    0xff, 0x44, 0x00, 0x00, 0x43, 0xff, 0xc2, 0x00, 0x00, 0x00, 0xfd, 0xff, 0x25, 0x00, 0x2a, 0xec,
    0xf3, 0x32, 0x00, 0x00, 0x00, 0xff, 0xff, 0x24, 0x02, 0xd6, 0xff, 0x51, 0x00, 0x00, 0x00, 0x00,
    0xff, 0xff, 0x24, 0x19, 0xff, 0xff, 0x1f, 0x00, 0x00, 0x00, 0x00, 0xff, 0xff, 0x24, 0x03, 0xde,
    0xff, 0xee, 0x8f, 0x26, 0x00, 0x00, 0xff, 0xff, 0x24, 0x00, 0x20, 0xad, 0xfb, 0xff, 0xfb, 0x5b,
    0x00, 0xff, 0xff, 0x24, 0x00, 0x00, 0x00, 0x16, 0x8a, 0xff, 0xe3, 0x00, 0xff, 0xff, 0x24, 0x2e,
    0x48, 0x02, 0x00, 0x18, 0xff, 0xf3, 0x00, 0xff, 0xff, 0x23, 0x9e, 0xff, 0xe5, 0xc0, 0xe6, 0xff,
    0x9c, 0x00, 0xc4, 0xdc, 0x09, 0x14, 0x86, 0xd8, 0xf7, 0xe5, 0x8c, 0x08, 0x00, 0x00, 0x0a, 0x0f,
    0x00, 0x00, 0x00, 0x00, 0x00, 0x00, 0x00, 0xba, 0xdb, 0x04, 0x00, 0x00, 0x00, 0x00, 0x00, 0x00,
    0x75, 0xff, 0x5e, 0x00, 0x00, 0x00, 0x00, 0x00, 0x00, 0x03, 0xcb, 0xd5, 0x01, 0x00, 0x00, 0x00,
    0x00, 0x00, 0x00, 0x2d, 0xdd, 0x0f, 0x00, 0x00, 0x00, 0x00, 0x00, 0x00, 0x00, 0x00, 0x00, 0x00,
    0x00, 0x00, 0x00, 0x09, 0x76, 0xc2, 0xec, 0xf8, 0xd7, 0x77, 0x03, 0x00, 0x6a, 0xff, 0xf5, 0xca,
    0xc4, 0xfa, 0xff, 0x7b, 0x00, 0x11, 0x4a, 0x0a, 0x00, 0x00, 0x57, 0xff, 0xdd, 0x00, 0x00, 0x33,
    0x7d, 0xa2, 0xb0, 0xdd, 0xff, 0xfb, 0x00, 0x79, 0xff, 0xff, 0xff, 0xff, 0xff, 0xff, 0xff, 0x00,
    0xec, 0xff, 0x7d, 0x18, 0x04, 0x2e, 0xff, 0xff, 0x00, 0xef, 0xff, 0x4a, 0x00, 0x02, 0xa3, 0xff,
    0xff, 0x00, 0x8f, 0xff, 0xf8, 0xc2, 0xe4, 0xe1, 0xff, 0xff, 0x00, 0x05, 0x86, 0xe5, 0xf3, 0xb9,
    0x2a, 0xdc, 0xc4, 0x00, 0x00, 0x00, 0x00, 0x00, 0x00, 0x1a, 0x00, 0x00, 0x00, 0x00, 0x00, 0x00,
    0x00, 0x61, 0xff, 0x37, 0x00, 0x00, 0x00, 0x00, 0x00, 0x03, 0xdd, 0xe6, 0x0f, 0x00, 0x00, 0x00,
    0x00, 0x00, 0x5b, 0xff, 0x50, 0x00, 0x00, 0x00, 0x00, 0x00, 0x00, 0x81, 0x9f, 0x00, 0x00, 0x00,
    0x00, 0x00, 0x00, 0x00, 0x00, 0x00, 0x00, 0x00, 0x00, 0x00, 0x09, 0x76, 0xc2, 0xec, 0xf8, 0xd7,
    0x77, 0x03, 0x00, 0x6a, 0xff, 0xf5, 0xca, 0xc4, 0xfa, 0xff, 0x7b, 0x00, 0x11, 0x4a, 0x0a, 0x00,
    0x00, 0x57, 0xff, 0xdd, 0x00, 0x00, 0x33, 0x7d, 0xa2, 0xb0, 0xdd, 0xff, 0xfb, 0x00, 0x79, 0xff,
    0xff, 0xff, 0xff, 0xff, 0xff, 0xff, 0x00, 0xec, 0xff, 0x7d, 0x18, 0x04, 0x2e, 0xff, 0xff, 0x00,
    0xef, 0xff, 0x4a, 0x00, 0x02, 0xa3, 0xff, 0xff, 0x00, 0x8f, 0xff, 0xf8, 0xc2, 0xe4, 0xe1, 0xff,
    0xff, 0x00, 0x05, 0x86, 0xe5, 0xf3, 0xb9, 0x2a, 0xdc, 0xc4, 0x00, 0x00, 0x00, 0x00, 0x05, 0x18,
    0x00, 0x00, 0x00, 0x00, 0x00, 0x00, 0x04, 0xcd, 0xff, 0x51, 0x00, 0x00, 0x00, 0x00, 0x00, 0x65,
    0xfd, 0xcc, 0xde, 0x04, 0x00, 0x00, 0x00, 0x06, 0xe1, 0x95, 0x20, 0xf6, 0x64, 0x00, 0x00, 0x00,
    0x26, 0xd6, 0x10, 0x00, 0x74, 0x96, 0x00, 0x00, 0x00, 0x00, 0x00, 0x00, 0x00, 0x00, 0x00, 0x00,
    0x00, 0x09, 0x76, 0xc2, 0xec, 0xf8, 0xd7, 0x77, 0x03, 0x00, 0x6a, 0xff, 0xf5, 0xca, 0xc4, 0xfa,
    0xff, 0x7b, 0x00, 0x11, 0x4a, 0x0a, 0x00, 0x00, 0x57, 0xff, 0xdd, 0x00, 0x00, 0x33, 0x7d, 0xa2,
    0xb0, 0xdd, 0xff, 0xfb, 0x00, 0x79, 0xff, 0xff, 0xff, 0xff, 0xff, 0xff, 0xff, 0x00, 0xec, 0xff,
    0x7d, 0x18, 0x04, 0x2e, 0xff, 0xff, 0x00, 0xef, 0xff, 0x4a, 0x00, 0x02, 0xa3, 0xff, 0xff, 0x00,
    0x8f, 0xff, 0xf8, 0xc2, 0xe4, 0xe1, 0xff, 0xff, 0x00, 0x05, 0x86, 0xe5, 0xf3, 0xb9, 0x2a, 0xdc,
    0xc4, 0x00, 0x00, 0x71, 0xc3, 0x71, 0x01, 0x22, 0xd2, 0x00, 0x00, 0x3a, 0xfc, 0xb6, 0xf6, 0xcc,
    0xd8, 0xaf, 0x00, 0x00, 0x64, 0x8f, 0x00, 0x29, 0xb3, 0xb8, 0x1a, 0x00, 0x00, 0x00, 0x00, 0x00,
    0x00, 0x00, 0x00, 0x00, 0x00, 0x00, 0x09, 0x76, 0xc2, 0xec, 0xf8, 0xd7, 0x77, 0x03, 0x00, 0x6a,
    0xff, 0xf5, 0xca, 0xc4, 0xfa, 0xff, 0x7b, 0x00, 0x11, 0x4a, 0x0a, 0x00, 0x00, 0x57, 0xff, 0xdd,
    0x00, 0x00, 0x33, 0x7d, 0xa2, 0xb0, 0xdd, 0xff, 0xfb, 0x00, 0x79, 0xff, 0xff, 0xff, 0xff, 0xff,
    0xff, 0xff, 0x00, 0xec, 0xff, 0x7d, 0x18, 0x04, 0x2e, 0xff, 0xff, 0x00, 0xef, 0xff, 0x4a, 0x00,
    0x02, 0xa3, 0xff, 0xff, 0x00, 0x8f, 0xff, 0xf8, 0xc2, 0xe4, 0xe1, 0xff, 0xff, 0x00, 0x05, 0x86,
    0xe5, 0xf3, 0xb9, 0x2a, 0xdc, 0xc4, 0x00, 0x00, 0xc8, 0xdc, 0x0f, 0x0f, 0xdc, 0xc8, 0x00, 0x00,
    0x00, 0x83, 0x96, 0x05, 0x06, 0x96, 0x84, 0x00, 0x00, 0x00, 0x00, 0x00, 0x00, 0x00, 0x00, 0x00,
    0x00, 0x00, 0x00, 0x00, 0x00, 0x00, 0x00, 0x00, 0x00, 0x00, 0x00, 0x13, 0x81, 0xc8, 0xef, 0xf7,
    0xd5, 0x74, 0x02, 0x00, 0x8c, 0xff, 0xf1, 0xc8, 0xc5, 0xfb, 0xff, 0x7a, 0x00, 0x1d, 0x44, 0x06,
    0x00, 0x00, 0x59, 0xff, 0xdd, 0x00, 0x00, 0x34, 0x7d, 0xa2, 0xb0, 0xdd, 0xff, 0xfb, 0x00, 0x79,
    0xff, 0xff, 0xff, 0xff, 0xff, 0xff, 0xff, 0x00, 0xec, 0xff, 0x7d, 0x17, 0x04, 0x2e, 0xff, 0xff,
    0x00, 0xef, 0xff, 0x4a, 0x00, 0x02, 0xa3, 0xff, 0xff, 0x00, 0x8f, 0xff, 0xf8, 0xc2, 0xe4, 0xe1,
    0xff, 0xff, 0x00, 0x05, 0x86, 0xe5, 0xf3, 0xb9, 0x2a, 0xdc, 0xc4, 0x00, 0x00, 0x00, 0x49, 0xe7,
    0xe8, 0x49, 0x00, 0x00, 0x00, 0x00, 0x00, 0xe9, 0x38, 0x37, 0xe8, 0x00, 0x00, 0x00, 0x00, 0x00,
    0xe7, 0x38, 0x38, 0xe7, 0x00, 0x00, 0x00, 0x00, 0x00, 0x47, 0xe8, 0xe8, 0x47, 0x00, 0x00, 0x00,
    0x00, 0x00, 0x00, 0x00, 0x00, 0x00, 0x00, 0x00, 0x00, 0x08, 0x75, 0xc1, 0xec, 0xf8, 0xd7, 0x77,
    0x03, 0x00, 0x66, 0xff, 0xf5, 0xca, 0xc4, 0xfa, 0xff, 0x7b, 0x00, 0x10, 0x4a, 0x0a, 0x00, 0x00,
    0x57, 0xff, 0xdd, 0x00, 0x00, 0x38, 0x81, 0xa5, 0xb1, 0xcc, 0xff, 0xfb, 0x00, 0x7d, 0xff, 0xff,
    0xff, 0xff, 0xff, 0xff, 0xff, 0x00, 0xed, 0xff, 0x7a, 0x15, 0x03, 0x2e, 0xff, 0xff, 0x00, 0xef,
    0xff, 0x4a, 0x00, 0x02, 0xa3, 0xff, 0xff, 0x00, 0x8f, 0xff, 0xf8, 0xc2, 0xe4, 0xe1, 0xff, 0xff,
    0x00, 0x05, 0x86, 0xe5, 0xf3, 0xb9, 0x2a, 0xdc, 0xc4, 0x00, 0x08, 0x76, 0xc1, 0xec, 0xf7, 0xd1,
    0x5f, 0x18, 0x9e, 0xe9, 0xf7, 0xc7, 0x48, 0x00, 0x00, 0x00, 0x62, 0xff, 0xf5, 0xca, 0xc4, 0xfb,
    0xff, 0xfe, 0xff, 0xd4, 0xce, 0xfc, 0xfd, 0x40, 0x00, 0x00, 0x10, 0x4a, 0x0a, 0x00, 0x00, 0x59,
    0xff, 0xff, 0x88, 0x00, 0x00, 0x5f, 0xff, 0xcb, 0x00, 0x00, 0x00, 0x32, 0x7b, 0xa1, 0xaf, 0xdd,
    0xff, 0xff, 0xdc, 0xb8, 0xb8, 0xc3, 0xff, 0xff, 0x10, 0x00, 0x78, 0xff, 0xff, 0xff, 0xff, 0xff,
    0xff, 0xff, 0xff, 0xff, 0xff, 0xff, 0xff, 0xf0, 0x12, 0x00, 0xec, 0xff, 0x7d, 0x18, 0x04, 0x30,
    0xff, 0xff, 0x24, 0x00, 0x00, 0x00, 0x00, 0x00, 0x00, 0x00, 0xef, 0xff, 0x4a, 0x00, 0x02, 0xa5,
    0xff, 0xff, 0x9f, 0x04, 0x00, 0x00, 0x38, 0x36, 0x00, 0x00, 0x8d, 0xff, 0xf8, 0xc1, 0xdb, 0xff,
    0x74, 0xd7, 0xff, 0xe4, 0xc0, 0xdd, 0xff, 0xb5, 0x00, 0x00, 0x04, 0x7c, 0xde, 0xf8, 0xd8, 0x69,
    0x00, 0x14, 0x95, 0xe2, 0xf8, 0xdd, 0x8d, 0x18, 0x00, 0x00, 0x00, 0x27, 0xaa, 0xec, 0xf5, 0xc8,
    0x5c, 0x00, 0x00, 0x1b, 0xef, 0xff, 0xea, 0xc3, 0xf0, 0xfd, 0x0c, 0x00, 0xa1, 0xff, 0xbb, 0x09,
    0x00, 0x0c, 0x33, 0x00, 0x00, 0xea, 0xff, 0x45, 0x00, 0x00, 0x00, 0x00, 0x00, 0x00, 0xfa, 0xff,
    0x2b, 0x00, 0x00, 0x00, 0x00, 0x00, 0x00, 0xe3, 0xff, 0x4b, 0x00, 0x00, 0x00, 0x00, 0x00, 0x00,
    0x9b, 0xff, 0xc2, 0x0b, 0x00, 0x0a, 0x2b, 0x00, 0x00, 0x1b, 0xe9, 0xff, 0xea, 0xc2, 0xef, 0xf9,
    0x02, 0x00, 0x00, 0x1f, 0xa4, 0xff, 0xff, 0xcb, 0x58, 0x00, 0x00, 0x00, 0x00, 0x00, 0xba, 0xd2,
    0x40, 0x00, 0x00, 0x00, 0x00, 0x00, 0x08, 0x68, 0xad, 0xef, 0x00, 0x00, 0x00, 0x00, 0x00, 0x7c,
    0xf8, 0xfc, 0x98, 0x00, 0x00, 0x00, 0x00, 0x00, 0x00, 0x12, 0x11, 0x00, 0x00, 0x00, 0x00, 0x00,
    0x07, 0x12, 0x00, 0x00, 0x00, 0x00, 0x00, 0x00, 0x00, 0x00, 0xa3, 0xe7, 0x0c, 0x00, 0x00, 0x00,
    0x00, 0x00, 0x00, 0x00, 0x61, 0xff, 0x74, 0x00, 0x00, 0x00, 0x00, 0x00, 0x00, 0x00, 0x00, 0xba,
    0xe6, 0x07, 0x00, 0x00, 0x00, 0x00, 0x00, 0x00, 0x00, 0x20, 0xdc, 0x20, 0x00, 0x00, 0x00, 0x00,
    0x00, 0x00, 0x00, 0x00, 0x00, 0x00, 0x00, 0x00, 0x00, 0x00, 0x00, 0x00, 0x17, 0x9c, 0xe7, 0xf8,
    0xcd, 0x50, 0x00, 0x00, 0x00, 0x14, 0xe2, 0xff, 0xdd, 0xcc, 0xfc, 0xfe, 0x43, 0x00, 0x00, 0x94,
    0xff, 0xad, 0x02, 0x00, 0x5e, 0xff, 0xcd, 0x00, 0x00, 0xe2, 0xff, 0xff, 0xb8, 0xb8, 0xc3, 0xff,
    0xff, 0x11, 0x00, 0xf9, 0xff, 0xff, 0xff, 0xff, 0xff, 0xff, 0xed, 0x10, 0x00, 0xe1, 0xff, 0x49,
    0x00, 0x00, 0x00, 0x00, 0x00, 0x00, 0x00, 0x92, 0xff, 0xc3, 0x0f, 0x00, 0x00, 0x25, 0x4a, 0x00,
    0x00, 0x12, 0xda, 0xff, 0xef, 0xc3, 0xd1, 0xff, 0xec, 0x00, 0x00, 0x00, 0x0f, 0x8b, 0xdc, 0xf8,
    0xe5, 0xa4, 0x2d, 0x00, 0x00, 0x00, 0x00, 0x00, 0x00, 0x00, 0x19, 0x00, 0x00, 0x00, 0x00, 0x00,
    0x00, 0x00, 0x00, 0x4a, 0xff, 0x4d, 0x00, 0x00, 0x00, 0x00, 0x00, 0x00, 0x00, 0xca, 0xf1, 0x1b,
    0x00, 0x00, 0x00, 0x00, 0x00, 0x00, 0x46, 0xff, 0x66, 0x00, 0x00, 0x00, 0x00, 0x00, 0x00, 0x00,
    0x6e, 0xb1, 0x01, 0x00, 0x00, 0x00, 0x00, 0x00, 0x00, 0x00, 0x00, 0x00, 0x00, 0x00, 0x00, 0x00,
    0x00, 0x00, 0x17, 0x9c, 0xe7, 0xf8, 0xcd, 0x50, 0x00, 0x00, 0x00, 0x14, 0xe2, 0xff, 0xdd, 0xcc,
    0xfc, 0xfe, 0x43, 0x00, 0x00, 0x94, 0xff, 0xad, 0x02, 0x00, 0x5e, 0xff, 0xcd, 0x00, 0x00, 0xe2,
    0xff, 0xff, 0xb8, 0xb8, 0xc3, 0xff, 0xff, 0x11, 0x00, 0xf9, 0xff, 0xff, 0xff, 0xff, 0xff, 0xff,
    0xed, 0x10, 0x00, 0xe1, 0xff, 0x49, 0x00, 0x00, 0x00, 0x00, 0x00, 0x00, 0x00, 0x92, 0xff, 0xc3,
    0x0f, 0x00, 0x00, 0x25, 0x4a, 0x00, 0x00, 0x12, 0xda, 0xff, 0xef, 0xc3, 0xd1, 0xff, 0xec, 0x00,
    0x00, 0x00, 0x0f, 0x8b, 0xdc, 0xf8, 0xe5, 0xa4, 0x2d, 0x00, 0x00, 0x00, 0x00, 0x00, 0x09, 0x14,
    0x00, 0x00, 0x00, 0x00, 0x00, 0x00, 0x00, 0x0e, 0xdf, 0xf9, 0x37, 0x00, 0x00, 0x00, 0x00, 0x00,
    0x00, 0x82, 0xf4, 0xd5, 0xc2, 0x00, 0x00, 0x00, 0x00, 0x00, 0x14, 0xf2, 0x77, 0x39, 0xfe, 0x44,
    0x00, 0x00, 0x00, 0x00, 0x3f, 0xc7, 0x05, 0x00, 0x92, 0x78, 0x00, 0x00, 0x00, 0x00, 0x00, 0x00,
    0x00, 0x00, 0x00, 0x00, 0x00, 0x00, 0x00, 0x00, 0x17, 0x9c, 0xe7, 0xf8, 0xcd, 0x50, 0x00, 0x00,
    0x00, 0x14, 0xe2, 0xff, 0xdd, 0xcc, 0xfc, 0xfe, 0x43, 0x00, 0x00, 0x94, 0xff, 0xad, 0x02, 0x00,
    0x5e, 0xff, 0xcd, 0x00, 0x00, 0xe2, 0xff, 0xff, 0xb8, 0xb8, 0xc3, 0xff, 0xff, 0x11, 0x00, 0xf9,
    0xff, 0xff, 0xff, 0xff, 0xff, 0xff, 0xed, 0x10, 0x00, 0xe1, 0xff, 0x49, 0x00, 0x00, 0x00, 0x00,
    0x00, 0x00, 0x00, 0x92, 0xff, 0xc3, 0x0f, 0x00, 0x00, 0x25, 0x4a, 0x00, 0x00, 0x12, 0xda, 0xff,
    0xef, 0xc3, 0xd1, 0xff, 0xec, 0x00, 0x00, 0x00, 0x0f, 0x8b, 0xdc, 0xf8, 0xe5, 0xa4, 0x2d, 0x00,
    0x00, 0x00, 0x0f, 0xdc, 0xc8, 0x0f, 0xdc, 0xc7, 0x00, 0x00, 0x00, 0x00, 0x06, 0x96, 0x83, 0x06,
    0x96, 0x8a, 0x00, 0x00, 0x00, 0x00, 0x00, 0x00, 0x00, 0x00, 0x00, 0x00, 0x00, 0x00, 0x00, 0x00,
    0x00, 0x00, 0x00, 0x00, 0x00, 0x00, 0x00, 0x00, 0x00, 0x00, 0x17, 0x9c, 0xe7, 0xf8, 0xcd, 0x50,
    0x00, 0x00, 0x00, 0x14, 0xe2, 0xff, 0xdd, 0xcc, 0xfc, 0xfe, 0x43, 0x00, 0x00, 0x94, 0xff, 0xad,
    0x02, 0x00, 0x5e, 0xff, 0xcd, 0x00, 0x00, 0xe2, 0xff, 0xff, 0xb8, 0xb8, 0xc3, 0xff, 0xff, 0x11,
    0x00, 0xf9, 0xff, 0xff, 0xff, 0xff, 0xff, 0xff, 0xed, 0x10, 0x00, 0xe1, 0xff, 0x49, 0x00, 0x00,
    0x00, 0x00, 0x00, 0x00, 0x00, 0x92, 0xff, 0xc3, 0x0f, 0x00, 0x00, 0x25, 0x4a, 0x00, 0x00, 0x12,
    0xda, 0xff, 0xef, 0xc3, 0xd1, 0xff, 0xec, 0x00, 0x00, 0x00, 0x0f, 0x8b, 0xdc, 0xf8, 0xe5, 0xa4,
    0x2d, 0x00, 0x00, 0x1a, 0x00, 0x00, 0x00, 0x4e, 0xff, 0x49, 0x00, 0x00, 0x19, 0xf0, 0xc8, 0x00,
    0x00, 0x00, 0x66, 0xff, 0x42, 0x00, 0x00, 0x01, 0xb1, 0x6a, 0x00, 0x00, 0x00, 0x00, 0x00, 0x00,
    0x00, 0x00, 0xc1, 0xda, 0x08, 0x00, 0x00, 0xff, 0xff, 0x23, 0x00, 0x00, 0xff, 0xff, 0x24, 0x00,
    0x00, 0xff, 0xff, 0x24, 0x00, 0x00, 0xff, 0xff, 0x24, 0x00, 0x00, 0xff, 0xff, 0x24, 0x00, 0x00,
    0xff, 0xff, 0x24, 0x00, 0x00, 0xff, 0xff, 0x23, 0x00, 0x00, 0xc1, 0xda, 0x08, 0x00, 0x00, 0x00,
    0x13, 0x07, 0x00, 0x00, 0x0d, 0xe8, 0xa1, 0x00, 0x00, 0x77, 0xff, 0x60, 0x00, 0x09, 0xe9, 0xba,
    0x00, 0x00, 0x22, 0xdc, 0x1f, 0x00, 0x00, 0x00, 0x00, 0x00, 0x00, 0x00, 0xc1, 0xda, 0x08, 0x00,
    0x00, 0xff, 0xff, 0x23, 0x00, 0x00, 0xff, 0xff, 0x24, 0x00, 0x00, 0xff, 0xff, 0x24, 0x00, 0x00,
    0xff, 0xff, 0x24, 0x00, 0x00, 0xff, 0xff, 0x24, 0x00, 0x00, 0xff, 0xff, 0x24, 0x00, 0x00, 0xff,
    0xff, 0x23, 0x00, 0x00, 0xc1, 0xda, 0x08, 0x00, 0x00, 0x00, 0x0a, 0x0f, 0x00, 0x00, 0x00, 0x16,
    0xe6, 0xf4, 0x2b, 0x00, 0x00, 0x91, 0xed, 0xdc, 0xb4, 0x00, 0x1c, 0xf8, 0x67, 0x47, 0xff, 0x38,
    0x4d, 0xbc, 0x02, 0x00, 0xa2, 0x6c, 0x00, 0x00, 0x00, 0x00, 0x00, 0x00, 0x00, 0x00, 0xc1, 0xda,
    0x08, 0x00, 0x00, 0x00, 0xff, 0xff, 0x23, 0x00, 0x00, 0x00, 0xff, 0xff, 0x24, 0x00, 0x00, 0x00,
    0xff, 0xff, 0x24, 0x00, 0x00, 0x00, 0xff, 0xff, 0x24, 0x00, 0x00, 0x00, 0xff, 0xff, 0x24, 0x00,
    0x00, 0x00, 0xff, 0xff, 0x24, 0x00, 0x00, 0x00, 0xff, 0xff, 0x23, 0x00, 0x00, 0x00, 0xc1, 0xda,
    0x08, 0x00, 0xc7, 0xdc, 0x0f, 0xc7, 0xdc, 0x0f, 0x82, 0x96, 0x05, 0x82, 0x97, 0x05, 0x00, 0x00,
    0x00, 0x00, 0x00, 0x00, 0x00, 0x00, 0x00, 0x00, 0x00, 0x00, 0x00, 0x08, 0xdc, 0xbe, 0x00, 0x00,
    0x00, 0x23, 0xff, 0xff, 0x00, 0x00, 0x00, 0x24, 0xff, 0xff, 0x00, 0x00, 0x00, 0x24, 0xff, 0xff,
    0x00, 0x00, 0x00, 0x24, 0xff, 0xff, 0x00, 0x00, 0x00, 0x24, 0xff, 0xff, 0x00, 0x00, 0x00, 0x24,
    0xff, 0xff, 0x00, 0x00, 0x00, 0x23, 0xff, 0xff, 0x00, 0x00, 0x00, 0x08, 0xdc, 0xbe, 0x00, 0x00,
    0x00, 0x00, 0x02, 0x1f, 0x00, 0x00, 0x00, 0x00, 0x0f, 0x00, 0x00, 0x00, 0x57, 0xff, 0xd7, 0x71,
    0x5d, 0xcd, 0xf3, 0x02, 0x00, 0x00, 0x06, 0x7a, 0xff, 0xff, 0xff, 0xda, 0x44, 0x00, 0x00, 0x00,
    0x5e, 0xed, 0xfd, 0xc8, 0xff, 0xf0, 0x2d, 0x00, 0x00, 0x00, 0x79, 0x99, 0x27, 0x00, 0x7d, 0xff,
    0xd6, 0x04, 0x00, 0x00, 0x00, 0x00, 0x00, 0x00, 0x03, 0xd3, 0xff, 0x5e, 0x00, 0x00, 0x28, 0xab,
    0xec, 0xf0, 0xbf, 0xa6, 0xff, 0xb6, 0x00, 0x2f, 0xf4, 0xff, 0xdf, 0xb8, 0xe2, 0xff, 0xff, 0xea,
    0x00, 0xb8, 0xff, 0xb0, 0x05, 0x00, 0x05, 0xb8, 0xff, 0xfb, 0x00, 0xf1, 0xff, 0x34, 0x00, 0x00,
    0x00, 0x37, 0xff, 0xee, 0x00, 0xf0, 0xff, 0x39, 0x00, 0x00, 0x00, 0x37, 0xff, 0xc2, 0x00, 0xb0,
    0xff, 0xae, 0x06, 0x00, 0x04, 0xab, 0xff, 0x6b, 0x00, 0x27, 0xee, 0xff, 0xe7, 0xbf, 0xe5, 0xff,
    0xc6, 0x05, 0x00, 0x00, 0x21, 0xa3, 0xe7, 0xf9, 0xdd, 0x85, 0x0b, 0x00, 0x00, 0x00, 0x45, 0xc1,
    0x93, 0x0e, 0x03, 0xcb, 0x27, 0x00, 0x00, 0x0a, 0xee, 0xc2, 0xe6, 0xe2, 0xc2, 0xec, 0x07, 0x00,
    0x00, 0x29, 0xc9, 0x03, 0x10, 0x99, 0xc6, 0x42, 0x00, 0x00, 0x00, 0x00, 0x00, 0x00, 0x00, 0x00,
    0x00, 0x00, 0x00, 0x00, 0x00, 0xc2, 0xdc, 0x20, 0xa7, 0xef, 0xf2, 0xa6, 0x0f, 0x00, 0x00, 0xff,
    0xff, 0xef, 0xe1, 0xc4, 0xfb, 0xff, 0x98, 0x00, 0x00, 0xff, 0xff, 0xae, 0x04, 0x00, 0x66, 0xff,
    0xe5, 0x00, 0x00, 0xff, 0xff, 0x37, 0x00, 0x00, 0x2a, 0xff, 0xfc, 0x00, 0x00, 0xff, 0xff, 0x24,
    0x00, 0x00, 0x24, 0xff, 0xff, 0x00, 0x00, 0xff, 0xff, 0x24, 0x00, 0x00, 0x24, 0xff, 0xff, 0x00,
    0x00, 0xff, 0xff, 0x24, 0x00, 0x00, 0x24, 0xff, 0xff, 0x00, 0x00, 0xff, 0xff, 0x23, 0x00, 0x00,
    0x23, 0xff, 0xff, 0x00, 0x00, 0xc4, 0xde, 0x09, 0x00, 0x00, 0x09, 0xdc, 0xc4, 0x00, 0x00, 0x00,
    0x04, 0x15, 0x00, 0x00, 0x00, 0x00, 0x00, 0x00, 0x00, 0x00, 0x92, 0xf1, 0x16, 0x00, 0x00, 0x00,
    0x00, 0x00, 0x00, 0x00, 0x4d, 0xff, 0x86, 0x00, 0x00, 0x00, 0x00, 0x00, 0x00, 0x00, 0x00, 0xaa,
    0xf0, 0x0e, 0x00, 0x00, 0x00, 0x00, 0x00, 0x00, 0x00, 0x16, 0xd9, 0x2e, 0x00, 0x00, 0x00, 0x00,
    0x00, 0x00, 0x00, 0x00, 0x00, 0x00, 0x00, 0x00, 0x00, 0x00, 0x00, 0x00, 0x2d, 0xb3, 0xf2, 0xf2,
    0xbb, 0x39, 0x00, 0x00, 0x00, 0x1c, 0xf2, 0xff, 0xd8, 0xd2, 0xff, 0xf9, 0x3b, 0x00, 0x00, 0x9f,
    0xff, 0xa8, 0x01, 0x00, 0x8c, 0xff, 0xc5, 0x00, 0x00, 0xe9, 0xff, 0x3e, 0x00, 0x00, 0x1f, 0xff,
    0xfe, 0x0a, 0x00, 0xfa, 0xff, 0x29, 0x00, 0x00, 0x05, 0xff, 0xff, 0x1e, 0x00, 0xe5, 0xff, 0x44,
    0x00, 0x00, 0x1c, 0xff, 0xfe, 0x0d, 0x00, 0x9f, 0xff, 0xb0, 0x02, 0x00, 0x86, 0xff, 0xc7, 0x00,
    0x00, 0x20, 0xef, 0xff, 0xdc, 0xce, 0xff, 0xfa, 0x3f, 0x00, 0x00, 0x00, 0x28, 0xb1, 0xef, 0xf6,
    0xc1, 0x3e, 0x00, 0x00, 0x00, 0x00, 0x00, 0x00, 0x00, 0x00, 0x1a, 0x00, 0x00, 0x00, 0x00, 0x00,
    0x00, 0x00, 0x00, 0x3b, 0xfd, 0x5e, 0x00, 0x00, 0x00, 0x00, 0x00, 0x00, 0x00, 0xb9, 0xf7, 0x25,
    0x00, 0x00, 0x00, 0x00, 0x00, 0x00, 0x33, 0xff, 0x76, 0x00, 0x00, 0x00, 0x00, 0x00, 0x00, 0x00,
    0x5c, 0xbd, 0x03, 0x00, 0x00, 0x00, 0x00, 0x00, 0x00, 0x00, 0x00, 0x00, 0x00, 0x00, 0x00, 0x00,
    0x00, 0x00, 0x2d, 0xb3, 0xf2, 0xf2, 0xbb, 0x39, 0x00, 0x00, 0x00, 0x1c, 0xf2, 0xff, 0xd8, 0xd2,
    0xff, 0xf9, 0x3b, 0x00, 0x00, 0x9f, 0xff, 0xa8, 0x01, 0x00, 0x8c, 0xff, 0xc5, 0x00, 0x00, 0xe9,
    0xff, 0x3e, 0x00, 0x00, 0x1f, 0xff, 0xfe, 0x0a, 0x00, 0xfa, 0xff, 0x29, 0x00, 0x00, 0x05, 0xff,
    0xff, 0x1e, 0x00, 0xe5, 0xff, 0x44, 0x00, 0x00, 0x1c, 0xff, 0xfe, 0x0d, 0x00, 0x9f, 0xff, 0xb0,
    0x02, 0x00, 0x86, 0xff, 0xc7, 0x00, 0x00, 0x20, 0xef, 0xff, 0xdc, 0xce, 0xff, 0xfa, 0x3f, 0x00,
    0x00, 0x00, 0x28, 0xb1, 0xef, 0xf6, 0xc1, 0x3e, 0x00, 0x00, 0x00, 0x00, 0x00, 0x00, 0x0b, 0x13,
    0x00, 0x00, 0x00, 0x00, 0x00, 0x00, 0x00, 0x14, 0xe5, 0xf7, 0x31, 0x00, 0x00, 0x00, 0x00, 0x00,
    0x00, 0x8d, 0xef, 0xda, 0xbb, 0x00, 0x00, 0x00, 0x00, 0x00, 0x19, 0xf6, 0x6b, 0x43, 0xff, 0x3c,
    0x00, 0x00, 0x00, 0x00, 0x49, 0xbf, 0x02, 0x00, 0x9d, 0x70, 0x00, 0x00, 0x00, 0x00, 0x00, 0x00,
    0x00, 0x00, 0x00, 0x00, 0x00, 0x00, 0x00, 0x00, 0x2d, 0xb3, 0xf2, 0xf2, 0xbb, 0x39, 0x00, 0x00,
    0x00, 0x1c, 0xf2, 0xff, 0xd8, 0xd2, 0xff, 0xf9, 0x3b, 0x00, 0x00, 0x9f, 0xff, 0xa8, 0x01, 0x00,
    0x8c, 0xff, 0xc5, 0x00, 0x00, 0xe9, 0xff, 0x3e, 0x00, 0x00, 0x1f, 0xff, 0xfe, 0x0a, 0x00, 0xfa,
    0xff, 0x29, 0x00, 0x00, 0x05, 0xff, 0xff, 0x1e, 0x00, 0xe5, 0xff, 0x44, 0x00, 0x00, 0x1c, 0xff,
    0xfe, 0x0d, 0x00, 0x9f, 0xff, 0xb0, 0x02, 0x00, 0x86, 0xff, 0xc7, 0x00, 0x00, 0x20, 0xef, 0xff,
    0xdc, 0xce, 0xff, 0xfa, 0x3f, 0x00, 0x00, 0x00, 0x28, 0xb1, 0xef, 0xf6, 0xc1, 0x3e, 0x00, 0x00,
    0x00, 0x00, 0x58, 0xc3, 0x86, 0x07, 0x0b, 0xd7, 0x10, 0x00, 0x00, 0x1a, 0xf9, 0xbc, 0xed, 0xda,
    0xcb, 0xd7, 0x00, 0x00, 0x00, 0x3e, 0xb4, 0x00, 0x19, 0xa3, 0xc2, 0x31, 0x00, 0x00, 0x00, 0x00,
    0x00, 0x00, 0x00, 0x00, 0x00, 0x00, 0x00, 0x00, 0x00, 0x00, 0x2d, 0xb3, 0xf2, 0xf2, 0xbb, 0x39,
    0x00, 0x00, 0x00, 0x1c, 0xf2, 0xff, 0xd8, 0xd2, 0xff, 0xf9, 0x3b, 0x00, 0x00, 0x9f, 0xff, 0xa8,
    0x01, 0x00, 0x8c, 0xff, 0xc5, 0x00, 0x00, 0xe9, 0xff, 0x3e, 0x00, 0x00, 0x1f, 0xff, 0xfe, 0x0a,
    0x00, 0xfa, 0xff, 0x29, 0x00, 0x00, 0x05, 0xff, 0xff, 0x1e, 0x00, 0xe5, 0xff, 0x44, 0x00, 0x00,
    0x1c, 0xff, 0xfe, 0x0d, 0x00, 0x9f, 0xff, 0xb0, 0x02, 0x00, 0x86, 0xff, 0xc7, 0x00, 0x00, 0x20,
    0xef, 0xff, 0xdc, 0xce, 0xff, 0xfa, 0x3f, 0x00, 0x00, 0x00, 0x28, 0xb1, 0xef, 0xf6, 0xc1, 0x3e,
    0x00, 0x00, 0x00, 0x00, 0x0f, 0xdc, 0xc7, 0x0f, 0xdc, 0xc8, 0x00, 0x00, 0x00, 0x00, 0x06, 0x96,
    0x82, 0x06, 0x96, 0x83, 0x00, 0x00, 0x00, 0x00, 0x00, 0x00, 0x00, 0x00, 0x00, 0x00, 0x00, 0x00,
    0x00, 0x00, 0x00, 0x00, 0x00, 0x00, 0x00, 0x00, 0x00, 0x00, 0x00, 0x00, 0x2d, 0xb3, 0xf2, 0xf2,
    0xbb, 0x39, 0x00, 0x00, 0x00, 0x1c, 0xf2, 0xff, 0xd8, 0xd2, 0xff, 0xf9, 0x3b, 0x00, 0x00, 0x9f,
    0xff, 0xa8, 0x01, 0x00, 0x8c, 0xff, 0xc5, 0x00, 0x00, 0xe9, 0xff, 0x3e, 0x00, 0x00, 0x1f, 0xff,
    0xfe, 0x0a, 0x00, 0xfa, 0xff, 0x29, 0x00, 0x00, 0x05, 0xff, 0xff, 0x1e, 0x00, 0xe5, 0xff, 0x44,
    0x00, 0x00, 0x1c, 0xff, 0xfe, 0x0d, 0x00, 0x9f, 0xff, 0xb0, 0x02, 0x00, 0x86, 0xff, 0xc7, 0x00,
    0x00, 0x20, 0xef, 0xff, 0xdc, 0xce, 0xff, 0xfa, 0x3f, 0x00, 0x00, 0x00, 0x28, 0xb1, 0xef, 0xf6,
    0xc1, 0x3e, 0x00, 0x00, 0x00, 0x00, 0x00, 0x00, 0xc8, 0xdd, 0x0f, 0x00, 0x00, 0x00, 0x00, 0x00,
    0x00, 0x00, 0x83, 0x9d, 0x06, 0x00, 0x00, 0x00, 0x00, 0x00, 0x00, 0x00, 0x00, 0x00, 0x00, 0x00,
    0x00, 0x00, 0x00, 0x8a, 0xb8, 0xb8, 0xb8, 0xb8, 0xb8, 0xb8, 0xb8, 0x8a, 0x00, 0xd2, 0xff, 0xff,
    0xff, 0xff, 0xff, 0xff, 0xff, 0xd2, 0x00, 0x00, 0x00, 0x00, 0x00, 0x00, 0x00, 0x00, 0x00, 0x00,
    0x00, 0x00, 0x00, 0x00, 0x00, 0x00, 0x00, 0x00, 0x00, 0x00, 0x00, 0x00, 0x00, 0x00, 0x81, 0x95,
    0x05, 0x00, 0x00, 0x00, 0x00, 0x00, 0x00, 0x00, 0xca, 0xe5, 0x0f, 0x00, 0x00, 0x00, 0x00, 0x00,
    0x00, 0x00, 0x00, 0x00, 0x00, 0x00, 0x00, 0x00, 0x00, 0x00, 0x00, 0x00, 0x00, 0x00, 0x1a, 0xb2,
    0x0f, 0x00, 0x00, 0x00, 0x2d, 0xb3, 0xf2, 0xf2, 0xff, 0xff, 0x0b, 0x00, 0x00, 0x1c, 0xf2, 0xff,
    0xd8, 0xff, 0xff, 0xff, 0x3b, 0x00, 0x00, 0x9f, 0xff, 0xa8, 0x01, 0xb9, 0xff, 0xff, 0xc5, 0x00,
    0x00, 0xe9, 0xff, 0x3e, 0x46, 0xff, 0x6b, 0xff, 0xfe, 0x0a, 0x00, 0xfa, 0xff, 0x2c, 0xd1, 0xbe,
    0x06, 0xff, 0xff, 0x1e, 0x00, 0xe5, 0xff, 0xa5, 0xfe, 0x32, 0x1c, 0xff, 0xfe, 0x0d, 0x00, 0x9f,
    0xff, 0xff, 0xa4, 0x00, 0x86, 0xff, 0xc7, 0x00, 0x00, 0x20, 0xff, 0xff, 0xf9, 0xce, 0xff, 0xfa,
    0x3f, 0x00, 0x00, 0x16, 0xff, 0xff, 0xef, 0xf6, 0xc1, 0x3e, 0x00, 0x00, 0x00, 0x3b, 0xd8, 0x0d,
    0x00, 0x00, 0x00, 0x00, 0x00, 0x00, 0x00, 0x00, 0x00, 0x00, 0x00, 0x00, 0x00, 0x00, 0x00, 0x00,
    0x00, 0x00, 0x04, 0x16, 0x00, 0x00, 0x00, 0x00, 0x00, 0x00, 0x00, 0x00, 0x8e, 0xf2, 0x19, 0x00,
    0x00, 0x00, 0x00, 0x00, 0x00, 0x00, 0x4a, 0xff, 0x8a, 0x00, 0x00, 0x00, 0x00, 0x00, 0x00, 0x00,
    0x00, 0xa6, 0xf2, 0x10, 0x00, 0x00, 0x00, 0x00, 0x00, 0x00, 0x00, 0x14, 0xd7, 0x31, 0x00, 0x00,
    0x00, 0x00, 0x00, 0x00, 0x00, 0x00, 0x00, 0x00, 0x00, 0x00, 0x00, 0x00, 0x00, 0xc6, 0xde, 0x0a,
    0x00, 0x00, 0x0a, 0xdf, 0xc4, 0x00, 0x00, 0xff, 0xff, 0x23, 0x00, 0x00, 0x23, 0xff, 0xff, 0x00,
    0x00, 0xff, 0xff, 0x24, 0x00, 0x00, 0x24, 0xff, 0xff, 0x00, 0x00, 0xff, 0xff, 0x24, 0x00, 0x00,
    0x24, 0xff, 0xff, 0x00, 0x00, 0xff, 0xff, 0x24, 0x00, 0x00, 0x24, 0xff, 0xff, 0x00, 0x00, 0xfc,
    0xff, 0x28, 0x00, 0x00, 0x36, 0xff, 0xff, 0x00, 0x00, 0xe3, 0xff, 0x61, 0x00, 0x03, 0xb4, 0xff,
    0xff, 0x00, 0x00, 0x91, 0xff, 0xfb, 0xc4, 0xe0, 0xf8, 0xff, 0xff, 0x00, 0x00, 0x0b, 0x9b, 0xec,
    0xf5, 0xb7, 0x29, 0xdc, 0xc6, 0x00, 0x00, 0x00, 0x00, 0x00, 0x00, 0x00, 0x1a, 0x00, 0x00, 0x00,
    0x00, 0x00, 0x00, 0x00, 0x00, 0x38, 0xfc, 0x62, 0x00, 0x00, 0x00, 0x00, 0x00, 0x00, 0x00, 0xb5,
    0xf8, 0x28, 0x00, 0x00, 0x00, 0x00, 0x00, 0x00, 0x2f, 0xff, 0x7c, 0x00, 0x00, 0x00, 0x00, 0x00,
    0x00, 0x00, 0x58, 0xc2, 0x05, 0x00, 0x00, 0x00, 0x00, 0x00, 0x00, 0x00, 0x00, 0x00, 0x00, 0x00,
    0x00, 0x00, 0x00, 0xc6, 0xde, 0x0a, 0x00, 0x00, 0x0a, 0xdf, 0xc4, 0x00, 0x00, 0xff, 0xff, 0x23,
    0x00, 0x00, 0x23, 0xff, 0xff, 0x00, 0x00, 0xff, 0xff, 0x24, 0x00, 0x00, 0x24, 0xff, 0xff, 0x00,
    0x00, 0xff, 0xff, 0x24, 0x00, 0x00, 0x24, 0xff, 0xff, 0x00, 0x00, 0xff, 0xff, 0x24, 0x00, 0x00,
    0x24, 0xff, 0xff, 0x00, 0x00, 0xfc, 0xff, 0x28, 0x00, 0x00, 0x36, 0xff, 0xff, 0x00, 0x00, 0xe3,
    0xff, 0x61, 0x00, 0x03, 0xb4, 0xff, 0xff, 0x00, 0x00, 0x91, 0xff, 0xfb, 0xc4, 0xe0, 0xf8, 0xff,
    0xff, 0x00, 0x00, 0x0b, 0x9b, 0xec, 0xf5, 0xb7, 0x29, 0xdc, 0xc6, 0x00, 0x00, 0x00, 0x00, 0x00,
    0x0b, 0x0d, 0x00, 0x00, 0x00, 0x00, 0x00, 0x00, 0x00, 0x1e, 0xec, 0xf1, 0x27, 0x00, 0x00, 0x00,
    0x00, 0x00, 0x00, 0x9e, 0xe7, 0xe2, 0xac, 0x00, 0x00, 0x00, 0x00, 0x00, 0x24, 0xfc, 0x5b, 0x52,
    0xfe, 0x2e, 0x00, 0x00, 0x00, 0x00, 0x58, 0xb3, 0x00, 0x00, 0xa9, 0x61, 0x00, 0x00, 0x00, 0x00,
    0x00, 0x00, 0x00, 0x00, 0x00, 0x00, 0x00, 0x00, 0x00, 0xc6, 0xde, 0x0a, 0x00, 0x00, 0x0b, 0xdf,
    0xc4, 0x00, 0x00, 0xff, 0xff, 0x23, 0x00, 0x00, 0x23, 0xff, 0xff, 0x00, 0x00, 0xff, 0xff, 0x24,
    0x00, 0x00, 0x24, 0xff, 0xff, 0x00, 0x00, 0xff, 0xff, 0x24, 0x00, 0x00, 0x24, 0xff, 0xff, 0x00,
    0x00, 0xff, 0xff, 0x24, 0x00, 0x00, 0x24, 0xff, 0xff, 0x00, 0x00, 0xfc, 0xff, 0x29, 0x00, 0x00,
    0x39, 0xff, 0xff, 0x00, 0x00, 0xe3, 0xff, 0x6a, 0x00, 0x07, 0xbe, 0xff, 0xff, 0x00, 0x00, 0x91,
    0xff, 0xfe, 0xd4, 0xeb, 0xf3, 0xff, 0xff, 0x00, 0x00, 0x0b, 0x9b, 0xec, 0xf4, 0xb5, 0x26, 0xdc,
    0xc6, 0x00, 0x00, 0x00, 0xca, 0xde, 0x0f, 0xc9, 0xde, 0x0f, 0x00, 0x00, 0x00, 0x00, 0x83, 0x96,
    0x06, 0x83, 0x97, 0x06, 0x00, 0x00, 0x00, 0x00, 0x00, 0x00, 0x00, 0x00, 0x00, 0x00, 0x00, 0x00,
    0x00, 0x00, 0x00, 0x00, 0x00, 0x00, 0x00, 0x00, 0x00, 0x00, 0x00, 0xc6, 0xde, 0x0a, 0x00, 0x00,
    0x0a, 0xdf, 0xc4, 0x00, 0x00, 0xff, 0xff, 0x23, 0x00, 0x00, 0x23, 0xff, 0xff, 0x00, 0x00, 0xff,
    0xff, 0x24, 0x00, 0x00, 0x24, 0xff, 0xff, 0x00, 0x00, 0xff, 0xff, 0x24, 0x00, 0x00, 0x24, 0xff,
    0xff, 0x00, 0x00, 0xff, 0xff, 0x24, 0x00, 0x00, 0x24, 0xff, 0xff, 0x00, 0x00, 0xfc, 0xff, 0x28,
    0x00, 0x00, 0x36, 0xff, 0xff, 0x00, 0x00, 0xe3, 0xff, 0x61, 0x00, 0x03, 0xb4, 0xff, 0xff, 0x00,
    0x00, 0x91, 0xff, 0xfb, 0xc4, 0xe0, 0xf8, 0xff, 0xff, 0x00, 0x00, 0x0b, 0x9b, 0xec, 0xf5, 0xb7,
    0x29, 0xdc, 0xc6, 0x00, 0x00, 0x00, 0x00, 0x00, 0x00, 0x07, 0x13, 0x00, 0x00, 0x00, 0x00, 0x00,
    0x00, 0x00, 0xa1, 0xf0, 0x04, 0x00, 0x00, 0x00, 0x00, 0x00, 0x25, 0xfc, 0xb4, 0x00, 0x00, 0x00,
    0x00, 0x00, 0x00, 0x9e, 0xf1, 0x1c, 0x00, 0x00, 0x00, 0x00, 0x00, 0x00, 0xbe, 0x60, 0x00, 0x00,
    0x00, 0x00, 0x00, 0x00, 0x00, 0x00, 0x00, 0x00, 0x00, 0x00, 0x68, 0xec, 0x44, 0x00, 0x00, 0x00,
    0x32, 0xe9, 0x6a, 0x74, 0xff, 0xb9, 0x00, 0x00, 0x00, 0xa5, 0xff, 0x6e, 0x16, 0xf9, 0xfd, 0x1f,
    0x00, 0x12, 0xf7, 0xf6, 0x12, 0x00, 0xa4, 0xff, 0x81, 0x00, 0x70, 0xff, 0x9c, 0x00, 0x00, 0x39,
    0xff, 0xe2, 0x02, 0xd4, 0xff, 0x30, 0x00, 0x00, 0x00, 0xcd, 0xff, 0x82, 0xff, 0xc3, 0x00, 0x00,
    0x00, 0x00, 0x62, 0xff, 0xff, 0xff, 0x56, 0x00, 0x00, 0x00, 0x00, 0x09, 0xed, 0xff, 0xe5, 0x04,
    0x00, 0x00, 0x00, 0x00, 0x00, 0xcd, 0xff, 0x7d, 0x00, 0x00, 0x00, 0x00, 0x00, 0x1d, 0xfb, 0xf9,
    0x17, 0x00, 0x00, 0x00, 0x00, 0x00, 0x82, 0xff, 0xa4, 0x00, 0x00, 0x00, 0x00, 0x00, 0x00, 0x7e,
    0xe8, 0x2c, 0x00, 0x00, 0x00, 0x00, 0x00, 0xc5, 0xdc, 0x08, 0x00, 0x00, 0x00, 0x00, 0x00, 0x00,
    0x00, 0xff, 0xff, 0x23, 0x00, 0x00, 0x00, 0x00, 0x00, 0x00, 0x00, 0xff, 0xff, 0x24, 0x00, 0x00,
    0x00, 0x00, 0x00, 0x00, 0x00, 0xff, 0xff, 0x24, 0x00, 0x00, 0x00, 0x00, 0x00, 0x00, 0x00, 0xff,
    0xff, 0x46, 0xba, 0xf5, 0xda, 0x5f, 0x00, 0x00, 0x00, 0xff, 0xff, 0xf8, 0xd8, 0xd2, 0xff, 0xff,
    0x56, 0x00, 0x00, 0xff, 0xff, 0xa8, 0x00, 0x00, 0x8c, 0xff, 0xd1, 0x00, 0x00, 0xff, 0xff, 0x3e,
    0x00, 0x00, 0x1f, 0xff, 0xff, 0x0d, 0x00, 0xff, 0xff, 0x29, 0x00, 0x00, 0x05, 0xff, 0xff, 0x1e,
    0x00, 0xff, 0xff, 0x44, 0x00, 0x00, 0x1c, 0xff, 0xff, 0x0c, 0x00, 0xff, 0xff, 0xb0, 0x02, 0x00,
    0x86, 0xff, 0xcf, 0x00, 0x00, 0xff, 0xff, 0xf7, 0xdc, 0xce, 0xff, 0xff, 0x56, 0x00, 0x00, 0xff,
    0xff, 0x47, 0xbb, 0xf5, 0xdd, 0x64, 0x00, 0x00, 0x00, 0xff, 0xff, 0x24, 0x00, 0x00, 0x00, 0x00,
    0x00, 0x00, 0x00, 0xff, 0xff, 0x23, 0x00, 0x00, 0x00, 0x00, 0x00, 0x00, 0x00, 0xc7, 0xdf, 0x0a,
    0x00, 0x00, 0x00, 0x00, 0x00, 0x00, 0x00, 0x00, 0xc8, 0xe4, 0x0f, 0xc7, 0xdc, 0x0f, 0x00, 0x00,
    0x00, 0x83, 0x9d, 0x05, 0x82, 0x97, 0x05, 0x00, 0x00, 0x00, 0x00, 0x00, 0x00, 0x00, 0x00, 0x00,
    0x00, 0x00, 0x00, 0x00, 0x00, 0x00, 0x00, 0x00, 0x00, 0x00, 0x3f, 0xec, 0x6d, 0x00, 0x00, 0x00,
    0x1c, 0xe2, 0x87, 0x44, 0xff, 0xe2, 0x01, 0x00, 0x00, 0x85, 0xff, 0x8e, 0x02, 0xdd, 0xff, 0x40,
    0x00, 0x04, 0xe6, 0xff, 0x29, 0x00, 0x74, 0xff, 0x9b, 0x00, 0x50, 0xff, 0xbc, 0x00, 0x00, 0x12,
    0xf6, 0xef, 0x07, 0xb5, 0xff, 0x4f, 0x00, 0x00, 0x00, 0x9e, 0xff, 0x6f, 0xfd, 0xe0, 0x02, 0x00,
    0x00, 0x00, 0x32, 0xff, 0xff, 0xff, 0x76, 0x00, 0x00, 0x00, 0x00, 0x00, 0xc7, 0xff, 0xf7, 0x13,
    0x00, 0x00, 0x00, 0x00, 0x00, 0x9d, 0xff, 0x9d, 0x00, 0x00, 0x00, 0x00, 0x00, 0x04, 0xe4, 0xff,
    0x31, 0x00, 0x00, 0x00, 0x00, 0x00, 0x52, 0xff, 0xc4, 0x00, 0x00, 0x00, 0x00, 0x00, 0x00, 0x53,
    0xed, 0x47, 0x00, 0x00, 0x00, 0x00,
};

static const atlas_glyph_t NUNITO_BOLD_17_GLYPHS[198] = {
    [ 0] = { .data_offset =     0, .w =   0, .h =   0, .offset_x =   0, .offset_y =   0, .advance =   295 },   // 0x20 ' '
    [ 1] = { .data_offset =     0, .w =   4, .h =  13, .offset_x =   0, .offset_y =   5, .advance =   270 },   // 0x21 '!'
    [ 2] = { .data_offset =    52, .w =   8, .h =  13, .offset_x =   0, .offset_y =   5, .advance =   487 },   // 0x22 '"'
    [ 3] = { .data_offset =   156, .w =  10, .h =  13, .offset_x =   0, .offset_y =   5, .advance =   653 },   // 0x23 '#'
    [ 4] = { .data_offset =   286, .w =  10, .h =  17, .offset_x =   0, .offset_y =   3, .advance =   653 },   // 0x24 '$'
    [ 5] = { .data_offset =   456, .w =  16, .h =  15, .offset_x =   0, .offset_y =   4, .advance =  1028 },   // 0x25 '%'
    [ 6] = { .data_offset =   696, .w =  12, .h =  13, .offset_x =   0, .offset_y =   5, .advance =   790 },   // 0x26 '&'
    [ 7] = { .data_offset =   852, .w =   4, .h =  13, .offset_x =   0, .offset_y =   5, .advance =   264 },   // 0x27 '''
    [ 8] = { .data_offset =   904, .w =   6, .h =  17, .offset_x =   0, .offset_y =   5, .advance =   390 },   // 0x28 '('
    [ 9] = { .data_offset =  1006, .w =   6, .h =  17, .offset_x =   0, .offset_y =   5, .advance =   390 },   // 0x29 ')'
    [10] = { .data_offset =  1108, .w =   8, .h =  13, .offset_x =   0, .offset_y =   5, .advance =   493 },   // 0x2A '*'
    [11] = { .data_offset =  1212, .w =  10, .h =  10, .offset_x =   0, .offset_y =   8, .advance =   653 },   // 0x2B '+'
    [12] = { .data_offset =  1312, .w =   4, .h =   6, .offset_x =   0, .offset_y =  15, .advance =   270 },   // 0x2C ','
    [13] = { .data_offset =  1336, .w =   7, .h =   6, .offset_x =   0, .offset_y =  12, .advance =   472 },   // 0x2D '-'
    [14] = { .data_offset =  1378, .w =   4, .h =   3, .offset_x =   0, .offset_y =  15, .advance =   270 },   // 0x2E '.'
    [15] = { .data_offset =  1390, .w =   7, .h =  15, .offset_x =  -1, .offset_y =   4, .advance =   341 },   // 0x2F '/'
    [16] = { .data_offset =  1495, .w =  10, .h =  13, .offset_x =   0, .offset_y =   5, .advance =   653 },   // 0x30 '0'
    [17] = { .data_offset =  1625, .w =  10, .h =  13, .offset_x =   0, .offset_y =   5, .advance =   653 },   // 0x31 '1'
    [18] = { .data_offset =  1755, .w =  10, .h =  13, .offset_x =   0, .offset_y =   5, .advance =   653 },   // 0x32 '2'
    [19] = { .data_offset =  1885, .w =  10, .h =  13, .offset_x =   0, .offset_y =   5, .advance =   653 },   // 0x33 '3'
    [20] = { .data_offset =  2015, .w =  10, .h =  13, .offset_x =   0, .offset_y =   5, .advance =   653 },   // 0x34 '4'
    [21] = { .data_offset =  2145, .w =  10, .h =  13, .offset_x =   0, .offset_y =   5, .advance =   653 },   // 0x35 '5'
    [22] = { .data_offset =  2275, .w =  10, .h =  13, .offset_x =   0, .offset_y =   5, .advance =   653 },   // 0x36 '6'
    [23] = { .data_offset =  2405, .w =  10, .h =  13, .offset_x =   0, .offset_y =   5, .advance =   653 },   // 0x37 '7'
    [24] = { .data_offset =  2535, .w =  10, .h =  13, .offset_x =   0, .offset_y =   5, .advance =   653 },   // 0x38 '8'
    [25] = { .data_offset =  2665, .w =  10, .h =  13, .offset_x =   0, .offset_y =   5, .advance =   653 },   // 0x39 '9'
    [26] = { .data_offset =  2795, .w =   4, .h =   9, .offset_x =   0, .offset_y =   9, .advance =   270 },   // 0x3A ':'
    [27] = { .data_offset =  2831, .w =   4, .h =  12, .offset_x =   0, .offset_y =   9, .advance =   270 },   // 0x3B ';'
    [28] = { .data_offset =  2879, .w =  10, .h =  10, .offset_x =   0, .offset_y =   8, .advance =   653 },   // 0x3C '<'
    [29] = { .data_offset =  2979, .w =  10, .h =   8, .offset_x =   0, .offset_y =  10, .advance =   653 },   // 0x3D '='
    [30] = { .data_offset =  3059, .w =  10, .h =  10, .offset_x =   0, .offset_y =   8, .advance =   653 },   // 0x3E '>'
    [31] = { .data_offset =  3159, .w =   9, .h =  13, .offset_x =  -1, .offset_y =   5, .advance =   499 },   // 0x3F '?'
    [32] = { .data_offset =  3276, .w =  16, .h =  16, .offset_x =   0, .offset_y =   5, .advance =  1034 },   // 0x40 '@'
    [33] = { .data_offset =  3532, .w =  13, .h =  13, .offset_x =   0, .offset_y =   5, .advance =   809 },   // 0x41 'A'
    [34] = { .data_offset =  3701, .w =  12, .h =  13, .offset_x =   0, .offset_y =   5, .advance =   749 },   // 0x42 'B'
    [35] = { .data_offset =  3857, .w =  12, .h =  13, .offset_x =   0, .offset_y =   5, .advance =   740 },   // 0x43 'C'
    [36] = { .data_offset =  4013, .w =  13, .h =  13, .offset_x =   0, .offset_y =   5, .advance =   829 },   // 0x44 'D'
    [37] = { .data_offset =  4182, .w =  10, .h =  13, .offset_x =   0, .offset_y =   5, .advance =   650 },   // 0x45 'E'
    [38] = { .data_offset =  4312, .w =  10, .h =  13, .offset_x =   0, .offset_y =   5, .advance =   611 },   // 0x46 'F'
    [39] = { .data_offset =  4442, .w =  13, .h =  13, .offset_x =   0, .offset_y =   5, .advance =   801 },   // 0x47 'G'
    [40] = { .data_offset =  4611, .w =  13, .h =  13, .offset_x =   0, .offset_y =   5, .advance =   841 },   // 0x48 'H'
    [41] = { .data_offset =  4780, .w =   5, .h =  13, .offset_x =   0, .offset_y =   5, .advance =   307 },   // 0x49 'I'
    [42] = { .data_offset =  4845, .w =   6, .h =  13, .offset_x =   0, .offset_y =   5, .advance =   385 },   // 0x4A 'J'
    [43] = { .data_offset =  4923, .w =  11, .h =  13, .offset_x =   0, .offset_y =   5, .advance =   724 },   // 0x4B 'K'
    [44] = { .data_offset =  5066, .w =  10, .h =  13, .offset_x =   0, .offset_y =   5, .advance =   611 },   // 0x4C 'L'
    [45] = { .data_offset =  5196, .w =  15, .h =  13, .offset_x =   0, .offset_y =   5, .advance =   944 },   // 0x4D 'M'
    [46] = { .data_offset =  5391, .w =  13, .h =  13, .offset_x =   0, .offset_y =   5, .advance =   814 },   // 0x4E 'N'
    [47] = { .data_offset =  5560, .w =  13, .h =  13, .offset_x =   0, .offset_y =   5, .advance =   854 },   // 0x4F 'O'
    [48] = { .data_offset =  5729, .w =  11, .h =  13, .offset_x =   0, .offset_y =   5, .advance =   709 },   // 0x50 'P'
    [49] = { .data_offset =  5872, .w =  13, .h =  17, .offset_x =   0, .offset_y =   5, .advance =   854 },   // 0x51 'Q'
    [50] = { .data_offset =  6093, .w =  12, .h =  13, .offset_x =   0, .offset_y =   5, .advance =   746 },   // 0x52 'R'
    [51] = { .data_offset =  6249, .w =  11, .h =  13, .offset_x =   0, .offset_y =   5, .advance =   687 },   // 0x53 'S'
    [52] = { .data_offset =  6392, .w =  11, .h =  13, .offset_x =   0, .offset_y =   5, .advance =   676 },   // 0x54 'T'
    [53] = { .data_offset =  6535, .w =  13, .h =  13, .offset_x =   0, .offset_y =   5, .advance =   803 },   // 0x55 'U'
    [54] = { .data_offset =  6704, .w =  12, .h =  13, .offset_x =   0, .offset_y =   5, .advance =   776 },   // 0x56 'V'
    [55] = { .data_offset =  6860, .w =  19, .h =  13, .offset_x =   0, .offset_y =   5, .advance =  1211 },   // 0x57 'W'
    [56] = { .data_offset =  7107, .w =  12, .h =  13, .offset_x =   0, .offset_y =   5, .advance =   731 },   // 0x58 'X'
    [57] = { .data_offset =  7263, .w =  11, .h =  13, .offset_x =   0, .offset_y =   5, .advance =   672 },   // 0x59 'Y'
    [58] = { .data_offset =  7406, .w =  11, .h =  13, .offset_x =   0, .offset_y =   5, .advance =   658 },   // 0x5A 'Z'
    [59] = { .data_offset =  7549, .w =   7, .h =  16, .offset_x =   0, .offset_y =   5, .advance =   385 },   // 0x5B '['
    [60] = { .data_offset =  7661, .w =   7, .h =  15, .offset_x =  -1, .offset_y =   4, .advance =   341 },   // 0x5C '\'
    [61] = { .data_offset =  7766, .w =   7, .h =  16, .offset_x =  -1, .offset_y =   5, .advance =   385 },   // 0x5D ']'
    [62] = { .data_offset =  7878, .w =  10, .h =  11, .offset_x =   0, .offset_y =   7, .advance =   653 },   // 0x5E '^'
    [63] = { .data_offset =  7988, .w =   9, .h =   2, .offset_x =   0, .offset_y =  17, .advance =   544 },   // 0x5F '_'
    [64] = { .data_offset =  8006, .w =   6, .h =  15, .offset_x =   0, .offset_y =   3, .advance =   410 },   // 0x60 '`'
    [65] = { .data_offset =  8096, .w =   9, .h =   9, .offset_x =   0, .offset_y =   9, .advance =   595 },   // 0x61 'a'
    [66] = { .data_offset =  8177, .w =  10, .h =  13, .offset_x =   0, .offset_y =   5, .advance =   653 },   // 0x62 'b'
    [67] = { .data_offset =  8307, .w =   9, .h =   9, .offset_x =   0, .offset_y =   9, .advance =   514 },   // 0x63 'c'
    [68] = { .data_offset =  8388, .w =  10, .h =  13, .offset_x =   0, .offset_y =   5, .advance =   653 },   // 0x64 'd'
    [69] = { .data_offset =  8518, .w =  10, .h =   9, .offset_x =   0, .offset_y =   9, .advance =   590 },   // 0x65 'e'
    [70] = { .data_offset =  8608, .w =   7, .h =  14, .offset_x =   0, .offset_y =   4, .advance =   396 },   // 0x66 'f'
    [71] = { .data_offset =  8706, .w =  10, .h =  12, .offset_x =   0, .offset_y =   9, .advance =   657 },   // 0x67 'g'
    [72] = { .data_offset =  8826, .w =  10, .h =  13, .offset_x =   0, .offset_y =   5, .advance =   636 },   // 0x68 'h'
    [73] = { .data_offset =  8956, .w =   4, .h =  13, .offset_x =   0, .offset_y =   5, .advance =   277 },   // 0x69 'i'
    [74] = { .data_offset =  9008, .w =   6, .h =  17, .offset_x =  -2, .offset_y =   5, .advance =   282 },   // 0x6A 'j'
    [75] = { .data_offset =  9110, .w =   9, .h =  13, .offset_x =   0, .offset_y =   5, .advance =   583 },   // 0x6B 'k'
    [76] = { .data_offset =  9227, .w =   6, .h =  13, .offset_x =   0, .offset_y =   5, .advance =   347 },   // 0x6C 'l'
    [77] = { .data_offset =  9305, .w =  15, .h =   9, .offset_x =   0, .offset_y =   9, .advance =   954 },   // 0x6D 'm'
    [78] = { .data_offset =  9440, .w =  10, .h =   9, .offset_x =   0, .offset_y =   9, .advance =   636 },   // 0x6E 'n'
    [79] = { .data_offset =  9530, .w =  10, .h =   9, .offset_x =   0, .offset_y =   9, .advance =   627 },   // 0x6F 'o'
    [80] = { .data_offset =  9620, .w =  10, .h =  12, .offset_x =   0, .offset_y =   9, .advance =   653 },   // 0x70 'p'
    [81] = { .data_offset =  9740, .w =  10, .h =  12, .offset_x =   0, .offset_y =   9, .advance =   653 },   // 0x71 'q'
    [82] = { .data_offset =  9860, .w =   7, .h =  10, .offset_x =   0, .offset_y =   8, .advance =   426 },   // 0x72 'r'
    [83] = { .data_offset =  9930, .w =   8, .h =   9, .offset_x =   0, .offset_y =   9, .advance =   531 },   // 0x73 's'
    [84] = { .data_offset = 10002, .w =   7, .h =  12, .offset_x =   0, .offset_y =   6, .advance =   418 },   // 0x74 't'
    [85] = { .data_offset = 10086, .w =  10, .h =   9, .offset_x =   0, .offset_y =   9, .advance =   630 },   // 0x75 'u'
    [86] = { .data_offset = 10176, .w =   9, .h =   9, .offset_x =   0, .offset_y =   9, .advance =   573 },   // 0x76 'v'
    [87] = { .data_offset = 10257, .w =  15, .h =   9, .offset_x =   0, .offset_y =   9, .advance =   928 },   // 0x77 'w'
    [88] = { .data_offset = 10392, .w =   9, .h =   9, .offset_x =   0, .offset_y =   9, .advance =   594 },   // 0x78 'x'
    [89] = { .data_offset = 10473, .w =   9, .h =  12, .offset_x =   0, .offset_y =   9, .advance =   572 },   // 0x79 'y'
    [90] = { .data_offset = 10581, .w =   8, .h =   9, .offset_x =   0, .offset_y =   9, .advance =   516 },   // 0x7A 'z'
    [91] = { .data_offset = 10653, .w =   8, .h =  16, .offset_x =   0, .offset_y =   5, .advance =   425 },   // 0x7B '{'
    [92] = { .data_offset = 10781, .w =   5, .h =  16, .offset_x =   0, .offset_y =   5, .advance =   313 },   // 0x7C '|'
    [93] = { .data_offset = 10861, .w =   7, .h =  16, .offset_x =   0, .offset_y =   5, .advance =   425 },   // 0x7D '}'
    [94] = { .data_offset = 10973, .w =  10, .h =   7, .offset_x =   0, .offset_y =  11, .advance =   653 },   // 0x7E '~'
    [95] = { .data_offset = 11043, .w =   5, .h =   9, .offset_x =   0, .offset_y =   9, .advance =   312 },   // U+2039 '‹' (extra)
    [96] = { .data_offset = 11088, .w =   5, .h =   9, .offset_x =   0, .offset_y =   9, .advance =   312 },   // U+203A '›' (extra)
    [97] = { .data_offset = 11133, .w =   4, .h =   7, .offset_x =   0, .offset_y =  11, .advance =   270 },   // U+00B7 '·' (extra)
    [98] = { .data_offset = 11161, .w =   4, .h =  14, .offset_x =   0, .offset_y =   4, .advance =   270 },   // U+2018 '‘' (extra)
    [99] = { .data_offset = 11217, .w =   4, .h =  13, .offset_x =   0, .offset_y =   5, .advance =   270 },   // U+2019 '’' (extra)
    [100] = { .data_offset = 11269, .w =   8, .h =  14, .offset_x =   0, .offset_y =   4, .advance =   482 },   // U+201C '“' (extra)
    [101] = { .data_offset = 11381, .w =   8, .h =  13, .offset_x =   0, .offset_y =   5, .advance =   482 },   // U+201D '”' (extra)
    [102] = { .data_offset = 11485, .w =  10, .h =   6, .offset_x =  -1, .offset_y =  12, .advance =   544 },   // U+2013 '–' (extra)
    [103] = { .data_offset = 11545, .w =  19, .h =   6, .offset_x =  -1, .offset_y =  12, .advance =  1088 },   // U+2014 '—' (extra)
    [104] = { .data_offset = 11659, .w =  13, .h =   3, .offset_x =   0, .offset_y =  15, .advance =   811 },   // U+2026 '…' (extra)
    [105] = { .data_offset = 11698, .w =   4, .h =  12, .offset_x =   0, .offset_y =   9, .advance =   270 },   // U+00A1 '¡' (extra)
    [106] = { .data_offset = 11746, .w =  10, .h =  14, .offset_x =   0, .offset_y =   6, .advance =   653 },   // U+00A2 '¢' (extra)
    [107] = { .data_offset = 11886, .w =  11, .h =  13, .offset_x =   0, .offset_y =   5, .advance =   653 },   // U+00A3 '£' (extra)
    [108] = { .data_offset = 12029, .w =  10, .h =   9, .offset_x =   0, .offset_y =   9, .advance =   653 },   // U+00A4 '¤' (extra)
    [109] = { .data_offset = 12119, .w =  10, .h =  13, .offset_x =   0, .offset_y =   5, .advance =   653 },   // U+00A5 '¥' (extra)
    [110] = { .data_offset = 12249, .w =   5, .h =  16, .offset_x =   0, .offset_y =   5, .advance =   313 },   // U+00A6 '¦' (extra)
    [111] = { .data_offset = 12329, .w =  10, .h =  16, .offset_x =   0, .offset_y =   5, .advance =   620 },   // U+00A7 '§' (extra)
    [112] = { .data_offset = 12489, .w =   9, .h =  13, .offset_x =   0, .offset_y =   5, .advance =   557 },   // U+00A8 '¨' (extra)
    [113] = { .data_offset = 12606, .w =  14, .h =  13, .offset_x =   0, .offset_y =   5, .advance =   887 },   // U+00A9 '©' (extra)
    [114] = { .data_offset = 12788, .w =   6, .h =  12, .offset_x =   0, .offset_y =   6, .advance =   369 },   // U+00AA 'ª' (extra)
    [115] = { .data_offset = 12860, .w =   8, .h =   9, .offset_x =   0, .offset_y =   9, .advance =   537 },   // U+00AB '«' (extra)
    [116] = { .data_offset = 12932, .w =  11, .h =   8, .offset_x =   0, .offset_y =  10, .advance =   653 },   // U+00AC '¬' (extra)
    [117] = { .data_offset = 13020, .w =  14, .h =  13, .offset_x =   0, .offset_y =   5, .advance =   887 },   // U+00AE '®' (extra)
    [118] = { .data_offset = 13202, .w =   9, .h =  13, .offset_x =   0, .offset_y =   5, .advance =   571 },   // U+00AF '¯' (extra)
    [119] = { .data_offset = 13319, .w =   6, .h =  13, .offset_x =   0, .offset_y =   5, .advance =   412 },   // U+00B0 '°' (extra)
    [120] = { .data_offset = 13397, .w =  10, .h =  10, .offset_x =   0, .offset_y =   8, .advance =   653 },   // U+00B1 '±' (extra)
    [121] = { .data_offset = 13497, .w =   7, .h =  12, .offset_x =   0, .offset_y =   6, .advance =   413 },   // U+00B2 '²' (extra)
    [122] = { .data_offset = 13581, .w =   6, .h =  12, .offset_x =   0, .offset_y =   6, .advance =   413 },   // U+00B3 '³' (extra)
    [123] = { .data_offset = 13653, .w =   6, .h =  15, .offset_x =   0, .offset_y =   3, .advance =   410 },   // U+00B4 '´' (extra)
    [124] = { .data_offset = 13743, .w =  10, .h =  12, .offset_x =   0, .offset_y =   9, .advance =   653 },   // U+00B5 'µ' (extra)
    [125] = { .data_offset = 13863, .w =  11, .h =  16, .offset_x =   0, .offset_y =   5, .advance =   679 },   // U+00B6 '¶' (extra)
    [126] = { .data_offset = 14039, .w =   7, .h =   5, .offset_x =   0, .offset_y =  17, .advance =   458 },   // U+00B8 '¸' (extra)
    [127] = { .data_offset = 14074, .w =   6, .h =  12, .offset_x =   0, .offset_y =   6, .advance =   413 },   // U+00B9 '¹' (extra)
    [128] = { .data_offset = 14146, .w =   7, .h =  12, .offset_x =   0, .offset_y =   6, .advance =   384 },   // U+00BA 'º' (extra)
    [129] = { .data_offset = 14230, .w =   8, .h =   9, .offset_x =   0, .offset_y =   9, .advance =   537 },   // U+00BB '»' (extra)
    [130] = { .data_offset = 14302, .w =  16, .h =  15, .offset_x =   0, .offset_y =   4, .advance =   992 },   // U+00BC '¼' (extra)
    [131] = { .data_offset = 14542, .w =  16, .h =  15, .offset_x =   0, .offset_y =   4, .advance =  1044 },   // U+00BD '½' (extra)
    [132] = { .data_offset = 14782, .w =  16, .h =  15, .offset_x =   0, .offset_y =   4, .advance =   992 },   // U+00BE '¾' (extra)
    [133] = { .data_offset = 15022, .w =   9, .h =  12, .offset_x =   0, .offset_y =   9, .advance =   499 },   // U+00BF '¿' (extra)
    [134] = { .data_offset = 15130, .w =  13, .h =  18, .offset_x =   0, .offset_y =   0, .advance =   809 },   // U+00C0 'À' (extra)
    [135] = { .data_offset = 15364, .w =  13, .h =  18, .offset_x =   0, .offset_y =   0, .advance =   809 },   // U+00C1 'Á' (extra)
    [136] = { .data_offset = 15598, .w =  13, .h =  18, .offset_x =   0, .offset_y =   0, .advance =   809 },   // U+00C2 'Â' (extra)
    [137] = { .data_offset = 15832, .w =  13, .h =  17, .offset_x =   0, .offset_y =   1, .advance =   809 },   // U+00C3 'Ã' (extra)
    [138] = { .data_offset = 16053, .w =  13, .h =  16, .offset_x =   0, .offset_y =   2, .advance =   809 },   // U+00C4 'Ä' (extra)
    [139] = { .data_offset = 16261, .w =  13, .h =  18, .offset_x =   0, .offset_y =   0, .advance =   809 },   // U+00C5 'Å' (extra)
    [140] = { .data_offset = 16495, .w =  17, .h =  13, .offset_x =   0, .offset_y =   5, .advance =  1080 },   // U+00C6 'Æ' (extra)
    [141] = { .data_offset = 16716, .w =  12, .h =  17, .offset_x =   0, .offset_y =   5, .advance =   740 },   // U+00C7 'Ç' (extra)
    [142] = { .data_offset = 16920, .w =  10, .h =  18, .offset_x =   0, .offset_y =   0, .advance =   650 },   // U+00C8 'È' (extra)
    [143] = { .data_offset = 17100, .w =  10, .h =  18, .offset_x =   0, .offset_y =   0, .advance =   650 },   // U+00C9 'É' (extra)
    [144] = { .data_offset = 17280, .w =  10, .h =  18, .offset_x =   0, .offset_y =   0, .advance =   650 },   // U+00CA 'Ê' (extra)
    [145] = { .data_offset = 17460, .w =  10, .h =  16, .offset_x =   0, .offset_y =   2, .advance =   650 },   // U+00CB 'Ë' (extra)
    [146] = { .data_offset = 17620, .w =   6, .h =  18, .offset_x =  -1, .offset_y =   0, .advance =   307 },   // U+00CC 'Ì' (extra)
    [147] = { .data_offset = 17728, .w =   6, .h =  18, .offset_x =   0, .offset_y =   0, .advance =   307 },   // U+00CD 'Í' (extra)
    [148] = { .data_offset = 17836, .w =   6, .h =  18, .offset_x =  -1, .offset_y =   0, .advance =   307 },   // U+00CE 'Î' (extra)
    [149] = { .data_offset = 17944, .w =   6, .h =  16, .offset_x =   0, .offset_y =   2, .advance =   307 },   // U+00CF 'Ï' (extra)
    [150] = { .data_offset = 18040, .w =  14, .h =  13, .offset_x =  -1, .offset_y =   5, .advance =   829 },   // U+00D0 'Ð' (extra)
    [151] = { .data_offset = 18222, .w =  13, .h =  17, .offset_x =   0, .offset_y =   1, .advance =   814 },   // U+00D1 'Ñ' (extra)
    [152] = { .data_offset = 18443, .w =  13, .h =  18, .offset_x =   0, .offset_y =   0, .advance =   854 },   // U+00D2 'Ò' (extra)
    [153] = { .data_offset = 18677, .w =  13, .h =  18, .offset_x =   0, .offset_y =   0, .advance =   854 },   // U+00D3 'Ó' (extra)
    [154] = { .data_offset = 18911, .w =  13, .h =  18, .offset_x =   0, .offset_y =   0, .advance =   854 },   // U+00D4 'Ô' (extra)
    [155] = { .data_offset = 19145, .w =  13, .h =  17, .offset_x =   0, .offset_y =   1, .advance =   854 },   // U+00D5 'Õ' (extra)
    [156] = { .data_offset = 19366, .w =  13, .h =  16, .offset_x =   0, .offset_y =   2, .advance =   854 },   // U+00D6 'Ö' (extra)
    [157] = { .data_offset = 19574, .w =  10, .h =  10, .offset_x =   0, .offset_y =   8, .advance =   653 },   // U+00D7 '×' (extra)
    [158] = { .data_offset = 19674, .w =  13, .h =  16, .offset_x =   0, .offset_y =   4, .advance =   854 },   // U+00D8 'Ø' (extra)
    [159] = { .data_offset = 19882, .w =  13, .h =  18, .offset_x =   0, .offset_y =   0, .advance =   803 },   // U+00D9 'Ù' (extra)
    [160] = { .data_offset = 20116, .w =  13, .h =  18, .offset_x =   0, .offset_y =   0, .advance =   803 },   // U+00DA 'Ú' (extra)
    [161] = { .data_offset = 20350, .w =  13, .h =  18, .offset_x =   0, .offset_y =   0, .advance =   803 },   // U+00DB 'Û' (extra)
    [162] = { .data_offset = 20584, .w =  13, .h =  16, .offset_x =   0, .offset_y =   2, .advance =   803 },   // U+00DC 'Ü' (extra)
    [163] = { .data_offset = 20792, .w =  11, .h =  18, .offset_x =   0, .offset_y =   0, .advance =   672 },   // U+00DD 'Ý' (extra)
    [164] = { .data_offset = 20990, .w =  11, .h =  13, .offset_x =   0, .offset_y =   5, .advance =   713 },   // U+00DE 'Þ' (extra)
    [165] = { .data_offset = 21133, .w =  11, .h =  13, .offset_x =   0, .offset_y =   5, .advance =   710 },   // U+00DF 'ß' (extra)
    [166] = { .data_offset = 21276, .w =   9, .h =  15, .offset_x =   0, .offset_y =   3, .advance =   595 },   // U+00E0 'à' (extra)
    [167] = { .data_offset = 21411, .w =   9, .h =  15, .offset_x =   0, .offset_y =   3, .advance =   595 },   // U+00E1 'á' (extra)
    [168] = { .data_offset = 21546, .w =   9, .h =  15, .offset_x =   0, .offset_y =   3, .advance =   595 },   // U+00E2 'â' (extra)
    [169] = { .data_offset = 21681, .w =   9, .h =  13, .offset_x =   0, .offset_y =   5, .advance =   595 },   // U+00E3 'ã' (extra)
    [170] = { .data_offset = 21798, .w =   9, .h =  13, .offset_x =   0, .offset_y =   5, .advance =   595 },   // U+00E4 'ä' (extra)
    [171] = { .data_offset = 21915, .w =   9, .h =  14, .offset_x =   0, .offset_y =   4, .advance =   595 },   // U+00E5 'å' (extra)
    [172] = { .data_offset = 22041, .w =  16, .h =   9, .offset_x =   0, .offset_y =   9, .advance =   941 },   // U+00E6 'æ' (extra)
    [173] = { .data_offset = 22185, .w =   9, .h =  13, .offset_x =   0, .offset_y =   9, .advance =   514 },   // U+00E7 'ç' (extra)
    [174] = { .data_offset = 22302, .w =  10, .h =  15, .offset_x =   0, .offset_y =   3, .advance =   590 },   // U+00E8 'è' (extra)
    [175] = { .data_offset = 22452, .w =  10, .h =  15, .offset_x =   0, .offset_y =   3, .advance =   590 },   // U+00E9 'é' (extra)
    [176] = { .data_offset = 22602, .w =  10, .h =  15, .offset_x =   0, .offset_y =   3, .advance =   590 },   // U+00EA 'ê' (extra)
    [177] = { .data_offset = 22752, .w =  10, .h =  13, .offset_x =   0, .offset_y =   5, .advance =   590 },   // U+00EB 'ë' (extra)
    [178] = { .data_offset = 22882, .w =   5, .h =  15, .offset_x =  -1, .offset_y =   3, .advance =   277 },   // U+00EC 'ì' (extra)
    [179] = { .data_offset = 22957, .w =   5, .h =  15, .offset_x =   0, .offset_y =   3, .advance =   277 },   // U+00ED 'í' (extra)
    [180] = { .data_offset = 23032, .w =   6, .h =  15, .offset_x =  -1, .offset_y =   3, .advance =   277 },   // U+00EE 'î' (extra)
    [181] = { .data_offset = 23122, .w =   6, .h =  13, .offset_x =   0, .offset_y =   5, .advance =   277 },   // U+00EF 'ï' (extra)
    [182] = { .data_offset = 23200, .w =  10, .h =  14, .offset_x =   0, .offset_y =   4, .advance =   632 },   // U+00F0 'ð' (extra)
    [183] = { .data_offset = 23340, .w =  10, .h =  13, .offset_x =   0, .offset_y =   5, .advance =   636 },   // U+00F1 'ñ' (extra)
    [184] = { .data_offset = 23470, .w =  10, .h =  15, .offset_x =   0, .offset_y =   3, .advance =   627 },   // U+00F2 'ò' (extra)
    [185] = { .data_offset = 23620, .w =  10, .h =  15, .offset_x =   0, .offset_y =   3, .advance =   627 },   // U+00F3 'ó' (extra)
    [186] = { .data_offset = 23770, .w =  10, .h =  15, .offset_x =   0, .offset_y =   3, .advance =   627 },   // U+00F4 'ô' (extra)
    [187] = { .data_offset = 23920, .w =  10, .h =  13, .offset_x =   0, .offset_y =   5, .advance =   627 },   // U+00F5 'õ' (extra)
    [188] = { .data_offset = 24050, .w =  10, .h =  13, .offset_x =   0, .offset_y =   5, .advance =   627 },   // U+00F6 'ö' (extra)
    [189] = { .data_offset = 24180, .w =  10, .h =  10, .offset_x =   0, .offset_y =   8, .advance =   653 },   // U+00F7 '÷' (extra)
    [190] = { .data_offset = 24280, .w =  10, .h =  12, .offset_x =   0, .offset_y =   8, .advance =   627 },   // U+00F8 'ø' (extra)
    [191] = { .data_offset = 24400, .w =  10, .h =  15, .offset_x =   0, .offset_y =   3, .advance =   630 },   // U+00F9 'ù' (extra)
    [192] = { .data_offset = 24550, .w =  10, .h =  15, .offset_x =   0, .offset_y =   3, .advance =   630 },   // U+00FA 'ú' (extra)
    [193] = { .data_offset = 24700, .w =  10, .h =  15, .offset_x =   0, .offset_y =   3, .advance =   630 },   // U+00FB 'û' (extra)
    [194] = { .data_offset = 24850, .w =  10, .h =  13, .offset_x =   0, .offset_y =   5, .advance =   630 },   // U+00FC 'ü' (extra)
    [195] = { .data_offset = 24980, .w =   9, .h =  18, .offset_x =   0, .offset_y =   3, .advance =   572 },   // U+00FD 'ý' (extra)
    [196] = { .data_offset = 25142, .w =  10, .h =  16, .offset_x =   0, .offset_y =   5, .advance =   653 },   // U+00FE 'þ' (extra)
    [197] = { .data_offset = 25302, .w =   9, .h =  16, .offset_x =   0, .offset_y =   5, .advance =   572 },   // U+00FF 'ÿ' (extra)
};

const atlas_t NUNITO_BOLD_17 = {
    .glyphs      = NUNITO_BOLD_17_GLYPHS,
    .data        = NUNITO_BOLD_17_DATA,
    .ascent      = 18,
    .descent     = 6,
    .line_height = 24,
};
