// NUNITO_REGULAR_13 — auto-generated by tools/atlas_gen.py.
// Source: Nunito-Regular.ttf @ 13px
// Edit the generator, not this file.

#include "../atlas.h"

static const uint8_t NUNITO_REGULAR_13_DATA[] = {
    0x10, 0xcc, 0x00, 0x20, 0xf0, 0x00, 0x20, 0xf0, 0x00, 0x20, 0xf0, 0x00, 0x20, 0xf0, 0x00, 0x20,
    0xf0, 0x00, 0x16, 0xdc, 0x00, 0x00, 0x00, 0x00, 0x07, 0x9f, 0x00, 0x0b, 0xbe, 0x00, 0x12, 0xd2,
    0x12, 0xd2, 0x00, 0x20, 0xf0, 0x20, 0xf0, 0x00, 0x20, 0xf0, 0x20, 0xf0, 0x00, 0x15, 0xd9, 0x15,
    0xd8, 0x00, 0x00, 0x00, 0x00, 0x00, 0x00, 0x00, 0x00, 0x00, 0x00, 0x00, 0x00, 0x00, 0x00, 0x00,
    0x00, 0x00, 0x00, 0x00, 0x00, 0x00, 0x00, 0x00, 0x00, 0x00, 0x00, 0x00, 0x00, 0x00, 0x00, 0x00,
    0x00, 0x00, 0x28, 0x93, 0x00, 0x41, 0x79, 0x00, 0x00, 0x00, 0x66, 0x6d, 0x00, 0x80, 0x51, 0x00,
    0x2c, 0xce, 0xf6, 0xda, 0xd0, 0xf6, 0xda, 0x36, 0x00, 0x00, 0xc5, 0x0d, 0x00, 0xd5, 0x00, 0x00,
    0x00, 0x01, 0xd0, 0x00, 0x15, 0xc2, 0x00, 0x00, 0x00, 0x24, 0xad, 0x00, 0x46, 0x93, 0x00, 0x00,
    0x6c, 0xfa, 0xf5, 0xe8, 0xf2, 0xfb, 0xdd, 0x09, 0x00, 0x7a, 0x5a, 0x00, 0x9a, 0x3c, 0x00, 0x00,
    0x00, 0xa2, 0x32, 0x00, 0xc1, 0x13, 0x00, 0x00, 0x00, 0xaa, 0x0a, 0x00, 0xb5, 0x00, 0x00, 0x00,
    0x00, 0x00, 0x00, 0x13, 0xcf, 0x00, 0x00, 0x00, 0x00, 0x00, 0x00, 0x20, 0xf0, 0x00, 0x00, 0x00,
    0x00, 0x14, 0xa5, 0xf2, 0xf5, 0xe0, 0x6f, 0x02, 0x00, 0xbe, 0x98, 0x10, 0x00, 0x1a, 0x9f, 0x3d,
    0x13, 0xfa, 0x06, 0x00, 0x00, 0x00, 0x00, 0x00, 0x0a, 0xfc, 0x25, 0x00, 0x00, 0x00, 0x00, 0x00,
    0x00, 0x92, 0xee, 0x9a, 0x55, 0x0a, 0x00, 0x00, 0x00, 0x00, 0x47, 0x9b, 0xe3, 0xee, 0x40, 0x00,
    0x00, 0x00, 0x00, 0x00, 0x02, 0x83, 0xce, 0x00, 0x00, 0x00, 0x00, 0x00, 0x00, 0x2e, 0xe7, 0x00,
    0x00, 0xb3, 0x49, 0x03, 0x04, 0x8c, 0xa5, 0x00, 0x00, 0x47, 0xba, 0xe7, 0xfe, 0xb9, 0x10, 0x00,
    0x00, 0x00, 0x00, 0x20, 0xf0, 0x00, 0x00, 0x00, 0x00, 0x00, 0x00, 0x06, 0x60, 0x00, 0x00, 0x00,
    0x00, 0x00, 0x00, 0x00, 0x00, 0x00, 0x00, 0x00, 0x1b, 0x00, 0x00, 0x00, 0x00, 0x50, 0xe7, 0xd6,
    0x2a, 0x00, 0x00, 0x1a, 0xd6, 0x00, 0x00, 0x00, 0x00, 0xe6, 0x3e, 0x6b, 0xb0, 0x00, 0x00, 0x98,
    0x66, 0x00, 0x00, 0x00, 0x17, 0xfa, 0x01, 0x29, 0xe2, 0x00, 0x24, 0xd6, 0x04, 0x00, 0x00, 0x00,
    0x12, 0xf8, 0x00, 0x2f, 0xe5, 0x00, 0xa7, 0x58, 0x00, 0x00, 0x00, 0x00, 0x00, 0xde, 0x3e, 0x76,
    0xaf, 0x2f, 0xcd, 0x2d, 0xc5, 0xe6, 0xac, 0x14, 0x00, 0x45, 0xda, 0xd0, 0x28, 0xb5, 0x49, 0xd2,
    0x6c, 0x06, 0x94, 0x9d, 0x00, 0x00, 0x00, 0x00, 0x3c, 0xc2, 0x14, 0xfc, 0x06, 0x00, 0x2e, 0xde,
    0x00, 0x00, 0x00, 0x00, 0xc3, 0x3c, 0x0f, 0xfb, 0x02, 0x00, 0x34, 0xe5, 0x00, 0x00, 0x00, 0x4b,
    0xb4, 0x00, 0x00, 0xd2, 0x5f, 0x04, 0x95, 0xa7, 0x00, 0x00, 0x00, 0xc7, 0x2f, 0x00, 0x00, 0x2f,
    0xcc, 0xf0, 0xc2, 0x1b, 0x00, 0x00, 0x00, 0x29, 0x00, 0x00, 0x00, 0x00, 0x00, 0x00, 0x00, 0x00,
    0x00, 0x00, 0x51, 0xe5, 0xe4, 0x4d, 0x00, 0x00, 0x00, 0x00, 0x00, 0xe8, 0x26, 0x52, 0xd9, 0x00,
    0x00, 0x00, 0x00, 0x04, 0xf0, 0x03, 0x3a, 0xd7, 0x00, 0x00, 0x00, 0x00, 0x00, 0xab, 0x71, 0xcb,
    0x5f, 0x00, 0x00, 0x00, 0x00, 0x00, 0x4e, 0xff, 0x84, 0x00, 0x18, 0x9d, 0x00, 0x00, 0x4a, 0xd7,
    0x68, 0xd3, 0x0f, 0x45, 0xa8, 0x00, 0x03, 0xe6, 0x30, 0x00, 0x71, 0xb6, 0x86, 0x6d, 0x00, 0x18,
    0xf9, 0x00, 0x00, 0x00, 0xaa, 0xff, 0x16, 0x00, 0x04, 0xe7, 0x5e, 0x00, 0x16, 0xbc, 0xe9, 0x6b,
    0x00, 0x00, 0x38, 0xcc, 0xef, 0xda, 0x66, 0x16, 0xd5, 0x19, 0x12, 0xd2, 0x00, 0x20, 0xf0, 0x00,
    0x20, 0xf0, 0x00, 0x15, 0xd9, 0x00, 0x00, 0x00, 0x00, 0x00, 0x00, 0x00, 0x00, 0x00, 0x00, 0x00,
    0x00, 0x00, 0x00, 0x00, 0x00, 0x00, 0x00, 0x00, 0x00, 0x00, 0x03, 0x00, 0x00, 0x02, 0xd2, 0x00,
    0x00, 0x4a, 0xb8, 0x00, 0x00, 0x9e, 0x6d, 0x00, 0x00, 0xd6, 0x37, 0x00, 0x02, 0xfd, 0x0c, 0x00,
    0x13, 0xfb, 0x00, 0x00, 0x1c, 0xf4, 0x00, 0x00, 0x10, 0xff, 0x04, 0x00, 0x00, 0xf2, 0x1f, 0x00,
    0x00, 0xc6, 0x50, 0x00, 0x00, 0x81, 0x8e, 0x00, 0x00, 0x26, 0xda, 0x00, 0x00, 0x00, 0x72, 0x00,
    0x00, 0x03, 0x00, 0x00, 0x21, 0xba, 0x00, 0x00, 0x01, 0xe5, 0x23, 0x00, 0x00, 0x9d, 0x6d, 0x00,
    0x00, 0x6a, 0xa8, 0x00, 0x00, 0x40, 0xd0, 0x00, 0x00, 0x2d, 0xe5, 0x00, 0x00, 0x25, 0xea, 0x00,
    0x00, 0x35, 0xda, 0x00, 0x00, 0x4f, 0xc2, 0x00, 0x00, 0x7e, 0x8e, 0x00, 0x00, 0xbb, 0x50, 0x00,
    0x0e, 0xe6, 0x06, 0x00, 0x14, 0x5f, 0x00, 0x00, 0x00, 0x5d, 0x3d, 0x60, 0x3e, 0x00, 0x00, 0x14,
    0xb2, 0xba, 0x06, 0x00, 0x69, 0xe8, 0xff, 0xff, 0xe7, 0x47, 0x00, 0x16, 0xb3, 0xba, 0x05, 0x00,
    0x00, 0x60, 0x3d, 0x62, 0x3d, 0x00, 0x00, 0x00, 0x00, 0x00, 0x00, 0x00, 0x00, 0x00, 0x00, 0x00,
    0x00, 0x00, 0x00, 0x00, 0x00, 0x00, 0x00, 0x00, 0x00, 0x00, 0x00, 0x00, 0x00, 0x00, 0x00, 0x00,
    0x00, 0x00, 0x00, 0x00, 0x00, 0x00, 0x00, 0x16, 0xd8, 0x00, 0x00, 0x00, 0x00, 0x00, 0x00, 0x20,
    0xf0, 0x00, 0x00, 0x00, 0x00, 0x00, 0x00, 0x20, 0xf0, 0x00, 0x00, 0x00, 0x00, 0xc7, 0xe8, 0xeb,
    0xfe, 0xe8, 0xe8, 0x9c, 0x00, 0x00, 0x00, 0x20, 0xf0, 0x00, 0x00, 0x00, 0x00, 0x00, 0x00, 0x20,
    0xf0, 0x00, 0x00, 0x00, 0x00, 0x00, 0x00, 0x17, 0xda, 0x00, 0x00, 0x00, 0x07, 0x9b, 0x00, 0x0a,
    0xde, 0x00, 0x00, 0x95, 0x00, 0x05, 0x31, 0x00, 0x0f, 0xe2, 0xec, 0xec, 0x7e, 0x00, 0x00, 0x00,
    0x00, 0x00, 0x00, 0x00, 0x00, 0x00, 0x00, 0x00, 0x00, 0x00, 0x00, 0x00, 0x00, 0x00, 0x00, 0x00,
    0x07, 0x9f, 0x00, 0x0b, 0xbe, 0x00, 0x00, 0x00, 0x00, 0x02, 0x51, 0x00, 0x00, 0x00, 0x38, 0xaf,
    0x00, 0x00, 0x00, 0x83, 0x64, 0x00, 0x00, 0x00, 0xce, 0x1a, 0x00, 0x00, 0x1a, 0xce, 0x00, 0x00,
    0x00, 0x65, 0x84, 0x00, 0x00, 0x00, 0xb0, 0x39, 0x00, 0x00, 0x07, 0xe0, 0x02, 0x00, 0x00, 0x47,
    0xa3, 0x00, 0x00, 0x00, 0x92, 0x58, 0x00, 0x00, 0x00, 0xd9, 0x11, 0x00, 0x00, 0x14, 0xb8, 0x00,
    0x00, 0x00, 0x00, 0x02, 0x91, 0xeb, 0xe7, 0x71, 0x00, 0x00, 0x00, 0x71, 0xbf, 0x0e, 0x1e, 0xde,
    0x45, 0x00, 0x00, 0xd3, 0x37, 0x00, 0x00, 0x68, 0xa6, 0x00, 0x08, 0xfc, 0x07, 0x00, 0x00, 0x36,
    0xd6, 0x00, 0x19, 0xf3, 0x00, 0x00, 0x00, 0x23, 0xea, 0x00, 0x1b, 0xf3, 0x00, 0x00, 0x00, 0x24,
    0xe8, 0x00, 0x08, 0xfd, 0x07, 0x00, 0x00, 0x37, 0xd4, 0x00, 0x00, 0xd5, 0x39, 0x00, 0x00, 0x6a,
    0xa2, 0x00, 0x00, 0x73, 0xc0, 0x0f, 0x1e, 0xdf, 0x41, 0x00, 0x00, 0x03, 0x93, 0xee, 0xe6, 0x6d,
    0x00, 0x00, 0x00, 0x00, 0x02, 0x7b, 0xd7, 0x00, 0x00, 0x00, 0x00, 0x09, 0xc1, 0xd9, 0xff, 0x00,
    0x00, 0x00, 0x00, 0x0b, 0x5e, 0x21, 0xf0, 0x00, 0x00, 0x00, 0x00, 0x00, 0x00, 0x20, 0xf0, 0x00,
    0x00, 0x00, 0x00, 0x00, 0x00, 0x20, 0xf0, 0x00, 0x00, 0x00, 0x00, 0x00, 0x00, 0x20, 0xf0, 0x00,
    0x00, 0x00, 0x00, 0x00, 0x00, 0x20, 0xf0, 0x00, 0x00, 0x00, 0x00, 0x00, 0x00, 0x20, 0xf0, 0x00,
    0x00, 0x00, 0x00, 0x00, 0x00, 0x20, 0xf0, 0x00, 0x00, 0x00, 0x00, 0x32, 0xf9, 0xfc, 0xff, 0xfc,
    0xda, 0x00, 0x00, 0x25, 0xa5, 0xe1, 0xf0, 0xb9, 0x1f, 0x00, 0x00, 0x93, 0x61, 0x08, 0x05, 0x92,
    0xb6, 0x00, 0x00, 0x00, 0x00, 0x00, 0x00, 0x2a, 0xe8, 0x00, 0x00, 0x00, 0x00, 0x00, 0x00, 0x44,
    0xcf, 0x00, 0x00, 0x00, 0x00, 0x00, 0x00, 0xb5, 0x76, 0x00, 0x00, 0x00, 0x00, 0x00, 0x70, 0xd0,
    0x09, 0x00, 0x00, 0x00, 0x00, 0x4b, 0xe7, 0x22, 0x00, 0x00, 0x00, 0x00, 0x2f, 0xe9, 0x37, 0x00,
    0x00, 0x00, 0x00, 0x19, 0xe0, 0x51, 0x00, 0x00, 0x00, 0x00, 0x00, 0x72, 0xff, 0xec, 0xec, 0xec,
    0xeb, 0x47, 0x00, 0x24, 0xa5, 0xe1, 0xef, 0xbe, 0x27, 0x00, 0x00, 0x82, 0x57, 0x06, 0x02, 0x7f,
    0xc5, 0x00, 0x00, 0x00, 0x00, 0x00, 0x00, 0x30, 0xe0, 0x00, 0x00, 0x00, 0x00, 0x00, 0x0e, 0xa0,
    0x88, 0x00, 0x00, 0x00, 0x39, 0xe6, 0xfc, 0xd1, 0x0a, 0x00, 0x00, 0x00, 0x00, 0x00, 0x08, 0x9b,
    0x92, 0x00, 0x00, 0x00, 0x00, 0x00, 0x00, 0x2e, 0xe0, 0x00, 0x00, 0x00, 0x00, 0x00, 0x00, 0x3c,
    0xe2, 0x00, 0x1f, 0xaa, 0x31, 0x01, 0x11, 0xb4, 0x93, 0x00, 0x01, 0x61, 0xc9, 0xea, 0xec, 0x9a,
    0x0b, 0x00, 0x00, 0x00, 0x00, 0x00, 0x39, 0xd1, 0x00, 0x00, 0x00, 0x00, 0x00, 0x05, 0xe1, 0xf7,
    0x00, 0x00, 0x00, 0x00, 0x00, 0x7c, 0xab, 0xf0, 0x00, 0x00, 0x00, 0x00, 0x24, 0xd9, 0x2b, 0xf0,
    0x00, 0x00, 0x00, 0x00, 0xbc, 0x4d, 0x20, 0xf0, 0x00, 0x00, 0x00, 0x5e, 0xae, 0x00, 0x20, 0xf0,
    0x00, 0x00, 0x13, 0xde, 0x1c, 0x00, 0x20, 0xf0, 0x00, 0x00, 0x4f, 0xf6, 0xe8, 0xe8, 0xeb, 0xfe,
    0xe6, 0x3c, 0x00, 0x00, 0x00, 0x00, 0x20, 0xf0, 0x00, 0x00, 0x00, 0x00, 0x00, 0x00, 0x14, 0xd3,
    0x00, 0x00, 0x14, 0xf8, 0xec, 0xec, 0xec, 0xe8, 0x2a, 0x00, 0x20, 0xf0, 0x00, 0x00, 0x00, 0x00,
    0x00, 0x00, 0x20, 0xf0, 0x00, 0x00, 0x00, 0x00, 0x00, 0x00, 0x20, 0xf0, 0x00, 0x00, 0x00, 0x00,
    0x00, 0x00, 0x20, 0xf5, 0x8d, 0xe1, 0xe4, 0x90, 0x08, 0x00, 0x19, 0xff, 0x64, 0x09, 0x18, 0xc0,
    0x8c, 0x00, 0x00, 0x0a, 0x00, 0x00, 0x00, 0x3a, 0xe0, 0x00, 0x00, 0x00, 0x00, 0x00, 0x00, 0x3a,
    0xe0, 0x00, 0x1a, 0xb1, 0x35, 0x02, 0x12, 0xb6, 0x8c, 0x00, 0x00, 0x5a, 0xc6, 0xea, 0xeb, 0x94,
    0x08, 0x00, 0x00, 0x00, 0x49, 0xd0, 0xef, 0xd4, 0x4e, 0x00, 0x00, 0x37, 0xe3, 0x36, 0x00, 0x29,
    0xba, 0x0c, 0x00, 0xb3, 0x5f, 0x00, 0x00, 0x00, 0x00, 0x00, 0x02, 0xf5, 0x15, 0x00, 0x00, 0x00,
    0x00, 0x00, 0x16, 0xf8, 0x34, 0xc9, 0xe7, 0xa1, 0x0c, 0x00, 0x1b, 0xf4, 0xb6, 0x17, 0x0d, 0xbc,
    0x92, 0x00, 0x09, 0xff, 0x5e, 0x00, 0x00, 0x3d, 0xe1, 0x00, 0x00, 0xd3, 0x5d, 0x00, 0x00, 0x3b,
    0xe0, 0x00, 0x00, 0x67, 0xcc, 0x15, 0x0d, 0xb4, 0x8f, 0x00, 0x00, 0x00, 0x7c, 0xe5, 0xef, 0xa1,
    0x0b, 0x00, 0x1b, 0xe5, 0xec, 0xec, 0xec, 0xff, 0xdd, 0x00, 0x00, 0x00, 0x00, 0x00, 0x00, 0x8c,
    0x9f, 0x00, 0x00, 0x00, 0x00, 0x00, 0x11, 0xf1, 0x28, 0x00, 0x00, 0x00, 0x00, 0x00, 0x7f, 0xad,
    0x00, 0x00, 0x00, 0x00, 0x00, 0x0b, 0xec, 0x34, 0x00, 0x00, 0x00, 0x00, 0x00, 0x72, 0xba, 0x00,
    0x00, 0x00, 0x00, 0x00, 0x06, 0xe4, 0x41, 0x00, 0x00, 0x00, 0x00, 0x00, 0x65, 0xc7, 0x00, 0x00,
    0x00, 0x00, 0x00, 0x03, 0xdb, 0x4e, 0x00, 0x00, 0x00, 0x00, 0x00, 0x34, 0xc9, 0x01, 0x00, 0x00,
    0x00, 0x00, 0x00, 0x34, 0xc0, 0xee, 0xed, 0xb0, 0x1c, 0x00, 0x05, 0xea, 0x64, 0x01, 0x07, 0x91,
    0xbd, 0x00, 0x15, 0xfa, 0x01, 0x00, 0x00, 0x2f, 0xe1, 0x00, 0x00, 0xc4, 0x6c, 0x04, 0x10, 0x9f,
    0x8e, 0x00, 0x00, 0x20, 0xf5, 0xf9, 0xfe, 0xd2, 0x08, 0x00, 0x00, 0xb3, 0x84, 0x07, 0x0f, 0xac,
    0x86, 0x00, 0x09, 0xf9, 0x05, 0x00, 0x00, 0x32, 0xdc, 0x00, 0x14, 0xfc, 0x05, 0x00, 0x00, 0x32,
    0xe4, 0x00, 0x00, 0xcd, 0x7e, 0x03, 0x09, 0xa7, 0x9c, 0x00, 0x00, 0x22, 0xb9, 0xee, 0xec, 0xa1,
    0x0f, 0x00, 0x00, 0x1b, 0xb7, 0xec, 0xd9, 0x57, 0x00, 0x00, 0x00, 0xbf, 0x8d, 0x03, 0x27, 0xe7,
    0x38, 0x00, 0x11, 0xfd, 0x0d, 0x00, 0x00, 0x8b, 0xa1, 0x00, 0x12, 0xfd, 0x0e, 0x00, 0x00, 0x96,
    0xd7, 0x00, 0x00, 0xc5, 0x94, 0x05, 0x2d, 0xc2, 0xea, 0x00, 0x00, 0x1e, 0xb9, 0xe8, 0xb8, 0x3d,
    0xe5, 0x00, 0x00, 0x00, 0x00, 0x00, 0x00, 0x48, 0xc6, 0x00, 0x00, 0x00, 0x00, 0x00, 0x00, 0x93,
    0x83, 0x00, 0x34, 0xa9, 0x18, 0x01, 0x54, 0xe5, 0x16, 0x00, 0x02, 0x6f, 0xda, 0xee, 0xbf, 0x2d,
    0x00, 0x00, 0x0c, 0xbe, 0x00, 0x06, 0x9f, 0x00, 0x00, 0x00, 0x00, 0x00, 0x00, 0x00, 0x00, 0x00,
    0x00, 0x07, 0x9f, 0x00, 0x0b, 0xbe, 0x00, 0x0c, 0xbe, 0x00, 0x06, 0x9f, 0x00, 0x00, 0x00, 0x00,
    0x00, 0x00, 0x00, 0x00, 0x00, 0x00, 0x07, 0x9b, 0x00, 0x0a, 0xde, 0x00, 0x00, 0x95, 0x00, 0x05,
    0x31, 0x00, 0x00, 0x00, 0x00, 0x00, 0x00, 0x02, 0x51, 0x12, 0x00, 0x00, 0x00, 0x03, 0x5a, 0xd3,
    0xa2, 0x0e, 0x00, 0x03, 0x5d, 0xd2, 0x9a, 0x21, 0x00, 0x00, 0x1f, 0xf0, 0x92, 0x1c, 0x00, 0x00,
    0x00, 0x00, 0x17, 0xce, 0xb0, 0x34, 0x00, 0x00, 0x00, 0x00, 0x00, 0x00, 0x42, 0xc0, 0xb7, 0x3a,
    0x00, 0x00, 0x00, 0x00, 0x00, 0x00, 0x3f, 0xbd, 0xbd, 0x14, 0x00, 0x00, 0x00, 0x00, 0x00, 0x00,
    0x36, 0x0b, 0x3a, 0xe7, 0xe8, 0xe8, 0xe8, 0xe8, 0xe1, 0x11, 0x00, 0x00, 0x00, 0x00, 0x00, 0x00,
    0x00, 0x00, 0x00, 0x00, 0x00, 0x00, 0x00, 0x00, 0x00, 0x00, 0x3b, 0xeb, 0xec, 0xec, 0xec, 0xec,
    0xe6, 0x12, 0x00, 0x00, 0x00, 0x00, 0x00, 0x00, 0x00, 0x00, 0x00, 0x00, 0x00, 0x00, 0x00, 0x00,
    0x00, 0x00, 0x28, 0x3d, 0x00, 0x00, 0x00, 0x00, 0x00, 0x00, 0x24, 0xbb, 0xbf, 0x42, 0x00, 0x00,
    0x00, 0x00, 0x00, 0x00, 0x37, 0xb2, 0xc2, 0x45, 0x00, 0x00, 0x00, 0x00, 0x00, 0x00, 0x2f, 0xa9,
    0xdf, 0x05, 0x00, 0x00, 0x00, 0x00, 0x4c, 0xc6, 0xb4, 0x02, 0x00, 0x01, 0x53, 0xcc, 0xa8, 0x2b,
    0x00, 0x00, 0x30, 0xd2, 0xa5, 0x28, 0x00, 0x00, 0x00, 0x00, 0x1c, 0x24, 0x00, 0x00, 0x00, 0x00,
    0x00, 0x00, 0x07, 0x77, 0xd6, 0xed, 0xce, 0x35, 0x00, 0x46, 0x89, 0x17, 0x00, 0x66, 0xcf, 0x00,
    0x00, 0x00, 0x00, 0x00, 0x2e, 0xe1, 0x00, 0x00, 0x00, 0x00, 0x00, 0x8c, 0x90, 0x00, 0x00, 0x00,
    0x00, 0x2b, 0xd7, 0x0d, 0x00, 0x00, 0x00, 0x00, 0xa0, 0x3a, 0x00, 0x00, 0x00, 0x00, 0x00, 0xa7,
    0x00, 0x00, 0x00, 0x00, 0x00, 0x00, 0x0c, 0x00, 0x00, 0x00, 0x00, 0x00, 0x07, 0xa1, 0x00, 0x00,
    0x00, 0x00, 0x00, 0x0b, 0xc0, 0x00, 0x00, 0x00, 0x00, 0x00, 0x00, 0x14, 0x89, 0xd9, 0xed, 0xe6,
    0xb1, 0x3d, 0x00, 0x00, 0x00, 0x00, 0x35, 0xe4, 0x7d, 0x19, 0x00, 0x08, 0x59, 0xe5, 0x68, 0x00,
    0x00, 0x14, 0xe5, 0x46, 0x00, 0x00, 0x00, 0x00, 0x00, 0x25, 0xef, 0x2c, 0x00, 0x86, 0x9b, 0x00,
    0x03, 0x92, 0xeb, 0xce, 0x7a, 0x6f, 0x8a, 0x96, 0x00, 0xdc, 0x3a, 0x00, 0x7d, 0xbe, 0x0d, 0x2c,
    0xff, 0x5f, 0x40, 0xd2, 0x0b, 0xff, 0x08, 0x01, 0xe7, 0x36, 0x00, 0x00, 0xdf, 0x3b, 0x27, 0xe9,
    0x1b, 0xf5, 0x00, 0x15, 0xfe, 0x09, 0x00, 0x00, 0xe8, 0x17, 0x35, 0xdf, 0x0a, 0xff, 0x06, 0x11,
    0xf9, 0x00, 0x00, 0x25, 0xf7, 0x00, 0x54, 0xb2, 0x00, 0xd7, 0x32, 0x00, 0xd6, 0x46, 0x04, 0xa7,
    0xff, 0x0c, 0xb1, 0x52, 0x00, 0x79, 0x8e, 0x00, 0x33, 0xc0, 0xb5, 0x38, 0x7d, 0xc6, 0x7c, 0x00,
    0x00, 0x0b, 0xd8, 0x36, 0x00, 0x00, 0x00, 0x00, 0x00, 0x07, 0x05, 0x00, 0x00, 0x00, 0x2e, 0xdd,
    0x70, 0x13, 0x00, 0x06, 0x53, 0xd6, 0x2b, 0x00, 0x00, 0x00, 0x00, 0x18, 0x91, 0xde, 0xed, 0xe5,
    0xa3, 0x26, 0x00, 0x00, 0x00, 0x00, 0x00, 0x02, 0xce, 0x53, 0x00, 0x00, 0x00, 0x00, 0x00, 0x00,
    0x00, 0x4d, 0x8f, 0xbd, 0x00, 0x00, 0x00, 0x00, 0x00, 0x00, 0x00, 0xb4, 0x20, 0x9f, 0x31, 0x00,
    0x00, 0x00, 0x00, 0x00, 0x21, 0xb7, 0x00, 0x3c, 0x9a, 0x00, 0x00, 0x00, 0x00, 0x00, 0x88, 0x56,
    0x00, 0x00, 0xcd, 0x0e, 0x00, 0x00, 0x00, 0x06, 0xd5, 0x06, 0x00, 0x00, 0x76, 0x6b, 0x00, 0x00,
    0x00, 0x59, 0xff, 0xf8, 0xf8, 0xf8, 0xff, 0xe6, 0x00, 0x00, 0x00, 0xc2, 0x2f, 0x00, 0x00, 0x00,
    0x00, 0xb6, 0x3d, 0x00, 0x2b, 0xd5, 0x00, 0x00, 0x00, 0x00, 0x00, 0x5c, 0xa6, 0x00, 0x73, 0x6f,
    0x00, 0x00, 0x00, 0x00, 0x00, 0x0b, 0xd7, 0x00, 0x11, 0xf2, 0xec, 0xec, 0xed, 0xed, 0xac, 0x1c,
    0x00, 0x20, 0xf0, 0x00, 0x00, 0x00, 0x0c, 0x97, 0xbc, 0x00, 0x20, 0xf0, 0x00, 0x00, 0x00, 0x00,
    0x2e, 0xe5, 0x00, 0x20, 0xf0, 0x00, 0x00, 0x00, 0x12, 0x9d, 0x94, 0x00, 0x20, 0xfe, 0xe8, 0xe8,
    0xeb, 0xff, 0xd5, 0x07, 0x00, 0x20, 0xf0, 0x00, 0x00, 0x00, 0x16, 0xb4, 0x8d, 0x00, 0x20, 0xf0,
    0x00, 0x00, 0x00, 0x00, 0x35, 0xde, 0x00, 0x20, 0xf0, 0x00, 0x00, 0x00, 0x00, 0x32, 0xdb, 0x00,
    0x20, 0xf0, 0x00, 0x00, 0x00, 0x0f, 0xae, 0x92, 0x00, 0x11, 0xf4, 0xec, 0xec, 0xec, 0xe5, 0x96,
    0x0c, 0x00, 0x00, 0x00, 0x2f, 0xb2, 0xed, 0xe8, 0xc1, 0x4c, 0x00, 0x00, 0x2f, 0xec, 0x62, 0x05,
    0x03, 0x3f, 0xc0, 0x0e, 0x00, 0xb2, 0x76, 0x00, 0x00, 0x00, 0x00, 0x00, 0x00, 0x03, 0xf6, 0x1b,
    0x00, 0x00, 0x00, 0x00, 0x00, 0x00, 0x18, 0xf9, 0x00, 0x00, 0x00, 0x00, 0x00, 0x00, 0x00, 0x16,
    0xf8, 0x00, 0x00, 0x00, 0x00, 0x00, 0x00, 0x00, 0x03, 0xf5, 0x1c, 0x00, 0x00, 0x00, 0x00, 0x00,
    0x00, 0x00, 0xb0, 0x76, 0x00, 0x00, 0x00, 0x00, 0x00, 0x00, 0x00, 0x2c, 0xeb, 0x5e, 0x04, 0x03,
    0x3d, 0xb9, 0x11, 0x00, 0x00, 0x31, 0xb4, 0xea, 0xe9, 0xc4, 0x4a, 0x00, 0x11, 0xf2, 0xec, 0xec,
    0xed, 0xd6, 0x81, 0x0a, 0x00, 0x00, 0x20, 0xf0, 0x00, 0x00, 0x00, 0x23, 0xa0, 0xc9, 0x08, 0x00,
    0x20, 0xf0, 0x00, 0x00, 0x00, 0x00, 0x00, 0xb7, 0x74, 0x00, 0x20, 0xf0, 0x00, 0x00, 0x00, 0x00,
    0x00, 0x4f, 0xc4, 0x00, 0x20, 0xf0, 0x00, 0x00, 0x00, 0x00, 0x00, 0x28, 0xe6, 0x00, 0x20, 0xf0,
    0x00, 0x00, 0x00, 0x00, 0x00, 0x31, 0xe6, 0x00, 0x20, 0xf0, 0x00, 0x00, 0x00, 0x00, 0x00, 0x54,
    0xc3, 0x00, 0x20, 0xf0, 0x00, 0x00, 0x00, 0x00, 0x00, 0xb4, 0x71, 0x00, 0x20, 0xf0, 0x00, 0x00,
    0x00, 0x25, 0xaf, 0xc9, 0x08, 0x00, 0x11, 0xf3, 0xec, 0xec, 0xed, 0xd6, 0x80, 0x0a, 0x00, 0x00,
    0x11, 0xf3, 0xec, 0xec, 0xec, 0xec, 0x97, 0x00, 0x20, 0xf0, 0x00, 0x00, 0x00, 0x00, 0x00, 0x00,
    0x20, 0xf0, 0x00, 0x00, 0x00, 0x00, 0x00, 0x00, 0x20, 0xf0, 0x00, 0x00, 0x00, 0x00, 0x00, 0x00,
    0x20, 0xfe, 0xe8, 0xe8, 0xe8, 0xe8, 0x57, 0x00, 0x20, 0xf0, 0x00, 0x00, 0x00, 0x00, 0x00, 0x00,
    0x20, 0xf0, 0x00, 0x00, 0x00, 0x00, 0x00, 0x00, 0x20, 0xf0, 0x00, 0x00, 0x00, 0x00, 0x00, 0x00,
    0x20, 0xf0, 0x00, 0x00, 0x00, 0x00, 0x00, 0x00, 0x11, 0xf4, 0xec, 0xec, 0xec, 0xec, 0x98, 0x00,
    0x11, 0xf3, 0xec, 0xec, 0xec, 0xec, 0x76, 0x20, 0xf0, 0x00, 0x00, 0x00, 0x00, 0x00, 0x20, 0xf0,
    0x00, 0x00, 0x00, 0x00, 0x00, 0x20, 0xf0, 0x00, 0x00, 0x00, 0x00, 0x00, 0x20, 0xfe, 0xe8, 0xe8,
    0xe8, 0xe6, 0x36, 0x20, 0xf0, 0x00, 0x00, 0x00, 0x00, 0x00, 0x20, 0xf0, 0x00, 0x00, 0x00, 0x00,
    0x00, 0x20, 0xf0, 0x00, 0x00, 0x00, 0x00, 0x00, 0x20, 0xf0, 0x00, 0x00, 0x00, 0x00, 0x00, 0x12,
    0xd0, 0x00, 0x00, 0x00, 0x00, 0x00, 0x00, 0x00, 0x29, 0xac, 0xeb, 0xeb, 0xce, 0x68, 0x04, 0x00,
    0x2a, 0xeb, 0x67, 0x06, 0x02, 0x2f, 0xb1, 0x37, 0x00, 0xb0, 0x7d, 0x00, 0x00, 0x00, 0x00, 0x00,
    0x00, 0x03, 0xf6, 0x1e, 0x00, 0x00, 0x00, 0x00, 0x00, 0x00, 0x18, 0xf9, 0x00, 0x00, 0x00, 0x00,
    0x00, 0x00, 0x00, 0x14, 0xfb, 0x04, 0x00, 0x00, 0x4e, 0xe7, 0xe9, 0xd4, 0x01, 0xf2, 0x24, 0x00,
    0x00, 0x00, 0x00, 0x20, 0xf0, 0x00, 0xa1, 0x8f, 0x00, 0x00, 0x00, 0x00, 0x20, 0xf0, 0x00, 0x1a,
    0xe1, 0x75, 0x0f, 0x00, 0x04, 0x55, 0xf4, 0x00, 0x00, 0x18, 0x94, 0xdd, 0xea, 0xe9, 0xc7, 0x71,
    0x13, 0xd4, 0x00, 0x00, 0x00, 0x00, 0x00, 0x14, 0xd3, 0x00, 0x20, 0xf0, 0x00, 0x00, 0x00, 0x00,
    0x00, 0x20, 0xf0, 0x00, 0x20, 0xf0, 0x00, 0x00, 0x00, 0x00, 0x00, 0x20, 0xf0, 0x00, 0x20, 0xf0,
    0x00, 0x00, 0x00, 0x00, 0x00, 0x20, 0xf0, 0x00, 0x20, 0xfe, 0xe8, 0xe8, 0xe8, 0xe8, 0xe8, 0xeb,
    0xf0, 0x00, 0x20, 0xf0, 0x00, 0x00, 0x00, 0x00, 0x00, 0x20, 0xf0, 0x00, 0x20, 0xf0, 0x00, 0x00,
    0x00, 0x00, 0x00, 0x20, 0xf0, 0x00, 0x20, 0xf0, 0x00, 0x00, 0x00, 0x00, 0x00, 0x20, 0xf0, 0x00,
    0x20, 0xf0, 0x00, 0x00, 0x00, 0x00, 0x00, 0x20, 0xf0, 0x00, 0x13, 0xcf, 0x00, 0x00, 0x00, 0x00,
    0x00, 0x12, 0xd1, 0x00, 0x13, 0xd2, 0x00, 0x20, 0xf0, 0x00, 0x20, 0xf0, 0x00, 0x20, 0xf0, 0x00,
    0x20, 0xf0, 0x00, 0x20, 0xf0, 0x00, 0x20, 0xf0, 0x00, 0x20, 0xf0, 0x00, 0x20, 0xf0, 0x00, 0x13,
    0xd2, 0x00, 0x00, 0x00, 0x13, 0xd2, 0x00, 0x00, 0x00, 0x20, 0xf0, 0x00, 0x00, 0x00, 0x20, 0xf0,
    0x00, 0x00, 0x00, 0x20, 0xf0, 0x00, 0x00, 0x00, 0x20, 0xf0, 0x00, 0x00, 0x00, 0x20, 0xf0, 0x00,
    0x00, 0x00, 0x20, 0xf0, 0x00, 0x00, 0x00, 0x26, 0xeb, 0x00, 0x00, 0x00, 0x80, 0xbe, 0x00, 0x2b,
    0xed, 0xd4, 0x2e, 0x00, 0x13, 0xd2, 0x00, 0x00, 0x00, 0x1c, 0xd4, 0x27, 0x20, 0xf0, 0x00, 0x00,
    0x1d, 0xdb, 0x64, 0x00, 0x20, 0xf0, 0x00, 0x1e, 0xdb, 0x61, 0x00, 0x00, 0x20, 0xf0, 0x1f, 0xdc,
    0x5e, 0x00, 0x00, 0x00, 0x20, 0xf7, 0xf3, 0x5e, 0x00, 0x00, 0x00, 0x00, 0x20, 0xf5, 0xcb, 0x9f,
    0x02, 0x00, 0x00, 0x00, 0x20, 0xf0, 0x0d, 0xc3, 0xa1, 0x02, 0x00, 0x00, 0x20, 0xf0, 0x00, 0x0b,
    0xbe, 0xa4, 0x03, 0x00, 0x20, 0xf0, 0x00, 0x00, 0x09, 0xba, 0xa6, 0x03, 0x13, 0xd2, 0x00, 0x00,
    0x00, 0x07, 0xb2, 0x61, 0x12, 0xd1, 0x00, 0x00, 0x00, 0x00, 0x00, 0x20, 0xf0, 0x00, 0x00, 0x00,
    0x00, 0x00, 0x20, 0xf0, 0x00, 0x00, 0x00, 0x00, 0x00, 0x20, 0xf0, 0x00, 0x00, 0x00, 0x00, 0x00,
    0x20, 0xf0, 0x00, 0x00, 0x00, 0x00, 0x00, 0x20, 0xf0, 0x00, 0x00, 0x00, 0x00, 0x00, 0x20, 0xf0,
    0x00, 0x00, 0x00, 0x00, 0x00, 0x20, 0xf0, 0x00, 0x00, 0x00, 0x00, 0x00, 0x20, 0xf0, 0x00, 0x00,
    0x00, 0x00, 0x00, 0x13, 0xf6, 0xec, 0xec, 0xec, 0xec, 0x83, 0x14, 0xe0, 0x11, 0x00, 0x00, 0x00,
    0x00, 0x00, 0x2e, 0xd6, 0x00, 0x20, 0xff, 0x82, 0x00, 0x00, 0x00, 0x00, 0x00, 0xaf, 0xf0, 0x00,
    0x20, 0xff, 0xed, 0x12, 0x00, 0x00, 0x00, 0x2f, 0xff, 0xf9, 0x00, 0x20, 0xf0, 0x9a, 0x84, 0x00,
    0x00, 0x00, 0xaf, 0x88, 0xf0, 0x00, 0x20, 0xf0, 0x1a, 0xe8, 0x13, 0x00, 0x2f, 0xdb, 0x25, 0xf0,
    0x00, 0x20, 0xf0, 0x00, 0x86, 0x87, 0x00, 0xaf, 0x59, 0x20, 0xf0, 0x00, 0x20, 0xf0, 0x00, 0x0f,
    0xe0, 0x44, 0xcf, 0x01, 0x20, 0xf0, 0x00, 0x20, 0xf0, 0x00, 0x00, 0x72, 0xff, 0x4b, 0x00, 0x20,
    0xf0, 0x00, 0x20, 0xf0, 0x00, 0x00, 0x07, 0x71, 0x00, 0x00, 0x20, 0xf0, 0x00, 0x14, 0xd6, 0x00,
    0x00, 0x00, 0x00, 0x00, 0x00, 0x14, 0xd4, 0x00, 0x14, 0xd3, 0x0a, 0x00, 0x00, 0x00, 0x13, 0xd4,
    0x00, 0x00, 0x20, 0xff, 0x89, 0x00, 0x00, 0x00, 0x20, 0xf0, 0x00, 0x00, 0x20, 0xff, 0xe8, 0x2d,
    0x00, 0x00, 0x20, 0xf0, 0x00, 0x00, 0x20, 0xf0, 0x53, 0xc5, 0x01, 0x00, 0x20, 0xf0, 0x00, 0x00,
    0x20, 0xf0, 0x00, 0xa0, 0x67, 0x00, 0x20, 0xf0, 0x00, 0x00, 0x20, 0xf0, 0x00, 0x0d, 0xcd, 0x17,
    0x20, 0xf0, 0x00, 0x00, 0x20, 0xf0, 0x00, 0x00, 0x3c, 0xa2, 0x20, 0xf0, 0x00, 0x00, 0x20, 0xf0,
    0x00, 0x00, 0x00, 0x85, 0x65, 0xf0, 0x00, 0x00, 0x20, 0xf0, 0x00, 0x00, 0x00, 0x05, 0xc8, 0xf8,
    0x00, 0x00, 0x14, 0xd4, 0x00, 0x00, 0x00, 0x00, 0x28, 0xd1, 0x00, 0x00, 0x00, 0x00, 0x31, 0xba,
    0xed, 0xe5, 0xa4, 0x1a, 0x00, 0x00, 0x00, 0x2b, 0xe9, 0x54, 0x02, 0x07, 0x72, 0xdb, 0x0c, 0x00,
    0x00, 0xad, 0x72, 0x00, 0x00, 0x00, 0x00, 0xae, 0x79, 0x00, 0x03, 0xf4, 0x1a, 0x00, 0x00, 0x00,
    0x00, 0x4f, 0xc6, 0x00, 0x18, 0xf9, 0x00, 0x00, 0x00, 0x00, 0x00, 0x2f, 0xe5, 0x00, 0x16, 0xfb,
    0x02, 0x00, 0x00, 0x00, 0x00, 0x2a, 0xe6, 0x00, 0x02, 0xf4, 0x1f, 0x00, 0x00, 0x00, 0x00, 0x4d,
    0xc4, 0x00, 0x00, 0xab, 0x7d, 0x00, 0x00, 0x00, 0x00, 0xa5, 0x78, 0x00, 0x00, 0x29, 0xe8, 0x51,
    0x01, 0x06, 0x74, 0xda, 0x0c, 0x00, 0x00, 0x00, 0x32, 0xb9, 0xe8, 0xeb, 0xa6, 0x1a, 0x00, 0x00,
    0x12, 0xf4, 0xec, 0xec, 0xed, 0xe2, 0x8f, 0x09, 0x20, 0xf0, 0x00, 0x00, 0x00, 0x16, 0xb8, 0x8e,
    0x20, 0xf0, 0x00, 0x00, 0x00, 0x00, 0x35, 0xdb, 0x20, 0xf0, 0x00, 0x00, 0x00, 0x00, 0x36, 0xd8,
    0x20, 0xf0, 0x00, 0x00, 0x00, 0x1c, 0xbb, 0x87, 0x20, 0xfe, 0xe8, 0xe8, 0xe9, 0xd7, 0x82, 0x07,
    0x20, 0xf0, 0x00, 0x00, 0x00, 0x00, 0x00, 0x00, 0x20, 0xf0, 0x00, 0x00, 0x00, 0x00, 0x00, 0x00,
    0x20, 0xf0, 0x00, 0x00, 0x00, 0x00, 0x00, 0x00, 0x13, 0xd1, 0x00, 0x00, 0x00, 0x00, 0x00, 0x00,
    0x00, 0x00, 0x31, 0xba, 0xed, 0xe5, 0xa4, 0x1a, 0x00, 0x00, 0x00, 0x2b, 0xe9, 0x54, 0x02, 0x07,
    0x72, 0xdb, 0x0c, 0x00, 0x00, 0xad, 0x72, 0x00, 0x00, 0x00, 0x00, 0xae, 0x79, 0x00, 0x03, 0xf4,
    0x1a, 0x00, 0x00, 0x00, 0x00, 0x4f, 0xc6, 0x00, 0x18, 0xf9, 0x00, 0x00, 0x00, 0x00, 0x00, 0x2f,
    0xe5, 0x00, 0x16, 0xfb, 0x02, 0x00, 0x00, 0x00, 0x00, 0x2a, 0xe6, 0x00, 0x02, 0xf4, 0x1f, 0x00,
    0x00, 0x00, 0x00, 0x4d, 0xc4, 0x00, 0x00, 0xab, 0x7d, 0x00, 0x00, 0x00, 0x00, 0xa5, 0x78, 0x00,
    0x00, 0x29, 0xe8, 0x51, 0x01, 0x06, 0x74, 0xda, 0x0c, 0x00, 0x00, 0x00, 0x32, 0xb9, 0xe9, 0xff,
    0xc9, 0x1a, 0x00, 0x00, 0x00, 0x00, 0x00, 0x00, 0x00, 0x2d, 0xdf, 0x4c, 0x00, 0x00, 0x00, 0x00,
    0x00, 0x00, 0x00, 0x00, 0x4a, 0xde, 0x05, 0x00, 0x00, 0x00, 0x00, 0x00, 0x00, 0x00, 0x00, 0x72,
    0x0a, 0x00, 0x12, 0xf4, 0xec, 0xec, 0xed, 0xe2, 0x8f, 0x09, 0x00, 0x20, 0xf0, 0x00, 0x00, 0x00,
    0x16, 0xb6, 0x8d, 0x00, 0x20, 0xf0, 0x00, 0x00, 0x00, 0x00, 0x34, 0xda, 0x00, 0x20, 0xf0, 0x00,
    0x00, 0x00, 0x00, 0x37, 0xe0, 0x00, 0x20, 0xf0, 0x00, 0x00, 0x00, 0x1d, 0xbb, 0x8c, 0x00, 0x20,
    0xfe, 0xe8, 0xe8, 0xff, 0xff, 0x89, 0x07, 0x00, 0x20, 0xf0, 0x00, 0x00, 0x13, 0xc3, 0x65, 0x00,
    0x00, 0x20, 0xf0, 0x00, 0x00, 0x00, 0x2c, 0xec, 0x11, 0x00, 0x20, 0xf0, 0x00, 0x00, 0x00, 0x00,
    0xa1, 0x88, 0x00, 0x13, 0xd3, 0x00, 0x00, 0x00, 0x00, 0x1f, 0xda, 0x00, 0x00, 0x0f, 0x94, 0xe1,
    0xea, 0xc9, 0x60, 0x01, 0x00, 0xaf, 0x95, 0x0f, 0x02, 0x34, 0xb1, 0x21, 0x0b, 0xf6, 0x04, 0x00,
    0x00, 0x00, 0x00, 0x00, 0x09, 0xfb, 0x2a, 0x00, 0x00, 0x00, 0x00, 0x00, 0x00, 0x7e, 0xf3, 0xa7,
    0x6c, 0x2e, 0x00, 0x00, 0x00, 0x00, 0x31, 0x84, 0xbc, 0xf4, 0xd3, 0x2e, 0x00, 0x00, 0x00, 0x00,
    0x00, 0x06, 0x8c, 0xc7, 0x00, 0x00, 0x00, 0x00, 0x00, 0x00, 0x2d, 0xde, 0x00, 0xa4, 0x6e, 0x11,
    0x00, 0x0f, 0xa4, 0x8f, 0x00, 0x30, 0xa7, 0xe7, 0xee, 0xdf, 0x89, 0x08, 0x5f, 0xec, 0xec, 0xee,
    0xfe, 0xec, 0xec, 0xea, 0x37, 0x00, 0x00, 0x00, 0x20, 0xf0, 0x00, 0x00, 0x00, 0x00, 0x00, 0x00,
    0x00, 0x20, 0xf0, 0x00, 0x00, 0x00, 0x00, 0x00, 0x00, 0x00, 0x20, 0xf0, 0x00, 0x00, 0x00, 0x00,
    0x00, 0x00, 0x00, 0x20, 0xf0, 0x00, 0x00, 0x00, 0x00, 0x00, 0x00, 0x00, 0x20, 0xf0, 0x00, 0x00,
    0x00, 0x00, 0x00, 0x00, 0x00, 0x20, 0xf0, 0x00, 0x00, 0x00, 0x00, 0x00, 0x00, 0x00, 0x20, 0xf0,
    0x00, 0x00, 0x00, 0x00, 0x00, 0x00, 0x00, 0x20, 0xf0, 0x00, 0x00, 0x00, 0x00, 0x00, 0x00, 0x00,
    0x13, 0xd1, 0x00, 0x00, 0x00, 0x00, 0x13, 0xd2, 0x00, 0x00, 0x00, 0x00, 0x13, 0xd2, 0x00, 0x20,
    0xf0, 0x00, 0x00, 0x00, 0x00, 0x20, 0xf0, 0x00, 0x20, 0xf0, 0x00, 0x00, 0x00, 0x00, 0x20, 0xf0,
    0x00, 0x20, 0xf0, 0x00, 0x00, 0x00, 0x00, 0x20, 0xf0, 0x00, 0x20, 0xf0, 0x00, 0x00, 0x00, 0x00,
    0x20, 0xf0, 0x00, 0x20, 0xf0, 0x00, 0x00, 0x00, 0x00, 0x20, 0xf0, 0x00, 0x10, 0xfb, 0x02, 0x00,
    0x00, 0x00, 0x2e, 0xe5, 0x00, 0x00, 0xec, 0x2f, 0x00, 0x00, 0x00, 0x60, 0xbf, 0x00, 0x00, 0x7e,
    0xc4, 0x1e, 0x00, 0x30, 0xdf, 0x5a, 0x00, 0x00, 0x04, 0x7b, 0xd9, 0xef, 0xd9, 0x68, 0x00, 0x00,
    0xae, 0x44, 0x00, 0x00, 0x00, 0x00, 0x00, 0x48, 0xa5, 0x6e, 0xb1, 0x00, 0x00, 0x00, 0x00, 0x00,
    0xb7, 0x65, 0x10, 0xf2, 0x1c, 0x00, 0x00, 0x00, 0x1f, 0xee, 0x0b, 0x00, 0x9e, 0x7f, 0x00, 0x00,
    0x00, 0x84, 0x93, 0x00, 0x00, 0x36, 0xe3, 0x03, 0x00, 0x04, 0xe5, 0x2b, 0x00, 0x00, 0x00, 0xcd,
    0x4d, 0x00, 0x50, 0xc2, 0x00, 0x00, 0x00, 0x00, 0x65, 0xb3, 0x00, 0xb6, 0x59, 0x00, 0x00, 0x00,
    0x00, 0x0b, 0xee, 0x3c, 0xe8, 0x06, 0x00, 0x00, 0x00, 0x00, 0x00, 0x95, 0xff, 0x88, 0x00, 0x00,
    0x00, 0x00, 0x00, 0x00, 0x29, 0xe8, 0x20, 0x00, 0x00, 0x00, 0x57, 0x95, 0x00, 0x00, 0x00, 0x00,
    0x56, 0xab, 0x00, 0x00, 0x00, 0x00, 0x38, 0xa5, 0x28, 0xef, 0x05, 0x00, 0x00, 0x00, 0xb6, 0xff,
    0x11, 0x00, 0x00, 0x00, 0x93, 0x77, 0x00, 0xd5, 0x46, 0x00, 0x00, 0x0f, 0xe9, 0xa8, 0x5e, 0x00,
    0x00, 0x01, 0xe3, 0x24, 0x00, 0x81, 0x98, 0x00, 0x00, 0x5c, 0xa1, 0x4f, 0xb1, 0x00, 0x00, 0x38,
    0xd0, 0x00, 0x00, 0x2d, 0xe7, 0x02, 0x00, 0xaf, 0x4d, 0x08, 0xea, 0x0b, 0x00, 0x8a, 0x7c, 0x00,
    0x00, 0x00, 0xd9, 0x3b, 0x0b, 0xe9, 0x07, 0x00, 0xa8, 0x55, 0x00, 0xdc, 0x29, 0x00, 0x00, 0x00,
    0x86, 0x8d, 0x55, 0xa6, 0x00, 0x00, 0x55, 0xa7, 0x2f, 0xd5, 0x00, 0x00, 0x00, 0x00, 0x32, 0xde,
    0xa9, 0x52, 0x00, 0x00, 0x0b, 0xe8, 0x89, 0x81, 0x00, 0x00, 0x00, 0x00, 0x00, 0xe4, 0xff, 0x09,
    0x00, 0x00, 0x00, 0xae, 0xff, 0x2e, 0x00, 0x00, 0x00, 0x00, 0x00, 0x7c, 0x9c, 0x00, 0x00, 0x00,
    0x00, 0x4f, 0xc9, 0x00, 0x00, 0x00, 0x34, 0xc4, 0x04, 0x00, 0x00, 0x00, 0x5a, 0xa5, 0x00, 0xb6,
    0x80, 0x00, 0x00, 0x1b, 0xea, 0x33, 0x00, 0x1a, 0xe8, 0x32, 0x00, 0xb7, 0x7d, 0x00, 0x00, 0x00,
    0x57, 0xd4, 0x6e, 0xc8, 0x03, 0x00, 0x00, 0x00, 0x00, 0xb0, 0xff, 0x26, 0x00, 0x00, 0x00, 0x00,
    0x03, 0xc9, 0xff, 0x42, 0x00, 0x00, 0x00, 0x00, 0x7e, 0xba, 0x49, 0xe1, 0x10, 0x00, 0x00, 0x33,
    0xea, 0x1c, 0x00, 0x98, 0xa5, 0x00, 0x09, 0xd7, 0x5c, 0x00, 0x00, 0x0c, 0xdd, 0x57, 0x5e, 0xa7,
    0x00, 0x00, 0x00, 0x00, 0x3b, 0xcb, 0x2a, 0xce, 0x09, 0x00, 0x00, 0x00, 0x18, 0xd9, 0x04, 0x00,
    0xae, 0x8e, 0x00, 0x00, 0x00, 0xb2, 0x80, 0x00, 0x00, 0x16, 0xe8, 0x3d, 0x00, 0x60, 0xce, 0x05,
    0x00, 0x00, 0x00, 0x54, 0xdc, 0x27, 0xe9, 0x2d, 0x00, 0x00, 0x00, 0x00, 0x00, 0xa8, 0xfa, 0x7a,
    0x00, 0x00, 0x00, 0x00, 0x00, 0x00, 0x30, 0xff, 0x03, 0x00, 0x00, 0x00, 0x00, 0x00, 0x00, 0x20,
    0xf0, 0x00, 0x00, 0x00, 0x00, 0x00, 0x00, 0x00, 0x20, 0xf0, 0x00, 0x00, 0x00, 0x00, 0x00, 0x00,
    0x00, 0x20, 0xf0, 0x00, 0x00, 0x00, 0x00, 0x00, 0x00, 0x00, 0x14, 0xd3, 0x00, 0x00, 0x00, 0x00,
    0x4f, 0xeb, 0xec, 0xec, 0xec, 0xee, 0xff, 0x24, 0x00, 0x00, 0x00, 0x00, 0x00, 0x72, 0xc8, 0x02,
    0x00, 0x00, 0x00, 0x00, 0x21, 0xee, 0x2a, 0x00, 0x00, 0x00, 0x00, 0x00, 0xbb, 0x7e, 0x00, 0x00,
    0x00, 0x00, 0x00, 0x63, 0xd2, 0x05, 0x00, 0x00, 0x00, 0x00, 0x18, 0xec, 0x35, 0x00, 0x00, 0x00,
    0x00, 0x00, 0xad, 0x8b, 0x00, 0x00, 0x00, 0x00, 0x00, 0x53, 0xdb, 0x09, 0x00, 0x00, 0x00, 0x00,
    0x10, 0xe6, 0x40, 0x00, 0x00, 0x00, 0x00, 0x00, 0x55, 0xff, 0xec, 0xec, 0xec, 0xec, 0xeb, 0x4e,
    0x00, 0x15, 0xf7, 0xec, 0x64, 0x00, 0x20, 0xf0, 0x00, 0x00, 0x00, 0x20, 0xf0, 0x00, 0x00, 0x00,
    0x20, 0xf0, 0x00, 0x00, 0x00, 0x20, 0xf0, 0x00, 0x00, 0x00, 0x20, 0xf0, 0x00, 0x00, 0x00, 0x20,
    0xf0, 0x00, 0x00, 0x00, 0x20, 0xf0, 0x00, 0x00, 0x00, 0x20, 0xf0, 0x00, 0x00, 0x00, 0x20, 0xf0,
    0x00, 0x00, 0x00, 0x20, 0xf0, 0x00, 0x00, 0x00, 0x20, 0xf0, 0x00, 0x00, 0x00, 0x15, 0xf8, 0xec,
    0x63, 0x0a, 0x4b, 0x00, 0x00, 0x00, 0x0a, 0xdf, 0x01, 0x00, 0x00, 0x00, 0xb9, 0x32, 0x00, 0x00,
    0x00, 0x6d, 0x7d, 0x00, 0x00, 0x00, 0x22, 0xc7, 0x00, 0x00, 0x00, 0x00, 0xd5, 0x15, 0x00, 0x00,
    0x00, 0x8c, 0x5d, 0x00, 0x00, 0x00, 0x41, 0xa8, 0x00, 0x00, 0x00, 0x04, 0xdf, 0x04, 0x00, 0x00,
    0x00, 0xaa, 0x3e, 0x00, 0x00, 0x00, 0x5f, 0x88, 0x00, 0x00, 0x00, 0x15, 0xb2, 0x92, 0xee, 0xde,
    0x00, 0x00, 0x20, 0xf0, 0x00, 0x00, 0x20, 0xf0, 0x00, 0x00, 0x20, 0xf0, 0x00, 0x00, 0x20, 0xf0,
    0x00, 0x00, 0x20, 0xf0, 0x00, 0x00, 0x20, 0xf0, 0x00, 0x00, 0x20, 0xf0, 0x00, 0x00, 0x20, 0xf0,
    0x00, 0x00, 0x20, 0xf0, 0x00, 0x00, 0x20, 0xf0, 0x00, 0x00, 0x20, 0xf0, 0x00, 0x92, 0xee, 0xdf,
    0x00, 0x00, 0x00, 0x00, 0xc5, 0x78, 0x00, 0x00, 0x00, 0x00, 0x00, 0x1d, 0xc0, 0xcc, 0x03, 0x00,
    0x00, 0x00, 0x00, 0x86, 0x52, 0x87, 0x51, 0x00, 0x00, 0x00, 0x07, 0xce, 0x04, 0x1f, 0xba, 0x00,
    0x00, 0x00, 0x5e, 0x7d, 0x00, 0x00, 0xb1, 0x29, 0x00, 0x00, 0xc4, 0x18, 0x00, 0x00, 0x48, 0x95,
    0x00, 0x1c, 0xa1, 0x00, 0x00, 0x00, 0x01, 0xbd, 0x00, 0x00, 0x00, 0x00, 0x00, 0x00, 0x00, 0x00,
    0x00, 0x00, 0x00, 0x00, 0x00, 0x00, 0x00, 0x00, 0x00, 0xa9, 0xec, 0xec, 0xec, 0xec, 0xeb, 0x34,
    0x00, 0x7c, 0x31, 0x00, 0x00, 0x00, 0x4a, 0xae, 0x00, 0x00, 0x00, 0x00, 0xb0, 0x26, 0x00, 0x00,
    0x00, 0x15, 0x12, 0x00, 0x00, 0x00, 0x00, 0x00, 0x00, 0x00, 0x00, 0x00, 0x00, 0x00, 0x00, 0x00,
    0x00, 0x00, 0x00, 0x00, 0x00, 0x00, 0x00, 0x00, 0x00, 0x00, 0x00, 0x00, 0x00, 0x00, 0x00, 0x00,
    0x00, 0x00, 0x00, 0x00, 0x00, 0x00, 0x00, 0x00, 0x74, 0xd8, 0xee, 0xd1, 0x30, 0x00, 0x00, 0x6a,
    0x1b, 0x00, 0x67, 0xc1, 0x00, 0x00, 0x00, 0x00, 0x00, 0x23, 0xeb, 0x00, 0x00, 0x5f, 0xca, 0xe6,
    0xff, 0xfa, 0x00, 0x0f, 0xfa, 0x38, 0x02, 0x37, 0xf0, 0x00, 0x0c, 0xf7, 0x2b, 0x09, 0xab, 0xf0,
    0x00, 0x00, 0x58, 0xe7, 0xe0, 0x69, 0xd3, 0x00, 0x14, 0xd2, 0x00, 0x00, 0x00, 0x00, 0x00, 0x00,
    0x20, 0xf0, 0x00, 0x00, 0x00, 0x00, 0x00, 0x00, 0x20, 0xf0, 0x00, 0x00, 0x00, 0x00, 0x00, 0x00,
    0x20, 0xf0, 0x5e, 0xdc, 0xf0, 0x97, 0x06, 0x00, 0x20, 0xff, 0x96, 0x06, 0x14, 0xc7, 0x7d, 0x00,
    0x20, 0xfe, 0x12, 0x00, 0x00, 0x47, 0xd3, 0x00, 0x20, 0xf6, 0x00, 0x00, 0x00, 0x29, 0xea, 0x00,
    0x20, 0xff, 0x16, 0x00, 0x00, 0x4e, 0xd3, 0x00, 0x20, 0xff, 0x9b, 0x07, 0x11, 0xc2, 0x7d, 0x00,
    0x14, 0xd2, 0x5e, 0xdf, 0xee, 0x97, 0x06, 0x00, 0x00, 0x0f, 0xa0, 0xe7, 0xe3, 0x7c, 0x00, 0x00,
    0xa3, 0xa3, 0x0b, 0x0b, 0x64, 0x00, 0x03, 0xfa, 0x17, 0x00, 0x00, 0x00, 0x00, 0x19, 0xf7, 0x00,
    0x00, 0x00, 0x00, 0x00, 0x07, 0xf8, 0x18, 0x00, 0x00, 0x00, 0x00, 0x00, 0xa1, 0xa5, 0x0a, 0x0b,
    0x62, 0x00, 0x00, 0x0d, 0xa1, 0xed, 0xe3, 0x7a, 0x00, 0x00, 0x00, 0x00, 0x00, 0x00, 0x13, 0xd2,
    0x00, 0x00, 0x00, 0x00, 0x00, 0x00, 0x20, 0xf0, 0x00, 0x00, 0x00, 0x00, 0x00, 0x00, 0x20, 0xf0,
    0x00, 0x00, 0x15, 0xb3, 0xee, 0xd3, 0x5c, 0xf0, 0x00, 0x00, 0xad, 0x9a, 0x06, 0x13, 0xc1, 0xf0,
    0x00, 0x08, 0xf9, 0x12, 0x00, 0x00, 0x46, 0xf0, 0x00, 0x1b, 0xf6, 0x00, 0x00, 0x00, 0x29, 0xf0,
    0x00, 0x08, 0xfa, 0x17, 0x00, 0x00, 0x4e, 0xf0, 0x00, 0x00, 0xad, 0xa1, 0x08, 0x11, 0xc2, 0xf0,
    0x00, 0x00, 0x14, 0xb3, 0xf0, 0xd2, 0x51, 0xd2, 0x00, 0x00, 0x07, 0x8e, 0xe6, 0xe1, 0x8c, 0x05,
    0x00, 0x95, 0xa4, 0x0a, 0x09, 0xb8, 0x72, 0x06, 0xf6, 0x1c, 0x00, 0x00, 0x42, 0xcc, 0x19, 0xff,
    0xe8, 0xe8, 0xe8, 0xf0, 0xd3, 0x07, 0xf8, 0x18, 0x00, 0x00, 0x00, 0x00, 0x00, 0x9c, 0xa9, 0x0e,
    0x00, 0x3a, 0x3f, 0x00, 0x09, 0x93, 0xe9, 0xe9, 0xb8, 0x2f, 0x00, 0x00, 0x00, 0x00, 0x19, 0x00,
    0x00, 0x00, 0x43, 0xde, 0xc4, 0x08, 0x00, 0x00, 0xe4, 0x3d, 0x00, 0x00, 0x00, 0x16, 0xf5, 0x00,
    0x00, 0x00, 0x45, 0xf6, 0xff, 0xec, 0x9e, 0x00, 0x00, 0x20, 0xf0, 0x00, 0x00, 0x00, 0x00, 0x20,
    0xf0, 0x00, 0x00, 0x00, 0x00, 0x20, 0xf0, 0x00, 0x00, 0x00, 0x00, 0x20, 0xf0, 0x00, 0x00, 0x00,
    0x00, 0x20, 0xf0, 0x00, 0x00, 0x00, 0x00, 0x14, 0xd3, 0x00, 0x00, 0x00, 0x00, 0x0f, 0xa9, 0xef,
    0xd3, 0x4d, 0xd3, 0x00, 0x00, 0xa4, 0x9e, 0x07, 0x16, 0xc7, 0xf0, 0x00, 0x03, 0xfa, 0x1c, 0x00,
    0x00, 0x4a, 0xf0, 0x00, 0x19, 0xf9, 0x00, 0x00, 0x00, 0x2a, 0xf0, 0x00, 0x07, 0xf9, 0x19, 0x00,
    0x00, 0x4f, 0xf0, 0x00, 0x00, 0xaa, 0xa5, 0x09, 0x12, 0xc1, 0xf0, 0x00, 0x00, 0x13, 0xb0, 0xf0,
    0xd1, 0x5a, 0xee, 0x00, 0x00, 0x00, 0x00, 0x00, 0x00, 0x36, 0xd5, 0x00, 0x00, 0x61, 0x48, 0x02,
    0x09, 0xac, 0x8c, 0x00, 0x00, 0x36, 0xb7, 0xe8, 0xe8, 0xa0, 0x0d, 0x00, 0x14, 0xd2, 0x00, 0x00,
    0x00, 0x00, 0x00, 0x20, 0xf0, 0x00, 0x00, 0x00, 0x00, 0x00, 0x20, 0xf0, 0x00, 0x00, 0x00, 0x00,
    0x00, 0x20, 0xf0, 0x73, 0xe7, 0xe2, 0x41, 0x00, 0x20, 0xff, 0x77, 0x01, 0x6e, 0xc8, 0x00, 0x20,
    0xfc, 0x06, 0x00, 0x27, 0xeb, 0x00, 0x20, 0xf0, 0x00, 0x00, 0x20, 0xf0, 0x00, 0x20, 0xf0, 0x00,
    0x00, 0x20, 0xf0, 0x00, 0x20, 0xf0, 0x00, 0x00, 0x20, 0xf0, 0x00, 0x14, 0xd3, 0x00, 0x00, 0x13,
    0xd2, 0x00, 0x09, 0xae, 0x00, 0x00, 0x00, 0x00, 0x00, 0x00, 0x00, 0x13, 0xd1, 0x00, 0x20, 0xf0,
    0x00, 0x20, 0xf0, 0x00, 0x20, 0xf0, 0x00, 0x20, 0xf0, 0x00, 0x20, 0xf0, 0x00, 0x13, 0xd2, 0x00,
    0x00, 0x09, 0xae, 0x00, 0x00, 0x00, 0x00, 0x00, 0x00, 0x00, 0x00, 0x00, 0x00, 0x13, 0xd2, 0x00,
    0x00, 0x20, 0xf0, 0x00, 0x00, 0x20, 0xf0, 0x00, 0x00, 0x20, 0xf0, 0x00, 0x00, 0x20, 0xf0, 0x00,
    0x00, 0x20, 0xf0, 0x00, 0x00, 0x20, 0xf0, 0x00, 0x00, 0x24, 0xeb, 0x00, 0x00, 0x6d, 0xc3, 0x00,
    0xbe, 0xd7, 0x34, 0x00, 0x14, 0xd2, 0x00, 0x00, 0x00, 0x00, 0x00, 0x20, 0xf0, 0x00, 0x00, 0x00,
    0x00, 0x00, 0x20, 0xf0, 0x00, 0x00, 0x00, 0x00, 0x00, 0x20, 0xf0, 0x00, 0x00, 0x7b, 0x96, 0x00,
    0x20, 0xf0, 0x00, 0x78, 0xd1, 0x12, 0x00, 0x20, 0xf0, 0x70, 0xd4, 0x14, 0x00, 0x00, 0x20, 0xfa,
    0xff, 0x52, 0x00, 0x00, 0x00, 0x20, 0xf0, 0x4a, 0xea, 0x38, 0x00, 0x00, 0x20, 0xf0, 0x00, 0x47,
    0xe8, 0x35, 0x00, 0x14, 0xd3, 0x00, 0x00, 0x45, 0xd1, 0x00, 0x14, 0xd2, 0x00, 0x00, 0x20, 0xf0,
    0x00, 0x00, 0x20, 0xf0, 0x00, 0x00, 0x20, 0xf0, 0x00, 0x00, 0x20, 0xf0, 0x00, 0x00, 0x20, 0xf0,
    0x00, 0x00, 0x20, 0xf0, 0x00, 0x00, 0x1e, 0xf2, 0x00, 0x00, 0x07, 0xf8, 0x28, 0x00, 0x00, 0x70,
    0xed, 0x86, 0x13, 0xd1, 0x73, 0xe8, 0xde, 0x38, 0x83, 0xe9, 0xe2, 0x40, 0x00, 0x20, 0xff, 0x76,
    0x01, 0x6b, 0xf0, 0x77, 0x01, 0x6b, 0xc8, 0x00, 0x20, 0xfc, 0x06, 0x00, 0x26, 0xfc, 0x06, 0x00,
    0x26, 0xeb, 0x00, 0x20, 0xf0, 0x00, 0x00, 0x20, 0xf0, 0x00, 0x00, 0x20, 0xf0, 0x00, 0x20, 0xf0,
    0x00, 0x00, 0x20, 0xf0, 0x00, 0x00, 0x20, 0xf0, 0x00, 0x20, 0xf0, 0x00, 0x00, 0x20, 0xf0, 0x00,
    0x00, 0x20, 0xf0, 0x00, 0x14, 0xd3, 0x00, 0x00, 0x14, 0xd2, 0x00, 0x00, 0x13, 0xd2, 0x00, 0x13,
    0xd1, 0x6c, 0xe5, 0xe4, 0x42, 0x00, 0x20, 0xff, 0x76, 0x01, 0x6e, 0xc8, 0x00, 0x20, 0xfc, 0x06,
    0x00, 0x27, 0xeb, 0x00, 0x20, 0xf0, 0x00, 0x00, 0x20, 0xf0, 0x00, 0x20, 0xf0, 0x00, 0x00, 0x20,
    0xf0, 0x00, 0x20, 0xf0, 0x00, 0x00, 0x20, 0xf0, 0x00, 0x14, 0xd3, 0x00, 0x00, 0x13, 0xd2, 0x00,
    0x00, 0x0c, 0x9a, 0xe3, 0xe8, 0x85, 0x03, 0x00, 0x9d, 0x9a, 0x06, 0x13, 0xc5, 0x73, 0x02, 0xf7,
    0x12, 0x00, 0x00, 0x46, 0xd0, 0x18, 0xf6, 0x00, 0x00, 0x00, 0x29, 0xe8, 0x07, 0xf9, 0x17, 0x00,
    0x00, 0x4e, 0xcc, 0x00, 0xa3, 0xa1, 0x08, 0x11, 0xc2, 0x6e, 0x00, 0x0e, 0xa5, 0xed, 0xdf, 0x82,
    0x03, 0x13, 0xd2, 0x5e, 0xdc, 0xf0, 0x97, 0x06, 0x00, 0x20, 0xff, 0x96, 0x06, 0x14, 0xc7, 0x7d,
    0x00, 0x20, 0xfe, 0x12, 0x00, 0x00, 0x47, 0xd3, 0x00, 0x20, 0xf6, 0x00, 0x00, 0x00, 0x29, 0xea,
    0x00, 0x20, 0xff, 0x16, 0x00, 0x00, 0x4e, 0xd3, 0x00, 0x20, 0xff, 0x9b, 0x07, 0x11, 0xc2, 0x7d,
    0x00, 0x20, 0xf0, 0x61, 0xe0, 0xee, 0x97, 0x06, 0x00, 0x20, 0xf0, 0x00, 0x00, 0x00, 0x00, 0x00,
    0x00, 0x20, 0xf0, 0x00, 0x00, 0x00, 0x00, 0x00, 0x00, 0x13, 0xd0, 0x00, 0x00, 0x00, 0x00, 0x00,
    0x00, 0x00, 0x15, 0xb3, 0xee, 0xd4, 0x51, 0xd1, 0x00, 0x00, 0xad, 0x9a, 0x06, 0x13, 0xc6, 0xf0,
    0x00, 0x08, 0xf9, 0x12, 0x00, 0x00, 0x46, 0xf0, 0x00, 0x1b, 0xf6, 0x00, 0x00, 0x00, 0x29, 0xf0,
    0x00, 0x08, 0xfa, 0x17, 0x00, 0x00, 0x4e, 0xf0, 0x00, 0x00, 0xad, 0xa1, 0x08, 0x11, 0xbe, 0xf0,
    0x00, 0x00, 0x14, 0xb3, 0xf0, 0xd3, 0x5e, 0xf0, 0x00, 0x00, 0x00, 0x00, 0x00, 0x00, 0x20, 0xf0,
    0x00, 0x00, 0x00, 0x00, 0x00, 0x00, 0x20, 0xf0, 0x00, 0x00, 0x00, 0x00, 0x00, 0x00, 0x12, 0xd1,
    0x00, 0x13, 0xd1, 0x6c, 0xea, 0x55, 0x20, 0xff, 0xa0, 0x1b, 0x00, 0x20, 0xfd, 0x0b, 0x00, 0x00,
    0x20, 0xf0, 0x00, 0x00, 0x00, 0x20, 0xf0, 0x00, 0x00, 0x00, 0x20, 0xf0, 0x00, 0x00, 0x00, 0x13,
    0xd2, 0x00, 0x00, 0x00, 0x00, 0x48, 0xd1, 0xea, 0xc6, 0x33, 0x0c, 0xf6, 0x30, 0x00, 0x3a, 0x4b,
    0x0c, 0xf6, 0x32, 0x00, 0x00, 0x00, 0x00, 0x4a, 0xbb, 0xd2, 0x9c, 0x23, 0x00, 0x00, 0x00, 0x05,
    0x6b, 0xcf, 0x0c, 0x77, 0x13, 0x00, 0x59, 0xd3, 0x02, 0x7f, 0xe0, 0xea, 0xca, 0x35, 0x00, 0x14,
    0xd5, 0x00, 0x00, 0x00, 0x00, 0x20, 0xf0, 0x00, 0x00, 0x00, 0x4b, 0xee, 0xfe, 0xec, 0xd5, 0x00,
    0x00, 0x20, 0xf0, 0x00, 0x00, 0x00, 0x00, 0x20, 0xf0, 0x00, 0x00, 0x00, 0x00, 0x20, 0xf0, 0x00,
    0x00, 0x00, 0x00, 0x1d, 0xf4, 0x00, 0x00, 0x00, 0x00, 0x06, 0xf3, 0x3b, 0x00, 0x00, 0x00, 0x00,
    0x52, 0xe8, 0xe2, 0x23, 0x14, 0xd4, 0x00, 0x00, 0x13, 0xd4, 0x00, 0x20, 0xf0, 0x00, 0x00, 0x20,
    0xf0, 0x00, 0x20, 0xf0, 0x00, 0x00, 0x20, 0xf0, 0x00, 0x20, 0xf0, 0x00, 0x00, 0x20, 0xf0, 0x00,
    0x1b, 0xf6, 0x00, 0x00, 0x34, 0xf0, 0x00, 0x04, 0xf2, 0x3e, 0x05, 0xb0, 0xf0, 0x00, 0x00, 0x63,
    0xed, 0xdd, 0x60, 0xd3, 0x00, 0x8e, 0x62, 0x00, 0x00, 0x00, 0x9f, 0x44, 0x4e, 0xcc, 0x00, 0x00,
    0x12, 0xed, 0x0e, 0x03, 0xe4, 0x2d, 0x00, 0x6e, 0x9b, 0x00, 0x00, 0x82, 0x8e, 0x00, 0xd1, 0x34,
    0x00, 0x00, 0x1e, 0xe7, 0x39, 0xcd, 0x00, 0x00, 0x00, 0x00, 0xb6, 0xe7, 0x66, 0x00, 0x00, 0x00,
    0x00, 0x45, 0xe6, 0x0c, 0x00, 0x00, 0x63, 0x80, 0x00, 0x00, 0x1a, 0xfe, 0x17, 0x00, 0x00, 0x86,
    0x57, 0x30, 0xdd, 0x00, 0x00, 0x70, 0xff, 0x69, 0x00, 0x01, 0xe3, 0x20, 0x00, 0xd8, 0x31, 0x00,
    0xc4, 0x68, 0xbd, 0x00, 0x39, 0xc7, 0x00, 0x00, 0x81, 0x84, 0x1b, 0xd3, 0x01, 0xe0, 0x14, 0x8d,
    0x70, 0x00, 0x00, 0x29, 0xd7, 0x6e, 0x7e, 0x00, 0x8f, 0x64, 0xdd, 0x1a, 0x00, 0x00, 0x00, 0xd1,
    0xee, 0x28, 0x00, 0x38, 0xeb, 0xc0, 0x00, 0x00, 0x00, 0x00, 0x6a, 0xc6, 0x00, 0x00, 0x00, 0xd3,
    0x5b, 0x00, 0x00, 0x27, 0xcb, 0x08, 0x00, 0x19, 0xda, 0x07, 0x00, 0x9a, 0x96, 0x02, 0xbe, 0x72,
    0x00, 0x00, 0x09, 0xd3, 0xc1, 0xb1, 0x00, 0x00, 0x00, 0x00, 0x71, 0xff, 0x35, 0x00, 0x00, 0x00,
    0x19, 0xe4, 0x98, 0xce, 0x07, 0x00, 0x02, 0xbe, 0x75, 0x00, 0xa6, 0x97, 0x00, 0x4c, 0xb2, 0x01,
    0x00, 0x0e, 0xd3, 0x23, 0x8f, 0x60, 0x00, 0x00, 0x00, 0x9f, 0x44, 0x58, 0xc6, 0x00, 0x00, 0x10,
    0xf0, 0x11, 0x08, 0xee, 0x23, 0x00, 0x65, 0xa8, 0x00, 0x00, 0x95, 0x7e, 0x00, 0xc3, 0x46, 0x00,
    0x00, 0x34, 0xd9, 0x21, 0xe0, 0x02, 0x00, 0x00, 0x00, 0xd2, 0xb3, 0x82, 0x00, 0x00, 0x00, 0x00,
    0x71, 0xff, 0x21, 0x00, 0x00, 0x00, 0x00, 0x5e, 0xbe, 0x00, 0x00, 0x00, 0x00, 0x00, 0xbc, 0x5c,
    0x00, 0x00, 0x00, 0x00, 0x04, 0xdd, 0x09, 0x00, 0x00, 0x00, 0x3e, 0xeb, 0xec, 0xec, 0xff, 0x70,
    0x00, 0x00, 0x00, 0x20, 0xdb, 0x14, 0x00, 0x00, 0x01, 0xbe, 0x50, 0x00, 0x00, 0x00, 0x6d, 0xa2,
    0x00, 0x00, 0x00, 0x25, 0xda, 0x10, 0x00, 0x00, 0x02, 0xc4, 0x48, 0x00, 0x00, 0x00, 0x3d, 0xff,
    0xec, 0xec, 0xec, 0x93, 0x00, 0x02, 0xbe, 0xf3, 0x64, 0x00, 0x1b, 0xf7, 0x07, 0x00, 0x00, 0x20,
    0xf0, 0x00, 0x00, 0x00, 0x20, 0xf0, 0x00, 0x00, 0x00, 0x20, 0xef, 0x00, 0x00, 0x00, 0x47, 0xcf,
    0x00, 0x00, 0x55, 0xfc, 0x59, 0x00, 0x00, 0x00, 0x47, 0xd1, 0x00, 0x00, 0x00, 0x20, 0xef, 0x00,
    0x00, 0x00, 0x20, 0xf0, 0x00, 0x00, 0x00, 0x20, 0xf0, 0x00, 0x00, 0x00, 0x1a, 0xf7, 0x06, 0x00,
    0x00, 0x00, 0xba, 0xf2, 0x63, 0x14, 0xd4, 0x00, 0x20, 0xf0, 0x00, 0x20, 0xf0, 0x00, 0x20, 0xf0,
    0x00, 0x20, 0xf0, 0x00, 0x20, 0xf0, 0x00, 0x20, 0xf0, 0x00, 0x20, 0xf0, 0x00, 0x20, 0xf0, 0x00,
    0x20, 0xf0, 0x00, 0x20, 0xf0, 0x00, 0x20, 0xf0, 0x00, 0x14, 0xd4, 0x00, 0x91, 0xf3, 0x8e, 0x00,
    0x00, 0x00, 0x2f, 0xe9, 0x00, 0x00, 0x00, 0x20, 0xf0, 0x00, 0x00, 0x00, 0x20, 0xf0, 0x00, 0x00,
    0x00, 0x1f, 0xf0, 0x00, 0x00, 0x00, 0x09, 0xf5, 0x1a, 0x00, 0x00, 0x00, 0x87, 0xfa, 0x2c, 0x00,
    0x08, 0xf4, 0x1a, 0x00, 0x00, 0x1f, 0xf0, 0x00, 0x00, 0x00, 0x20, 0xf0, 0x00, 0x00, 0x00, 0x20,
    0xf0, 0x00, 0x00, 0x00, 0x2e, 0xeb, 0x00, 0x00, 0x90, 0xf4, 0x95, 0x00, 0x00, 0x00, 0x94, 0xe6,
    0xa9, 0x3a, 0x0e, 0x98, 0x00, 0x15, 0x87, 0x05, 0x50, 0xbe, 0xe6, 0x5d, 0x00, 0x00, 0x00, 0x00,
    0x00, 0x00, 0x00, 0x00, 0x00, 0x00, 0x00, 0x00, 0x00, 0x00, 0x00, 0x00, 0x00, 0x00, 0x00, 0x00,
    0x00, 0x00, 0x00, 0x00, 0x00, 0x00, 0x02, 0x20, 0x00, 0x69, 0x89, 0x0c, 0xe4, 0x20, 0x29, 0xe4,
    0x03, 0x00, 0xaf, 0x57, 0x00, 0x25, 0x71, 0x00, 0x00, 0x00, 0x08, 0x1b, 0x00, 0x2a, 0xca, 0x00,
    0x00, 0xbd, 0x55, 0x00, 0x89, 0x8a, 0x0a, 0xe1, 0x19, 0x29, 0x6b, 0x00, 0x00, 0x00, 0x00, 0x07,
    0x9f, 0x00, 0x0b, 0xbe, 0x00, 0x00, 0x00, 0x00, 0x00, 0x00, 0x00, 0x00, 0x00, 0x00, 0x00, 0x1d,
    0x00, 0x01, 0x99, 0x00, 0x1a, 0xbc, 0x00, 0x08, 0xc0, 0x00, 0x00, 0x00, 0x00, 0x00, 0x00, 0x00,
    0x00, 0x00, 0x00, 0x00, 0x00, 0x00, 0x00, 0x00, 0x00, 0x00, 0x00, 0x00, 0x00, 0x00, 0x00, 0x0c,
    0xc1, 0x00, 0x06, 0xcf, 0x00, 0x03, 0x97, 0x00, 0x03, 0x1d, 0x00, 0x00, 0x00, 0x00, 0x00, 0x00,
    0x00, 0x00, 0x00, 0x00, 0x00, 0x00, 0x00, 0x00, 0x00, 0x00, 0x00, 0x00, 0x00, 0x00, 0x1d, 0x00,
    0x1d, 0x00, 0x01, 0x99, 0x01, 0x99, 0x00, 0x1a, 0xbc, 0x1a, 0xbc, 0x00, 0x08, 0xc0, 0x08, 0xc0,
    0x00, 0x00, 0x00, 0x00, 0x00, 0x00, 0x00, 0x00, 0x00, 0x00, 0x00, 0x00, 0x00, 0x00, 0x00, 0x00,
    0x00, 0x00, 0x00, 0x00, 0x00, 0x00, 0x00, 0x00, 0x00, 0x00, 0x00, 0x00, 0x00, 0x00, 0x00, 0x00,
    0x00, 0x00, 0x00, 0x00, 0x0c, 0xc1, 0x0c, 0xc1, 0x00, 0x06, 0xcf, 0x06, 0xcf, 0x00, 0x03, 0x97,
    0x03, 0x97, 0x00, 0x03, 0x1d, 0x02, 0x1d, 0x00, 0x00, 0x00, 0x00, 0x00, 0x00, 0x00, 0x00, 0x00,
    0x00, 0x00, 0x00, 0x00, 0x00, 0x00, 0x00, 0x00, 0x00, 0x00, 0x00, 0x00, 0x00, 0x00, 0x00, 0x00,
    0x00, 0x00, 0x00, 0x00, 0x00, 0x00, 0x06, 0xe1, 0xec, 0xec, 0xec, 0xec, 0xec, 0x72, 0x00, 0x00,
    0x00, 0x00, 0x00, 0x00, 0x00, 0x00, 0x00, 0x00, 0x00, 0x00, 0x00, 0x00, 0x00, 0x00, 0x00, 0x00,
    0x00, 0x00, 0x00, 0x00, 0x00, 0x00, 0x06, 0xe1, 0xec, 0xec, 0xec, 0xec, 0xec, 0xec, 0xec, 0xec,
    0xec, 0xec, 0xec, 0xe1, 0x06, 0x00, 0x00, 0x00, 0x00, 0x00, 0x00, 0x00, 0x00, 0x00, 0x00, 0x00,
    0x00, 0x00, 0x00, 0x00, 0x00, 0x00, 0x00, 0x00, 0x00, 0x00, 0x00, 0x00, 0x00, 0x00, 0x00, 0x00,
    0x00, 0x00, 0x00, 0x00, 0x00, 0x00, 0x00, 0x00, 0x00, 0x00, 0x00, 0x00, 0x00, 0x00, 0x00, 0x00,
    0x00, 0x00, 0x07, 0x9f, 0x00, 0x07, 0xa1, 0x00, 0x07, 0xa1, 0x00, 0x0b, 0xbe, 0x00, 0x0b, 0xc0,
    0x00, 0x0b, 0xc0, 0x00, 0x0c, 0xbe, 0x00, 0x06, 0x9f, 0x00, 0x00, 0x00, 0x00, 0x16, 0xda, 0x00,
    0x20, 0xf0, 0x00, 0x20, 0xf0, 0x00, 0x20, 0xf0, 0x00, 0x20, 0xf0, 0x00, 0x20, 0xf0, 0x00, 0x0f,
    0xc9, 0x00, 0x00, 0x00, 0x12, 0xcf, 0x00, 0x00, 0x00, 0x00, 0x00, 0x00, 0x20, 0xf0, 0x00, 0x00,
    0x00, 0x00, 0x00, 0x14, 0xc1, 0xff, 0xd6, 0x57, 0x00, 0x00, 0x00, 0xac, 0x91, 0x04, 0x1d, 0x53,
    0x00, 0x00, 0x04, 0xfb, 0x12, 0x00, 0x00, 0x00, 0x00, 0x00, 0x1a, 0xf6, 0x00, 0x00, 0x00, 0x00,
    0x00, 0x00, 0x09, 0xfb, 0x13, 0x00, 0x00, 0x00, 0x00, 0x00, 0x00, 0xb4, 0x90, 0x03, 0x1b, 0x51,
    0x00, 0x00, 0x00, 0x1b, 0xca, 0xff, 0xd5, 0x54, 0x00, 0x00, 0x00, 0x00, 0x20, 0xf0, 0x00, 0x00,
    0x00, 0x00, 0x00, 0x00, 0x05, 0x5f, 0x00, 0x00, 0x00, 0x00, 0x00, 0x00, 0x29, 0xc5, 0xee, 0xd7,
    0x72, 0x03, 0x00, 0x00, 0xce, 0x6d, 0x01, 0x18, 0x9f, 0x30, 0x00, 0x11, 0xfb, 0x03, 0x00, 0x00,
    0x00, 0x00, 0x00, 0x1f, 0xf0, 0x00, 0x00, 0x00, 0x00, 0x00, 0x00, 0x20, 0xf0, 0x00, 0x00, 0x00,
    0x00, 0x00, 0x57, 0xf5, 0xff, 0xe8, 0xe7, 0x37, 0x00, 0x00, 0x00, 0x20, 0xf0, 0x00, 0x00, 0x00,
    0x00, 0x00, 0x00, 0x20, 0xf0, 0x00, 0x00, 0x00, 0x00, 0x00, 0x00, 0x20, 0xf0, 0x00, 0x00, 0x00,
    0x00, 0x00, 0x56, 0xf2, 0xff, 0xec, 0xec, 0xec, 0xe6, 0x1c, 0x1f, 0xbd, 0x86, 0xe3, 0xe0, 0x81,
    0xc3, 0x04, 0x00, 0x92, 0xbe, 0x0c, 0x1b, 0xe0, 0x64, 0x00, 0x01, 0xf0, 0x20, 0x00, 0x00, 0x51,
    0xc3, 0x00, 0x15, 0xf6, 0x00, 0x00, 0x00, 0x26, 0xe5, 0x00, 0x01, 0xed, 0x1d, 0x00, 0x00, 0x4d,
    0xc2, 0x00, 0x00, 0x91, 0xb8, 0x0b, 0x19, 0xdc, 0x62, 0x00, 0x20, 0xbf, 0x8a, 0xe4, 0xde, 0x7f,
    0xc3, 0x03, 0x17, 0xd6, 0x11, 0x00, 0x00, 0x00, 0x2c, 0xd3, 0x00, 0x00, 0x83, 0xaf, 0x00, 0x00,
    0x0a, 0xd4, 0x51, 0x00, 0x00, 0x03, 0xc1, 0x6d, 0x00, 0x9c, 0x94, 0x00, 0x00, 0x00, 0x00, 0x1b,
    0xe3, 0x88, 0xd0, 0x07, 0x00, 0x00, 0x00, 0x7a, 0xe8, 0xf5, 0xff, 0xf2, 0xe8, 0x4d, 0x00, 0x00,
    0x00, 0x00, 0x20, 0xf0, 0x00, 0x00, 0x00, 0x00, 0x00, 0x00, 0x00, 0x20, 0xf0, 0x00, 0x00, 0x00,
    0x00, 0x00, 0x79, 0xe8, 0xeb, 0xfe, 0xe8, 0xe8, 0x4c, 0x00, 0x00, 0x00, 0x00, 0x20, 0xf0, 0x00,
    0x00, 0x00, 0x00, 0x00, 0x00, 0x00, 0x15, 0xd8, 0x00, 0x00, 0x00, 0x00, 0x14, 0xd4, 0x00, 0x20,
    0xf0, 0x00, 0x20, 0xf0, 0x00, 0x20, 0xf0, 0x00, 0x14, 0xd4, 0x00, 0x00, 0x00, 0x00, 0x00, 0x00,
    0x00, 0x00, 0x00, 0x00, 0x13, 0xd2, 0x00, 0x20, 0xf0, 0x00, 0x20, 0xf0, 0x00, 0x20, 0xf0, 0x00,
    0x14, 0xd4, 0x00, 0x00, 0x00, 0x2d, 0xc5, 0xef, 0xdd, 0x7c, 0x01, 0x00, 0x02, 0xde, 0x60, 0x01,
    0x16, 0x7a, 0x08, 0x00, 0x1a, 0xfb, 0x03, 0x00, 0x00, 0x00, 0x00, 0x00, 0x2f, 0xff, 0x42, 0x00,
    0x00, 0x00, 0x00, 0x00, 0xcf, 0xbd, 0xf6, 0x85, 0x0b, 0x00, 0x00, 0x17, 0xfa, 0x02, 0x39, 0xca,
    0xde, 0x27, 0x00, 0x02, 0xea, 0x68, 0x00, 0x02, 0x94, 0xbb, 0x00, 0x00, 0x43, 0xee, 0xab, 0x22,
    0x2c, 0xe6, 0x00, 0x00, 0x00, 0x1b, 0xa3, 0xf3, 0xc6, 0xa2, 0x00, 0x00, 0x00, 0x00, 0x00, 0x77,
    0xf4, 0x0b, 0x00, 0x00, 0x00, 0x00, 0x00, 0x31, 0xe9, 0x00, 0x00, 0x31, 0x59, 0x06, 0x05, 0x91,
    0xae, 0x00, 0x00, 0x1b, 0xa6, 0xe6, 0xee, 0xad, 0x16, 0x00, 0x00, 0x00, 0x80, 0x55, 0x44, 0x91,
    0x00, 0x00, 0x00, 0x00, 0x00, 0x00, 0x00, 0x00, 0x00, 0x00, 0x00, 0x00, 0x00, 0x00, 0x00, 0x00,
    0x00, 0x00, 0x00, 0x00, 0x00, 0x00, 0x00, 0x00, 0x00, 0x00, 0x00, 0x00, 0x00, 0x00, 0x00, 0x00,
    0x00, 0x00, 0x00, 0x00, 0x00, 0x00, 0x00, 0x00, 0x00, 0x00, 0x00, 0x00, 0x00, 0x00, 0x00, 0x00,
    0x00, 0x00, 0x00, 0x00, 0x00, 0x00, 0x00, 0x00, 0x00, 0x00, 0x5a, 0xbe, 0xe5, 0xe4, 0xb2, 0x41,
    0x00, 0x00, 0x00, 0x02, 0xa5, 0xcc, 0x3a, 0x02, 0x06, 0x53, 0xe3, 0x78, 0x00, 0x00, 0x72, 0xcb,
    0x1f, 0xab, 0xe3, 0xc4, 0x31, 0x17, 0xec, 0x40, 0x00, 0xe2, 0x3a, 0xc1, 0x82, 0x05, 0x27, 0x37,
    0x00, 0x6e, 0xb0, 0x14, 0xfa, 0x0f, 0xfb, 0x05, 0x00, 0x00, 0x00, 0x00, 0x2c, 0xe3, 0x14, 0xfa,
    0x0d, 0xfb, 0x07, 0x00, 0x00, 0x00, 0x00, 0x2d, 0xe3, 0x00, 0xe1, 0x3d, 0xb8, 0x88, 0x06, 0x24,
    0x35, 0x00, 0x71, 0xae, 0x00, 0x70, 0xce, 0x1c, 0xa7, 0xe3, 0xc5, 0x30, 0x19, 0xed, 0x3e, 0x00,
    0x01, 0xa5, 0xcd, 0x3a, 0x03, 0x08, 0x54, 0xe4, 0x78, 0x00, 0x00, 0x00, 0x00, 0x59, 0xbe, 0xe8,
    0xe5, 0xb2, 0x42, 0x00, 0x00, 0x38, 0xbe, 0xca, 0x77, 0x00, 0x00, 0x06, 0xdf, 0x30, 0xaf, 0xdb,
    0xff, 0x30, 0xaf, 0x98, 0xab, 0x00, 0x00, 0x00, 0x00, 0x00, 0x00, 0x00, 0x00, 0x00, 0x00, 0x00,
    0x00, 0x00, 0x00, 0x00, 0x00, 0x00, 0x00, 0x00, 0x00, 0x00, 0x02, 0x20, 0x00, 0x22, 0x00, 0x00,
    0x69, 0x89, 0x18, 0xda, 0x00, 0x0c, 0xe4, 0x20, 0x99, 0x78, 0x00, 0x29, 0xe4, 0x03, 0xcd, 0x44,
    0x00, 0x00, 0xaf, 0x57, 0x53, 0xb3, 0x00, 0x00, 0x25, 0x71, 0x00, 0x94, 0x00, 0x00, 0x00, 0x00,
    0x00, 0x00, 0x00, 0x90, 0xec, 0xec, 0xec, 0xec, 0xed, 0xd6, 0x00, 0x00, 0x00, 0x00, 0x00, 0x00,
    0x20, 0xf0, 0x00, 0x00, 0x00, 0x00, 0x00, 0x00, 0x20, 0xf0, 0x00, 0x00, 0x00, 0x00, 0x00, 0x00,
    0x14, 0xcd, 0x00, 0x00, 0x00, 0x00, 0x00, 0x00, 0x00, 0x00, 0x00, 0x00, 0x00, 0x00, 0x00, 0x00,
    0x00, 0x00, 0x00, 0x00, 0x00, 0x00, 0x5a, 0xbe, 0xe5, 0xe4, 0xb2, 0x41, 0x00, 0x00, 0x00, 0x02,
    0xa5, 0xcc, 0x3a, 0x02, 0x06, 0x53, 0xe3, 0x78, 0x00, 0x00, 0x72, 0xcb, 0x18, 0xec, 0xe8, 0xe5,
    0x6d, 0x17, 0xec, 0x40, 0x00, 0xe2, 0x3a, 0x20, 0xf0, 0x00, 0x4a, 0xe2, 0x00, 0x6e, 0xb0, 0x14,
    0xfa, 0x01, 0x20, 0xfe, 0xeb, 0xff, 0x71, 0x00, 0x2c, 0xe3, 0x14, 0xfa, 0x01, 0x20, 0xf0, 0x01,
    0xac, 0x38, 0x00, 0x2d, 0xe3, 0x00, 0xe1, 0x3d, 0x20, 0xf0, 0x00, 0x4a, 0x96, 0x00, 0x71, 0xae,
    0x00, 0x70, 0xce, 0x0f, 0x7b, 0x00, 0x05, 0x61, 0x19, 0xed, 0x3e, 0x00, 0x01, 0xa5, 0xcd, 0x3a,
    0x03, 0x08, 0x54, 0xe4, 0x78, 0x00, 0x00, 0x00, 0x00, 0x59, 0xbe, 0xe8, 0xe5, 0xb2, 0x42, 0x00,
    0x00, 0x00, 0x90, 0xec, 0xec, 0xe8, 0x1e, 0x00, 0x00, 0x00, 0x00, 0x00, 0x00, 0x00, 0x00, 0x00,
    0x00, 0x00, 0x00, 0x00, 0x00, 0x00, 0x00, 0x00, 0x00, 0x00, 0x00, 0x00, 0x00, 0x00, 0x00, 0x00,
    0x00, 0x00, 0x00, 0x00, 0x00, 0x00, 0x00, 0x00, 0x00, 0x00, 0x00, 0x00, 0x00, 0x00, 0x00, 0x00,
    0x00, 0x00, 0x00, 0x00, 0x00, 0x00, 0x00, 0x00, 0x00, 0x00, 0x00, 0x00, 0x00, 0x00, 0x00, 0x00,
    0x00, 0x00, 0x00, 0x00, 0x00, 0x00, 0x00, 0x00, 0x57, 0xdf, 0xcf, 0x38, 0x0d, 0xf6, 0x21, 0x4d,
    0xd7, 0x0d, 0xf6, 0x24, 0x51, 0xd7, 0x00, 0x57, 0xe1, 0xd0, 0x38, 0x00, 0x00, 0x00, 0x00, 0x00,
    0x00, 0x00, 0x00, 0x00, 0x00, 0x00, 0x00, 0x00, 0x00, 0x00, 0x00, 0x00, 0x00, 0x00, 0x00, 0x00,
    0x00, 0x00, 0x00, 0x00, 0x00, 0x00, 0x00, 0x00, 0x00, 0x00, 0x00, 0x00, 0x14, 0xd4, 0x00, 0x00,
    0x00, 0x00, 0x00, 0x00, 0x00, 0x20, 0xf0, 0x00, 0x00, 0x00, 0x00, 0x00, 0x00, 0x00, 0x20, 0xf0,
    0x00, 0x00, 0x00, 0x00, 0x00, 0xc6, 0xe8, 0xeb, 0xfe, 0xe8, 0xe8, 0x9c, 0x00, 0x00, 0x00, 0x00,
    0x20, 0xf0, 0x00, 0x00, 0x00, 0x00, 0x00, 0x00, 0x00, 0x18, 0xdd, 0x00, 0x00, 0x00, 0x00, 0x00,
    0x00, 0x00, 0x00, 0x00, 0x00, 0x00, 0x00, 0x00, 0x00, 0x3b, 0xeb, 0xec, 0xec, 0xec, 0xec, 0xe5,
    0x12, 0x48, 0xbf, 0xce, 0x80, 0x00, 0x15, 0x05, 0x09, 0xda, 0x00, 0x00, 0x00, 0x73, 0x6d, 0x00,
    0x00, 0x6f, 0x80, 0x00, 0x00, 0x43, 0xf8, 0xc0, 0xbf, 0x2e, 0x00, 0x00, 0x00, 0x00, 0x00, 0x00,
    0x00, 0x00, 0x00, 0x00, 0x00, 0x00, 0x00, 0x00, 0x00, 0x00, 0x00, 0x00, 0x00, 0x00, 0x5b, 0xbf,
    0xd3, 0x86, 0x00, 0x16, 0x01, 0x0d, 0xd5, 0x00, 0x00, 0xa6, 0xdf, 0x5b, 0x00, 0x1c, 0x00, 0x0d,
    0xdc, 0x00, 0x7e, 0xc0, 0xce, 0x71, 0x00, 0x00, 0x00, 0x00, 0x00, 0x00, 0x00, 0x00, 0x00, 0x00,
    0x00, 0x00, 0x00, 0x00, 0x00, 0x00, 0x00, 0x00, 0x00, 0x00, 0x00, 0x00, 0x00, 0x7b, 0x30, 0x00,
    0x00, 0x16, 0xd7, 0x09, 0x00, 0x00, 0x85, 0x54, 0x00, 0x00, 0x00, 0x28, 0x00, 0x00, 0x00, 0x00,
    0x00, 0x00, 0x00, 0x00, 0x00, 0x00, 0x00, 0x00, 0x00, 0x00, 0x00, 0x00, 0x00, 0x00, 0x00, 0x00,
    0x00, 0x00, 0x00, 0x00, 0x00, 0x00, 0x00, 0x00, 0x00, 0x00, 0x00, 0x00, 0x00, 0x00, 0x00, 0x00,
    0x00, 0x00, 0x13, 0xd3, 0x00, 0x00, 0x13, 0xd4, 0x00, 0x00, 0x20, 0xf0, 0x00, 0x00, 0x20, 0xf0,
    0x00, 0x00, 0x20, 0xf0, 0x00, 0x00, 0x20, 0xf0, 0x00, 0x00, 0x20, 0xf0, 0x00, 0x00, 0x20, 0xf0,
    0x00, 0x00, 0x20, 0xf5, 0x00, 0x00, 0x33, 0xf0, 0x00, 0x00, 0x20, 0xff, 0x3c, 0x05, 0xa1, 0xf0,
    0x00, 0x00, 0x20, 0xff, 0xd5, 0xe5, 0x67, 0xd4, 0x00, 0x00, 0x20, 0xf0, 0x00, 0x00, 0x00, 0x00,
    0x00, 0x00, 0x20, 0xf0, 0x00, 0x00, 0x00, 0x00, 0x00, 0x00, 0x13, 0xd0, 0x00, 0x00, 0x00, 0x00,
    0x00, 0x00, 0x01, 0x8f, 0xf3, 0xfe, 0xee, 0xda, 0x00, 0x00, 0x57, 0xff, 0xff, 0xf0, 0x20, 0xf0,
    0x00, 0x00, 0x96, 0xff, 0xff, 0xf0, 0x20, 0xf0, 0x00, 0x00, 0x8d, 0xff, 0xff, 0xf0, 0x20, 0xf0,
    0x00, 0x00, 0x33, 0xf9, 0xff, 0xf0, 0x20, 0xf0, 0x00, 0x00, 0x00, 0x4a, 0xc0, 0xf0, 0x20, 0xf0,
    0x00, 0x00, 0x00, 0x00, 0x20, 0xf0, 0x20, 0xf0, 0x00, 0x00, 0x00, 0x00, 0x20, 0xf0, 0x20, 0xf0,
    0x00, 0x00, 0x00, 0x00, 0x20, 0xf0, 0x20, 0xf0, 0x00, 0x00, 0x00, 0x00, 0x20, 0xf0, 0x20, 0xf0,
    0x00, 0x00, 0x00, 0x00, 0x20, 0xf0, 0x20, 0xf0, 0x00, 0x00, 0x00, 0x00, 0x20, 0xf0, 0x20, 0xf0,
    0x00, 0x00, 0x00, 0x00, 0x16, 0xd9, 0x15, 0xd8, 0x00, 0x00, 0x00, 0x00, 0x00, 0x00, 0x00, 0x00,
    0x0b, 0xee, 0xb6, 0x00, 0x00, 0x6f, 0xe6, 0xa3, 0x00, 0x07, 0x88, 0xea, 0x00, 0x00, 0x13, 0x4d,
    0xe0, 0x00, 0x00, 0x00, 0x00, 0xe0, 0x00, 0x00, 0x00, 0x00, 0xe0, 0x00, 0x00, 0x19, 0xc1, 0xf8,
    0xb2, 0x00, 0x00, 0x00, 0x00, 0x00, 0x00, 0x00, 0x00, 0x00, 0x00, 0x00, 0x00, 0x00, 0x00, 0x00,
    0x00, 0x00, 0x00, 0x00, 0x00, 0x00, 0x48, 0xc1, 0xc2, 0x46, 0xcf, 0x0d, 0x10, 0xd8, 0xca, 0x1a,
    0x1d, 0xd1, 0x35, 0xb7, 0xb7, 0x31, 0x00, 0x00, 0x00, 0x00, 0x00, 0x00, 0x00, 0x00, 0x00, 0x00,
    0x00, 0x00, 0x00, 0x00, 0x00, 0x00, 0x00, 0x00, 0x00, 0x00, 0x08, 0x1b, 0x00, 0x23, 0x00, 0x00,
    0x2a, 0xca, 0x00, 0xca, 0x28, 0x00, 0x00, 0xbd, 0x55, 0x61, 0xb0, 0x00, 0x00, 0x89, 0x8a, 0x2d,
    0xe5, 0x00, 0x0a, 0xe1, 0x19, 0x9c, 0x6a, 0x00, 0x29, 0x6b, 0x00, 0x91, 0x04, 0x00, 0x00, 0x00,
    0x00, 0x00, 0x00, 0x00, 0x00, 0x00, 0x00, 0x00, 0x00, 0x00, 0x00, 0x00, 0x15, 0x00, 0x00, 0x00,
    0x00, 0x6f, 0xda, 0x00, 0x00, 0x00, 0x00, 0x0a, 0xd5, 0x04, 0x00, 0x00, 0x34, 0xb4, 0xfb, 0x00,
    0x00, 0x00, 0x00, 0x7a, 0x77, 0x00, 0x00, 0x00, 0x00, 0x20, 0xf0, 0x00, 0x00, 0x00, 0x12, 0xd6,
    0x09, 0x00, 0x00, 0x00, 0x00, 0x20, 0xf0, 0x00, 0x00, 0x00, 0x8b, 0x67, 0x00, 0x00, 0x00, 0x00,
    0x00, 0x20, 0xf0, 0x00, 0x00, 0x1b, 0xd1, 0x04, 0x52, 0xd8, 0x00, 0x00, 0x41, 0xda, 0xea, 0xc4,
    0x00, 0x9b, 0x56, 0x0e, 0xde, 0xf3, 0x00, 0x00, 0x00, 0x00, 0x00, 0x00, 0x27, 0xc9, 0x01, 0x92,
    0x6b, 0xf0, 0x00, 0x00, 0x00, 0x00, 0x00, 0x00, 0xac, 0x46, 0x32, 0xb2, 0x20, 0xf0, 0x00, 0x00,
    0x00, 0x00, 0x00, 0x34, 0xbd, 0x00, 0x8c, 0xf2, 0xeb, 0xfe, 0x9e, 0x00, 0x00, 0x00, 0x00, 0xb1,
    0x36, 0x00, 0x00, 0x00, 0x18, 0xdb, 0x00, 0x00, 0x00, 0x00, 0x00, 0x1d, 0x00, 0x00, 0x00, 0x00,
    0x00, 0x00, 0x00, 0x00, 0x00, 0x00, 0x02, 0x00, 0x00, 0x00, 0x00, 0x00, 0x15, 0x00, 0x00, 0x00,
    0x02, 0x7d, 0xe7, 0x00, 0x00, 0x00, 0x00, 0x0a, 0xd5, 0x04, 0x00, 0x00, 0x33, 0xa8, 0xf7, 0x00,
    0x00, 0x00, 0x00, 0x7a, 0x77, 0x00, 0x00, 0x00, 0x00, 0x20, 0xf0, 0x00, 0x00, 0x00, 0x12, 0xd6,
    0x09, 0x00, 0x00, 0x00, 0x00, 0x20, 0xf0, 0x00, 0x00, 0x00, 0x8b, 0x67, 0x00, 0x00, 0x00, 0x00,
    0x00, 0x20, 0xf0, 0x00, 0x00, 0x1b, 0xd1, 0x57, 0xd1, 0xdd, 0x5b, 0x00, 0x41, 0xda, 0xea, 0xc4,
    0x00, 0x9b, 0x56, 0x47, 0x12, 0x4c, 0xdd, 0x00, 0x00, 0x00, 0x00, 0x00, 0x27, 0xc9, 0x01, 0x00,
    0x00, 0x53, 0xac, 0x00, 0x00, 0x00, 0x00, 0x00, 0xac, 0x46, 0x00, 0x00, 0x18, 0xc9, 0x1b, 0x00,
    0x00, 0x00, 0x00, 0x34, 0xbd, 0x00, 0x00, 0x0b, 0xbb, 0x2c, 0x00, 0x00, 0x00, 0x00, 0x00, 0xb1,
    0x36, 0x00, 0x00, 0x6d, 0xf3, 0xec, 0xe4, 0x0f, 0x00, 0x00, 0x00, 0x1d, 0x00, 0x00, 0x00, 0x00,
    0x00, 0x00, 0x00, 0x00, 0x00, 0x00, 0x00, 0x00, 0x00, 0x00, 0x00, 0x00, 0x00, 0x15, 0x00, 0x00,
    0x00, 0x63, 0xd6, 0xe3, 0x70, 0x00, 0x00, 0x00, 0x0a, 0xd5, 0x04, 0x00, 0x00, 0x4a, 0x0e, 0x4d,
    0xd5, 0x00, 0x00, 0x00, 0x7a, 0x77, 0x00, 0x00, 0x00, 0x13, 0xe2, 0xed, 0x41, 0x00, 0x00, 0x12,
    0xd6, 0x09, 0x00, 0x00, 0x00, 0x00, 0x00, 0x41, 0xd2, 0x00, 0x00, 0x8b, 0x67, 0x00, 0x00, 0x00,
    0x02, 0x52, 0x04, 0x51, 0xd9, 0x00, 0x1b, 0xd1, 0x04, 0x52, 0xd8, 0x00, 0x00, 0x88, 0xe0, 0xcf,
    0x3a, 0x00, 0x9b, 0x56, 0x0e, 0xdd, 0xf3, 0x00, 0x00, 0x00, 0x00, 0x00, 0x00, 0x27, 0xc9, 0x01,
    0x92, 0x6d, 0xf0, 0x00, 0x00, 0x00, 0x00, 0x00, 0x00, 0xac, 0x46, 0x32, 0xba, 0x20, 0xf0, 0x00,
    0x00, 0x00, 0x00, 0x00, 0x34, 0xbd, 0x00, 0x8c, 0xf2, 0xeb, 0xfe, 0x9e, 0x00, 0x00, 0x00, 0x00,
    0xb1, 0x36, 0x00, 0x00, 0x00, 0x18, 0xdb, 0x00, 0x00, 0x00, 0x00, 0x00, 0x1d, 0x00, 0x00, 0x00,
    0x00, 0x00, 0x00, 0x00, 0x00, 0x00, 0x0b, 0xc7, 0x00, 0x00, 0x00, 0x00, 0x00, 0x07, 0x9b, 0x00,
    0x00, 0x00, 0x00, 0x00, 0x00, 0x06, 0x00, 0x00, 0x00, 0x00, 0x00, 0x0a, 0x9a, 0x00, 0x00, 0x00,
    0x00, 0x00, 0x62, 0x75, 0x00, 0x00, 0x00, 0x00, 0x24, 0xd7, 0x0f, 0x00, 0x00, 0x00, 0x00, 0xc4,
    0x51, 0x00, 0x00, 0x00, 0x00, 0x0e, 0xf9, 0x03, 0x00, 0x00, 0x00, 0x00, 0x09, 0xf5, 0x55, 0x11,
    0x3f, 0xbe, 0x2c, 0x00, 0x4a, 0xd6, 0xf3, 0xcb, 0x5c, 0x00, 0x00, 0x00, 0x0d, 0x6b, 0x00, 0x00,
    0x00, 0x00, 0x00, 0x00, 0x00, 0x00, 0x03, 0xc0, 0x41, 0x00, 0x00, 0x00, 0x00, 0x00, 0x00, 0x00,
    0x00, 0x18, 0xad, 0x00, 0x00, 0x00, 0x00, 0x00, 0x00, 0x00, 0x00, 0x00, 0x00, 0x00, 0x00, 0x00,
    0x00, 0x00, 0x00, 0x00, 0x00, 0x02, 0xce, 0x53, 0x00, 0x00, 0x00, 0x00, 0x00, 0x00, 0x00, 0x4d,
    0x8f, 0xbd, 0x00, 0x00, 0x00, 0x00, 0x00, 0x00, 0x00, 0xb4, 0x20, 0x9f, 0x31, 0x00, 0x00, 0x00,
    0x00, 0x00, 0x21, 0xb7, 0x00, 0x3c, 0x9a, 0x00, 0x00, 0x00, 0x00, 0x00, 0x88, 0x56, 0x00, 0x00,
    0xcd, 0x0e, 0x00, 0x00, 0x00, 0x06, 0xd5, 0x06, 0x00, 0x00, 0x76, 0x6b, 0x00, 0x00, 0x00, 0x59,
    0xff, 0xf8, 0xf8, 0xf8, 0xff, 0xe6, 0x00, 0x00, 0x00, 0xc2, 0x2f, 0x00, 0x00, 0x00, 0x00, 0xb6,
    0x3d, 0x00, 0x2b, 0xd5, 0x00, 0x00, 0x00, 0x00, 0x00, 0x5c, 0xa6, 0x00, 0x73, 0x6f, 0x00, 0x00,
    0x00, 0x00, 0x00, 0x0b, 0xd7, 0x00, 0x00, 0x00, 0x00, 0x00, 0x00, 0x21, 0x57, 0x00, 0x00, 0x00,
    0x00, 0x00, 0x00, 0x00, 0x00, 0xbb, 0x49, 0x00, 0x00, 0x00, 0x00, 0x00, 0x00, 0x00, 0x46, 0x7f,
    0x00, 0x00, 0x00, 0x00, 0x00, 0x00, 0x00, 0x00, 0x00, 0x00, 0x00, 0x00, 0x00, 0x00, 0x00, 0x00,
    0x00, 0x02, 0xce, 0x53, 0x00, 0x00, 0x00, 0x00, 0x00, 0x00, 0x00, 0x4d, 0x8f, 0xbd, 0x00, 0x00,
    0x00, 0x00, 0x00, 0x00, 0x00, 0xb4, 0x20, 0x9f, 0x31, 0x00, 0x00, 0x00, 0x00, 0x00, 0x21, 0xb7,
    0x00, 0x3c, 0x9a, 0x00, 0x00, 0x00, 0x00, 0x00, 0x88, 0x56, 0x00, 0x00, 0xcd, 0x0e, 0x00, 0x00,
    0x00, 0x06, 0xd5, 0x06, 0x00, 0x00, 0x76, 0x6b, 0x00, 0x00, 0x00, 0x59, 0xff, 0xf8, 0xf8, 0xf8,
    0xff, 0xe6, 0x00, 0x00, 0x00, 0xc2, 0x2f, 0x00, 0x00, 0x00, 0x00, 0xb6, 0x3d, 0x00, 0x2b, 0xd5,
    0x00, 0x00, 0x00, 0x00, 0x00, 0x5c, 0xa6, 0x00, 0x73, 0x6f, 0x00, 0x00, 0x00, 0x00, 0x00, 0x0b,
    0xd7, 0x00, 0x00, 0x00, 0x00, 0x02, 0x91, 0x40, 0x00, 0x00, 0x00, 0x00, 0x00, 0x00, 0x00, 0x6e,
    0x9b, 0xcd, 0x0e, 0x00, 0x00, 0x00, 0x00, 0x00, 0x09, 0xb0, 0x04, 0x42, 0x77, 0x00, 0x00, 0x00,
    0x00, 0x00, 0x00, 0x00, 0x00, 0x00, 0x00, 0x00, 0x00, 0x00, 0x00, 0x00, 0x00, 0x02, 0xce, 0x53,
    0x00, 0x00, 0x00, 0x00, 0x00, 0x00, 0x00, 0x4d, 0x8f, 0xbd, 0x00, 0x00, 0x00, 0x00, 0x00, 0x00,
    0x00, 0xb4, 0x20, 0x9f, 0x31, 0x00, 0x00, 0x00, 0x00, 0x00, 0x21, 0xb7, 0x00, 0x3c, 0x9a, 0x00,
    0x00, 0x00, 0x00, 0x00, 0x88, 0x56, 0x00, 0x00, 0xcd, 0x0e, 0x00, 0x00, 0x00, 0x06, 0xd5, 0x06,
    0x00, 0x00, 0x76, 0x6b, 0x00, 0x00, 0x00, 0x59, 0xff, 0xf8, 0xf8, 0xf8, 0xff, 0xe6, 0x00, 0x00,
    0x00, 0xc2, 0x2f, 0x00, 0x00, 0x00, 0x00, 0xb6, 0x3d, 0x00, 0x2b, 0xd5, 0x00, 0x00, 0x00, 0x00,
    0x00, 0x5c, 0xa6, 0x00, 0x73, 0x6f, 0x00, 0x00, 0x00, 0x00, 0x00, 0x0b, 0xd7, 0x00, 0x00, 0x00,
    0x00, 0x00, 0x00, 0x00, 0x00, 0x00, 0x00, 0x00, 0x00, 0x00, 0x5a, 0xd4, 0x9e, 0x12, 0x4e, 0x5b,
    0x00, 0x00, 0x00, 0x00, 0xa5, 0x03, 0x4d, 0xcb, 0xbd, 0x0d, 0x00, 0x00, 0x00, 0x00, 0x00, 0x00,
    0x00, 0x00, 0x00, 0x00, 0x00, 0x00, 0x00, 0x00, 0x00, 0x02, 0xce, 0x53, 0x00, 0x00, 0x00, 0x00,
    0x00, 0x00, 0x00, 0x4d, 0x8f, 0xbd, 0x00, 0x00, 0x00, 0x00, 0x00, 0x00, 0x00, 0xb4, 0x20, 0x9f,
    0x31, 0x00, 0x00, 0x00, 0x00, 0x00, 0x21, 0xb7, 0x00, 0x3c, 0x9a, 0x00, 0x00, 0x00, 0x00, 0x00,
    0x88, 0x56, 0x00, 0x00, 0xcd, 0x0e, 0x00, 0x00, 0x00, 0x06, 0xd5, 0x06, 0x00, 0x00, 0x76, 0x6b,
    0x00, 0x00, 0x00, 0x59, 0xff, 0xf8, 0xf8, 0xf8, 0xff, 0xe6, 0x00, 0x00, 0x00, 0xc2, 0x2f, 0x00,
    0x00, 0x00, 0x00, 0xb6, 0x3d, 0x00, 0x2b, 0xd5, 0x00, 0x00, 0x00, 0x00, 0x00, 0x5c, 0xa6, 0x00,
    0x73, 0x6f, 0x00, 0x00, 0x00, 0x00, 0x00, 0x0b, 0xd7, 0x00, 0x00, 0x00, 0x00, 0xb6, 0x1b, 0x81,
    0x50, 0x00, 0x00, 0x00, 0x00, 0x00, 0x00, 0x00, 0x00, 0x00, 0x00, 0x00, 0x00, 0x00, 0x00, 0x00,
    0x00, 0x00, 0x00, 0x00, 0x00, 0x00, 0x00, 0x00, 0x00, 0x00, 0x00, 0x02, 0xce, 0x53, 0x00, 0x00,
    0x00, 0x00, 0x00, 0x00, 0x00, 0x4d, 0x8f, 0xbd, 0x00, 0x00, 0x00, 0x00, 0x00, 0x00, 0x00, 0xb4,
    0x20, 0x9f, 0x31, 0x00, 0x00, 0x00, 0x00, 0x00, 0x21, 0xb7, 0x00, 0x3c, 0x9a, 0x00, 0x00, 0x00,
    0x00, 0x00, 0x88, 0x56, 0x00, 0x00, 0xcd, 0x0e, 0x00, 0x00, 0x00, 0x06, 0xd5, 0x06, 0x00, 0x00,
    0x76, 0x6b, 0x00, 0x00, 0x00, 0x59, 0xff, 0xf8, 0xf8, 0xf8, 0xff, 0xe6, 0x00, 0x00, 0x00, 0xc2,
    0x2f, 0x00, 0x00, 0x00, 0x00, 0xb6, 0x3d, 0x00, 0x2b, 0xd5, 0x00, 0x00, 0x00, 0x00, 0x00, 0x5c,
    0xa6, 0x00, 0x73, 0x6f, 0x00, 0x00, 0x00, 0x00, 0x00, 0x0b, 0xd7, 0x00, 0x00, 0x00, 0x00, 0x93,
    0xe0, 0x68, 0x00, 0x00, 0x00, 0x00, 0x00, 0x0e, 0xfc, 0x49, 0xdc, 0x00, 0x00, 0x00, 0x00, 0x00,
    0x00, 0x95, 0xe2, 0x6a, 0x00, 0x00, 0x00, 0x00, 0x00, 0x00, 0x00, 0x00, 0x00, 0x00, 0x00, 0x00,
    0x00, 0x00, 0x00, 0x38, 0xde, 0x0f, 0x00, 0x00, 0x00, 0x00, 0x00, 0x00, 0xa8, 0x86, 0x6c, 0x00,
    0x00, 0x00, 0x00, 0x00, 0x17, 0xbc, 0x0a, 0xc6, 0x00, 0x00, 0x00, 0x00, 0x00, 0x7a, 0x5f, 0x00,
    0x9a, 0x3d, 0x00, 0x00, 0x00, 0x02, 0xd1, 0x0a, 0x00, 0x38, 0xa5, 0x00, 0x00, 0x00, 0x4a, 0x99,
    0x00, 0x00, 0x00, 0xcd, 0x14, 0x00, 0x00, 0xbe, 0xff, 0xf8, 0xf8, 0xf8, 0xff, 0x77, 0x00, 0x1e,
    0xd3, 0x00, 0x00, 0x00, 0x00, 0x19, 0xd9, 0x01, 0x84, 0x7d, 0x00, 0x00, 0x00, 0x00, 0x00, 0xbc,
    0x47, 0xc1, 0x21, 0x00, 0x00, 0x00, 0x00, 0x00, 0x55, 0x8e, 0x00, 0x00, 0x00, 0x00, 0x09, 0xd8,
    0xff, 0xec, 0xec, 0xec, 0xec, 0xe4, 0x15, 0x00, 0x00, 0x00, 0x00, 0x7c, 0x90, 0xac, 0x00, 0x00,
    0x00, 0x00, 0x00, 0x00, 0x00, 0x00, 0x00, 0x18, 0xba, 0x0d, 0xe1, 0x00, 0x00, 0x00, 0x00, 0x00,
    0x00, 0x00, 0x00, 0x00, 0x9b, 0x3c, 0x00, 0xd9, 0x1a, 0x00, 0x00, 0x00, 0x00, 0x00, 0x00, 0x00,
    0x2d, 0xad, 0x00, 0x00, 0xa8, 0xff, 0xe8, 0xe8, 0xe8, 0xb7, 0x00, 0x00, 0x00, 0xb6, 0x29, 0x00,
    0x00, 0x76, 0x80, 0x00, 0x00, 0x00, 0x00, 0x00, 0x00, 0x4b, 0xff, 0xe8, 0xe8, 0xe8, 0xff, 0xaf,
    0x00, 0x00, 0x00, 0x00, 0x00, 0x04, 0xd1, 0x21, 0x00, 0x00, 0x00, 0x18, 0xd9, 0x00, 0x00, 0x00,
    0x00, 0x00, 0x6a, 0xa1, 0x00, 0x00, 0x00, 0x00, 0x00, 0xea, 0x09, 0x00, 0x00, 0x00, 0x00, 0xcb,
    0x26, 0x00, 0x00, 0x00, 0x00, 0x00, 0xb6, 0xf8, 0xec, 0xec, 0xe4, 0x16, 0x00, 0x00, 0x2f, 0xb2,
    0xed, 0xe8, 0xc1, 0x4c, 0x00, 0x00, 0x2f, 0xec, 0x62, 0x05, 0x03, 0x3f, 0xc0, 0x0e, 0x00, 0xb2,
    0x76, 0x00, 0x00, 0x00, 0x00, 0x00, 0x00, 0x03, 0xf6, 0x1b, 0x00, 0x00, 0x00, 0x00, 0x00, 0x00,
    0x18, 0xf9, 0x00, 0x00, 0x00, 0x00, 0x00, 0x00, 0x00, 0x16, 0xf8, 0x00, 0x00, 0x00, 0x00, 0x00,
    0x00, 0x00, 0x03, 0xf5, 0x1c, 0x00, 0x00, 0x00, 0x00, 0x00, 0x00, 0x00, 0xb0, 0x76, 0x00, 0x00,
    0x00, 0x00, 0x00, 0x00, 0x00, 0x2c, 0xeb, 0x5e, 0x04, 0x03, 0x3d, 0xb9, 0x11, 0x00, 0x00, 0x31,
    0xb4, 0xff, 0xf5, 0xc4, 0x4a, 0x00, 0x00, 0x00, 0x00, 0x00, 0x8d, 0xe3, 0x21, 0x00, 0x00, 0x00,
    0x00, 0x00, 0x01, 0x06, 0x79, 0x55, 0x00, 0x00, 0x00, 0x00, 0x00, 0x1e, 0xdb, 0xc8, 0x10, 0x00,
    0x00, 0x00, 0x00, 0x5c, 0x1c, 0x00, 0x00, 0x00, 0x00, 0x00, 0x00, 0x50, 0xb4, 0x00, 0x00, 0x00,
    0x00, 0x00, 0x00, 0x00, 0x88, 0x3d, 0x00, 0x00, 0x00, 0x00, 0x00, 0x00, 0x00, 0x00, 0x00, 0x00,
    0x00, 0x11, 0xf3, 0xec, 0xec, 0xec, 0xec, 0x97, 0x00, 0x20, 0xf0, 0x00, 0x00, 0x00, 0x00, 0x00,
    0x00, 0x20, 0xf0, 0x00, 0x00, 0x00, 0x00, 0x00, 0x00, 0x20, 0xf0, 0x00, 0x00, 0x00, 0x00, 0x00,
    0x00, 0x20, 0xfe, 0xe8, 0xe8, 0xe8, 0xe8, 0x57, 0x00, 0x20, 0xf0, 0x00, 0x00, 0x00, 0x00, 0x00,
    0x00, 0x20, 0xf0, 0x00, 0x00, 0x00, 0x00, 0x00, 0x00, 0x20, 0xf0, 0x00, 0x00, 0x00, 0x00, 0x00,
    0x00, 0x20, 0xf0, 0x00, 0x00, 0x00, 0x00, 0x00, 0x00, 0x11, 0xf4, 0xec, 0xec, 0xec, 0xec, 0x98,
    0x00, 0x00, 0x00, 0x00, 0x00, 0x00, 0x6f, 0x09, 0x00, 0x00, 0x00, 0x00, 0x00, 0x49, 0xba, 0x01,
    0x00, 0x00, 0x00, 0x00, 0x00, 0xb1, 0x14, 0x00, 0x00, 0x00, 0x00, 0x00, 0x00, 0x00, 0x00, 0x00,
    0x00, 0x11, 0xf3, 0xec, 0xec, 0xec, 0xec, 0x97, 0x00, 0x20, 0xf0, 0x00, 0x00, 0x00, 0x00, 0x00,
    0x00, 0x20, 0xf0, 0x00, 0x00, 0x00, 0x00, 0x00, 0x00, 0x20, 0xf0, 0x00, 0x00, 0x00, 0x00, 0x00,
    0x00, 0x20, 0xfe, 0xe8, 0xe8, 0xe8, 0xe8, 0x57, 0x00, 0x20, 0xf0, 0x00, 0x00, 0x00, 0x00, 0x00,
    0x00, 0x20, 0xf0, 0x00, 0x00, 0x00, 0x00, 0x00, 0x00, 0x20, 0xf0, 0x00, 0x00, 0x00, 0x00, 0x00,
    0x00, 0x20, 0xf0, 0x00, 0x00, 0x00, 0x00, 0x00, 0x00, 0x11, 0xf4, 0xec, 0xec, 0xec, 0xec, 0x98,
    0x00, 0x00, 0x00, 0x00, 0x6b, 0x64, 0x00, 0x00, 0x00, 0x00, 0x00, 0x36, 0xbb, 0xc0, 0x2e, 0x00,
    0x00, 0x00, 0x00, 0xa5, 0x17, 0x1c, 0x9d, 0x00, 0x00, 0x00, 0x00, 0x00, 0x00, 0x00, 0x00, 0x00,
    0x00, 0x11, 0xf3, 0xec, 0xec, 0xec, 0xec, 0x97, 0x00, 0x20, 0xf0, 0x00, 0x00, 0x00, 0x00, 0x00,
    0x00, 0x20, 0xf0, 0x00, 0x00, 0x00, 0x00, 0x00, 0x00, 0x20, 0xf0, 0x00, 0x00, 0x00, 0x00, 0x00,
    0x00, 0x20, 0xfe, 0xe8, 0xe8, 0xe8, 0xe8, 0x57, 0x00, 0x20, 0xf0, 0x00, 0x00, 0x00, 0x00, 0x00,
    0x00, 0x20, 0xf0, 0x00, 0x00, 0x00, 0x00, 0x00, 0x00, 0x20, 0xf0, 0x00, 0x00, 0x00, 0x00, 0x00,
    0x00, 0x20, 0xf0, 0x00, 0x00, 0x00, 0x00, 0x00, 0x00, 0x11, 0xf4, 0xec, 0xec, 0xec, 0xec, 0x98,
    0x00, 0x00, 0x00, 0x57, 0x7a, 0x21, 0xb0, 0x00, 0x00, 0x00, 0x00, 0x00, 0x00, 0x00, 0x00, 0x00,
    0x00, 0x00, 0x00, 0x00, 0x00, 0x00, 0x00, 0x00, 0x00, 0x11, 0xf3, 0xec, 0xec, 0xec, 0xec, 0x97,
    0x00, 0x20, 0xf0, 0x00, 0x00, 0x00, 0x00, 0x00, 0x00, 0x20, 0xf0, 0x00, 0x00, 0x00, 0x00, 0x00,
    0x00, 0x20, 0xf0, 0x00, 0x00, 0x00, 0x00, 0x00, 0x00, 0x20, 0xfe, 0xe8, 0xe8, 0xe8, 0xe8, 0x57,
    0x00, 0x20, 0xf0, 0x00, 0x00, 0x00, 0x00, 0x00, 0x00, 0x20, 0xf0, 0x00, 0x00, 0x00, 0x00, 0x00,
    0x00, 0x20, 0xf0, 0x00, 0x00, 0x00, 0x00, 0x00, 0x00, 0x20, 0xf0, 0x00, 0x00, 0x00, 0x00, 0x00,
    0x00, 0x11, 0xf4, 0xec, 0xec, 0xec, 0xec, 0x98, 0x00, 0x19, 0x5f, 0x00, 0x00, 0x09, 0xcd, 0x2d,
    0x00, 0x00, 0x25, 0xa0, 0x00, 0x00, 0x00, 0x00, 0x00, 0x00, 0x13, 0xd2, 0x00, 0x00, 0x20, 0xf0,
    0x00, 0x00, 0x20, 0xf0, 0x00, 0x00, 0x20, 0xf0, 0x00, 0x00, 0x20, 0xf0, 0x00, 0x00, 0x20, 0xf0,
    0x00, 0x00, 0x20, 0xf0, 0x00, 0x00, 0x20, 0xf0, 0x00, 0x00, 0x20, 0xf0, 0x00, 0x00, 0x13, 0xd2,
    0x00, 0x00, 0x00, 0x2f, 0x49, 0x00, 0x04, 0xca, 0x36, 0x00, 0x5d, 0x68, 0x00, 0x00, 0x00, 0x00,
    0x00, 0x13, 0xd2, 0x00, 0x00, 0x20, 0xf0, 0x00, 0x00, 0x20, 0xf0, 0x00, 0x00, 0x20, 0xf0, 0x00,
    0x00, 0x20, 0xf0, 0x00, 0x00, 0x20, 0xf0, 0x00, 0x00, 0x20, 0xf0, 0x00, 0x00, 0x20, 0xf0, 0x00,
    0x00, 0x20, 0xf0, 0x00, 0x00, 0x13, 0xd2, 0x00, 0x00, 0x00, 0x24, 0xa0, 0x10, 0x00, 0x01, 0xbd,
    0x8b, 0x9a, 0x00, 0x50, 0x6b, 0x00, 0x93, 0x27, 0x00, 0x00, 0x00, 0x00, 0x00, 0x00, 0x13, 0xd2,
    0x00, 0x00, 0x00, 0x20, 0xf0, 0x00, 0x00, 0x00, 0x20, 0xf0, 0x00, 0x00, 0x00, 0x20, 0xf0, 0x00,
    0x00, 0x00, 0x20, 0xf0, 0x00, 0x00, 0x00, 0x20, 0xf0, 0x00, 0x00, 0x00, 0x20, 0xf0, 0x00, 0x00,
    0x00, 0x20, 0xf0, 0x00, 0x00, 0x00, 0x20, 0xf0, 0x00, 0x00, 0x00, 0x13, 0xd2, 0x00, 0x00, 0x03,
    0xc3, 0x0a, 0x95, 0x3c, 0x00, 0x00, 0x00, 0x00, 0x00, 0x00, 0x00, 0x00, 0x00, 0x00, 0x00, 0x13,
    0xd2, 0x00, 0x00, 0x00, 0x20, 0xf0, 0x00, 0x00, 0x00, 0x20, 0xf0, 0x00, 0x00, 0x00, 0x20, 0xf0,
    0x00, 0x00, 0x00, 0x20, 0xf0, 0x00, 0x00, 0x00, 0x20, 0xf0, 0x00, 0x00, 0x00, 0x20, 0xf0, 0x00,
    0x00, 0x00, 0x20, 0xf0, 0x00, 0x00, 0x00, 0x20, 0xf0, 0x00, 0x00, 0x00, 0x13, 0xd2, 0x00, 0x00,
    0x00, 0x11, 0xf2, 0xec, 0xec, 0xed, 0xd6, 0x81, 0x0a, 0x00, 0x00, 0x00, 0x20, 0xf0, 0x00, 0x00,
    0x00, 0x23, 0xa0, 0xc9, 0x08, 0x00, 0x00, 0x20, 0xf0, 0x00, 0x00, 0x00, 0x00, 0x00, 0xb7, 0x74,
    0x00, 0x00, 0x20, 0xf0, 0x00, 0x00, 0x00, 0x00, 0x00, 0x4f, 0xc4, 0x00, 0x09, 0xfe, 0xff, 0xe8,
    0xe8, 0xaa, 0x00, 0x00, 0x28, 0xe6, 0x00, 0x00, 0x20, 0xf0, 0x00, 0x00, 0x00, 0x00, 0x00, 0x31,
    0xe6, 0x00, 0x00, 0x20, 0xf0, 0x00, 0x00, 0x00, 0x00, 0x00, 0x54, 0xc3, 0x00, 0x00, 0x20, 0xf0,
    0x00, 0x00, 0x00, 0x00, 0x00, 0xb4, 0x71, 0x00, 0x00, 0x20, 0xf0, 0x00, 0x00, 0x00, 0x25, 0xaf,
    0xc9, 0x08, 0x00, 0x00, 0x11, 0xf3, 0xec, 0xec, 0xed, 0xd6, 0x80, 0x0a, 0x00, 0x00, 0x00, 0x00,
    0x00, 0x00, 0x00, 0x00, 0x00, 0x00, 0x00, 0x00, 0x00, 0x00, 0x82, 0xd1, 0x65, 0x03, 0x9e, 0x00,
    0x00, 0x00, 0x00, 0x08, 0x97, 0x06, 0x88, 0xd6, 0x59, 0x00, 0x00, 0x00, 0x00, 0x00, 0x00, 0x00,
    0x00, 0x00, 0x00, 0x00, 0x00, 0x00, 0x14, 0xd3, 0x0a, 0x00, 0x00, 0x00, 0x13, 0xd4, 0x00, 0x00,
    0x20, 0xff, 0x89, 0x00, 0x00, 0x00, 0x20, 0xf0, 0x00, 0x00, 0x20, 0xff, 0xe8, 0x2d, 0x00, 0x00,
    0x20, 0xf0, 0x00, 0x00, 0x20, 0xf0, 0x53, 0xc5, 0x01, 0x00, 0x20, 0xf0, 0x00, 0x00, 0x20, 0xf0,
    0x00, 0xa0, 0x67, 0x00, 0x20, 0xf0, 0x00, 0x00, 0x20, 0xf0, 0x00, 0x0d, 0xcd, 0x17, 0x20, 0xf0,
    0x00, 0x00, 0x20, 0xf0, 0x00, 0x00, 0x3c, 0xa2, 0x20, 0xf0, 0x00, 0x00, 0x20, 0xf0, 0x00, 0x00,
    0x00, 0x85, 0x65, 0xf0, 0x00, 0x00, 0x20, 0xf0, 0x00, 0x00, 0x00, 0x05, 0xc8, 0xf8, 0x00, 0x00,
    0x14, 0xd4, 0x00, 0x00, 0x00, 0x00, 0x28, 0xd1, 0x00, 0x00, 0x00, 0x00, 0x00, 0x73, 0x05, 0x00,
    0x00, 0x00, 0x00, 0x00, 0x00, 0x00, 0x00, 0x8b, 0x79, 0x00, 0x00, 0x00, 0x00, 0x00, 0x00, 0x00,
    0x00, 0x03, 0xb2, 0x0c, 0x00, 0x00, 0x00, 0x00, 0x00, 0x00, 0x00, 0x00, 0x00, 0x00, 0x00, 0x00,
    0x00, 0x00, 0x00, 0x00, 0x31, 0xba, 0xed, 0xe5, 0xa4, 0x1a, 0x00, 0x00, 0x00, 0x2b, 0xe9, 0x54,
    0x02, 0x07, 0x72, 0xdb, 0x0c, 0x00, 0x00, 0xad, 0x72, 0x00, 0x00, 0x00, 0x00, 0xae, 0x79, 0x00,
    0x03, 0xf4, 0x1a, 0x00, 0x00, 0x00, 0x00, 0x4f, 0xc6, 0x00, 0x18, 0xf9, 0x00, 0x00, 0x00, 0x00,
    0x00, 0x2f, 0xe5, 0x00, 0x16, 0xfb, 0x02, 0x00, 0x00, 0x00, 0x00, 0x2a, 0xe6, 0x00, 0x02, 0xf4,
    0x1f, 0x00, 0x00, 0x00, 0x00, 0x4d, 0xc4, 0x00, 0x00, 0xab, 0x7d, 0x00, 0x00, 0x00, 0x00, 0xa5,
    0x78, 0x00, 0x00, 0x29, 0xe8, 0x51, 0x01, 0x06, 0x74, 0xda, 0x0c, 0x00, 0x00, 0x00, 0x32, 0xb9,
    0xe8, 0xeb, 0xa6, 0x1a, 0x00, 0x00, 0x00, 0x00, 0x00, 0x00, 0x00, 0x08, 0x6f, 0x00, 0x00, 0x00,
    0x00, 0x00, 0x00, 0x00, 0x00, 0x86, 0x7f, 0x00, 0x00, 0x00, 0x00, 0x00, 0x00, 0x00, 0x14, 0xaf,
    0x02, 0x00, 0x00, 0x00, 0x00, 0x00, 0x00, 0x00, 0x00, 0x00, 0x00, 0x00, 0x00, 0x00, 0x00, 0x00,
    0x31, 0xba, 0xed, 0xe5, 0xa4, 0x1a, 0x00, 0x00, 0x00, 0x2b, 0xe9, 0x54, 0x02, 0x07, 0x72, 0xdb,
    0x0c, 0x00, 0x00, 0xad, 0x72, 0x00, 0x00, 0x00, 0x00, 0xae, 0x79, 0x00, 0x03, 0xf4, 0x1a, 0x00,
    0x00, 0x00, 0x00, 0x4f, 0xc6, 0x00, 0x18, 0xf9, 0x00, 0x00, 0x00, 0x00, 0x00, 0x2f, 0xe5, 0x00,
    0x16, 0xfb, 0x02, 0x00, 0x00, 0x00, 0x00, 0x2a, 0xe6, 0x00, 0x02, 0xf4, 0x1f, 0x00, 0x00, 0x00,
    0x00, 0x4d, 0xc4, 0x00, 0x00, 0xab, 0x7d, 0x00, 0x00, 0x00, 0x00, 0xa5, 0x78, 0x00, 0x00, 0x29,
    0xe8, 0x51, 0x01, 0x06, 0x74, 0xda, 0x0c, 0x00, 0x00, 0x00, 0x32, 0xb9, 0xe8, 0xeb, 0xa6, 0x1a,
    0x00, 0x00, 0x00, 0x00, 0x00, 0x00, 0x81, 0x57, 0x00, 0x00, 0x00, 0x00, 0x00, 0x00, 0x00, 0x4d,
    0xad, 0xca, 0x1e, 0x00, 0x00, 0x00, 0x00, 0x00, 0x00, 0xaf, 0x0d, 0x2a, 0x8f, 0x00, 0x00, 0x00,
    0x00, 0x00, 0x00, 0x00, 0x00, 0x00, 0x00, 0x00, 0x00, 0x00, 0x00, 0x00, 0x31, 0xba, 0xed, 0xe5,
    0xa4, 0x1a, 0x00, 0x00, 0x00, 0x2b, 0xe9, 0x54, 0x02, 0x07, 0x72, 0xdb, 0x0c, 0x00, 0x00, 0xad,
    0x72, 0x00, 0x00, 0x00, 0x00, 0xae, 0x79, 0x00, 0x03, 0xf4, 0x1a, 0x00, 0x00, 0x00, 0x00, 0x4f,
    0xc6, 0x00, 0x18, 0xf9, 0x00, 0x00, 0x00, 0x00, 0x00, 0x2f, 0xe5, 0x00, 0x16, 0xfb, 0x02, 0x00,
    0x00, 0x00, 0x00, 0x2a, 0xe6, 0x00, 0x02, 0xf4, 0x1f, 0x00, 0x00, 0x00, 0x00, 0x4d, 0xc4, 0x00,
    0x00, 0xab, 0x7d, 0x00, 0x00, 0x00, 0x00, 0xa5, 0x78, 0x00, 0x00, 0x29, 0xe8, 0x51, 0x01, 0x06,
    0x74, 0xda, 0x0c, 0x00, 0x00, 0x00, 0x32, 0xb9, 0xe8, 0xeb, 0xa6, 0x1a, 0x00, 0x00, 0x00, 0x00,
    0x00, 0x00, 0x00, 0x00, 0x00, 0x00, 0x00, 0x00, 0x00, 0x00, 0x34, 0xcf, 0xae, 0x1d, 0x3e, 0x68,
    0x00, 0x00, 0x00, 0x00, 0x93, 0x10, 0x38, 0xc4, 0xc3, 0x13, 0x00, 0x00, 0x00, 0x00, 0x00, 0x00,
    0x00, 0x00, 0x00, 0x00, 0x00, 0x00, 0x00, 0x00, 0x31, 0xba, 0xed, 0xe5, 0xa4, 0x1a, 0x00, 0x00,
    0x00, 0x2b, 0xe9, 0x54, 0x02, 0x07, 0x72, 0xdb, 0x0c, 0x00, 0x00, 0xad, 0x72, 0x00, 0x00, 0x00,
    0x00, 0xae, 0x79, 0x00, 0x03, 0xf4, 0x1a, 0x00, 0x00, 0x00, 0x00, 0x4f, 0xc6, 0x00, 0x18, 0xf9,
    0x00, 0x00, 0x00, 0x00, 0x00, 0x2f, 0xe5, 0x00, 0x16, 0xfb, 0x02, 0x00, 0x00, 0x00, 0x00, 0x2a,
    0xe6, 0x00, 0x02, 0xf4, 0x1f, 0x00, 0x00, 0x00, 0x00, 0x4d, 0xc4, 0x00, 0x00, 0xab, 0x7d, 0x00,
    0x00, 0x00, 0x00, 0xa5, 0x78, 0x00, 0x00, 0x29, 0xe8, 0x51, 0x01, 0x06, 0x74, 0xda, 0x0c, 0x00,
    0x00, 0x00, 0x32, 0xb9, 0xe8, 0xeb, 0xa6, 0x1a, 0x00, 0x00, 0x00, 0x00, 0x00, 0x8b, 0x46, 0x50,
    0x81, 0x00, 0x00, 0x00, 0x00, 0x00, 0x00, 0x00, 0x00, 0x00, 0x00, 0x00, 0x00, 0x00, 0x00, 0x00,
    0x00, 0x00, 0x00, 0x00, 0x00, 0x00, 0x00, 0x00, 0x00, 0x00, 0x31, 0xba, 0xed, 0xe5, 0xa4, 0x1a,
    0x00, 0x00, 0x00, 0x2b, 0xe9, 0x54, 0x02, 0x07, 0x72, 0xdb, 0x0c, 0x00, 0x00, 0xad, 0x72, 0x00,
    0x00, 0x00, 0x00, 0xae, 0x79, 0x00, 0x03, 0xf4, 0x1a, 0x00, 0x00, 0x00, 0x00, 0x4f, 0xc6, 0x00,
    0x18, 0xf9, 0x00, 0x00, 0x00, 0x00, 0x00, 0x2f, 0xe5, 0x00, 0x16, 0xfb, 0x02, 0x00, 0x00, 0x00,
    0x00, 0x2a, 0xe6, 0x00, 0x02, 0xf4, 0x1f, 0x00, 0x00, 0x00, 0x00, 0x4d, 0xc4, 0x00, 0x00, 0xab,
    0x7d, 0x00, 0x00, 0x00, 0x00, 0xa5, 0x78, 0x00, 0x00, 0x29, 0xe8, 0x51, 0x01, 0x06, 0x74, 0xda,
    0x0c, 0x00, 0x00, 0x00, 0x32, 0xb9, 0xe8, 0xeb, 0xa6, 0x1a, 0x00, 0x00, 0x00, 0x1e, 0x00, 0x00,
    0x00, 0x00, 0x1b, 0x00, 0x05, 0xd3, 0x3b, 0x00, 0x00, 0x64, 0xa9, 0x00, 0x00, 0x23, 0xd7, 0x2f,
    0x53, 0xc6, 0x0b, 0x00, 0x00, 0x00, 0x2f, 0xda, 0xcf, 0x13, 0x00, 0x00, 0x00, 0x00, 0x32, 0xd6,
    0xcf, 0x16, 0x00, 0x00, 0x00, 0x25, 0xd4, 0x27, 0x48, 0xc8, 0x0d, 0x00, 0x00, 0xce, 0x33, 0x00,
    0x00, 0x5b, 0xa8, 0x00, 0x00, 0x0e, 0x00, 0x00, 0x00, 0x00, 0x10, 0x00, 0x00, 0x00, 0x00, 0x00,
    0x00, 0x00, 0x00, 0x58, 0x0d, 0x00, 0x00, 0x00, 0x31, 0xba, 0xed, 0xe5, 0xc0, 0xf1, 0x06, 0x00,
    0x00, 0x2b, 0xe9, 0x54, 0x02, 0x07, 0xff, 0xff, 0x0c, 0x00, 0x00, 0xad, 0x72, 0x00, 0x00, 0x27,
    0xcb, 0xaf, 0x79, 0x00, 0x03, 0xf4, 0x1a, 0x00, 0x00, 0xad, 0x47, 0x4f, 0xc6, 0x00, 0x18, 0xf9,
    0x00, 0x00, 0x37, 0xbe, 0x00, 0x2f, 0xe5, 0x00, 0x16, 0xfb, 0x02, 0x00, 0xbf, 0x36, 0x00, 0x2a,
    0xe6, 0x00, 0x02, 0xf4, 0x1f, 0x4b, 0xac, 0x00, 0x00, 0x4d, 0xc4, 0x00, 0x00, 0xab, 0x7f, 0xce,
    0x27, 0x00, 0x00, 0xa5, 0x78, 0x00, 0x00, 0x29, 0xff, 0xec, 0x01, 0x06, 0x74, 0xda, 0x0c, 0x00,
    0x00, 0x06, 0xff, 0xd5, 0xe8, 0xeb, 0xa6, 0x1a, 0x00, 0x00, 0x00, 0x11, 0x5d, 0x00, 0x00, 0x00,
    0x00, 0x00, 0x00, 0x00, 0x00, 0x00, 0x0e, 0x69, 0x00, 0x00, 0x00, 0x00, 0x00, 0x00, 0x00, 0x03,
    0xc2, 0x3e, 0x00, 0x00, 0x00, 0x00, 0x00, 0x00, 0x00, 0x19, 0xaa, 0x00, 0x00, 0x00, 0x00, 0x00,
    0x00, 0x00, 0x00, 0x00, 0x00, 0x00, 0x00, 0x00, 0x13, 0xd2, 0x00, 0x00, 0x00, 0x00, 0x13, 0xd2,
    0x00, 0x20, 0xf0, 0x00, 0x00, 0x00, 0x00, 0x20, 0xf0, 0x00, 0x20, 0xf0, 0x00, 0x00, 0x00, 0x00,
    0x20, 0xf0, 0x00, 0x20, 0xf0, 0x00, 0x00, 0x00, 0x00, 0x20, 0xf0, 0x00, 0x20, 0xf0, 0x00, 0x00,
    0x00, 0x00, 0x20, 0xf0, 0x00, 0x20, 0xf0, 0x00, 0x00, 0x00, 0x00, 0x20, 0xf0, 0x00, 0x10, 0xfb,
    0x02, 0x00, 0x00, 0x00, 0x2e, 0xe5, 0x00, 0x00, 0xec, 0x2f, 0x00, 0x00, 0x00, 0x60, 0xbf, 0x00,
    0x00, 0x7e, 0xc4, 0x1e, 0x00, 0x30, 0xdf, 0x5a, 0x00, 0x00, 0x04, 0x7b, 0xd9, 0xef, 0xd9, 0x68,
    0x00, 0x00, 0x00, 0x00, 0x00, 0x00, 0x00, 0x23, 0x55, 0x00, 0x00, 0x00, 0x00, 0x00, 0x00, 0x01,
    0xbe, 0x46, 0x00, 0x00, 0x00, 0x00, 0x00, 0x00, 0x4a, 0x7b, 0x00, 0x00, 0x00, 0x00, 0x00, 0x00,
    0x00, 0x00, 0x00, 0x00, 0x00, 0x00, 0x13, 0xd2, 0x00, 0x00, 0x00, 0x00, 0x13, 0xd2, 0x00, 0x20,
    0xf0, 0x00, 0x00, 0x00, 0x00, 0x20, 0xf0, 0x00, 0x20, 0xf0, 0x00, 0x00, 0x00, 0x00, 0x20, 0xf0,
    0x00, 0x20, 0xf0, 0x00, 0x00, 0x00, 0x00, 0x20, 0xf0, 0x00, 0x20, 0xf0, 0x00, 0x00, 0x00, 0x00,
    0x20, 0xf0, 0x00, 0x20, 0xf0, 0x00, 0x00, 0x00, 0x00, 0x20, 0xf0, 0x00, 0x10, 0xfb, 0x02, 0x00,
    0x00, 0x00, 0x2e, 0xe5, 0x00, 0x00, 0xec, 0x2f, 0x00, 0x00, 0x00, 0x60, 0xbf, 0x00, 0x00, 0x7e,
    0xc4, 0x1e, 0x00, 0x30, 0xdf, 0x5a, 0x00, 0x00, 0x04, 0x7b, 0xd9, 0xef, 0xd9, 0x68, 0x00, 0x00,
    0x00, 0x00, 0x00, 0x24, 0xa0, 0x10, 0x00, 0x00, 0x00, 0x00, 0x00, 0x01, 0xbe, 0x8a, 0x9a, 0x00,
    0x00, 0x00, 0x00, 0x00, 0x50, 0x6c, 0x00, 0x92, 0x28, 0x00, 0x00, 0x00, 0x00, 0x00, 0x00, 0x00,
    0x00, 0x00, 0x00, 0x00, 0x13, 0xd2, 0x00, 0x00, 0x00, 0x00, 0x13, 0xd2, 0x00, 0x20, 0xf0, 0x00,
    0x00, 0x00, 0x00, 0x20, 0xf0, 0x00, 0x20, 0xf0, 0x00, 0x00, 0x00, 0x00, 0x20, 0xf0, 0x00, 0x20,
    0xf0, 0x00, 0x00, 0x00, 0x00, 0x20, 0xf0, 0x00, 0x20, 0xf0, 0x00, 0x00, 0x00, 0x00, 0x20, 0xf0,
    0x00, 0x20, 0xf0, 0x00, 0x00, 0x00, 0x00, 0x20, 0xf0, 0x00, 0x10, 0xfb, 0x02, 0x00, 0x00, 0x00,
    0x2e, 0xe5, 0x00, 0x00, 0xec, 0x2f, 0x00, 0x00, 0x00, 0x60, 0xbf, 0x00, 0x00, 0x7e, 0xc4, 0x1e,
    0x00, 0x30, 0xdf, 0x5a, 0x00, 0x00, 0x04, 0x7b, 0xd9, 0xef, 0xd9, 0x68, 0x00, 0x00, 0x00, 0x00,
    0x00, 0xb9, 0x18, 0x84, 0x4d, 0x00, 0x00, 0x00, 0x00, 0x00, 0x00, 0x00, 0x00, 0x00, 0x00, 0x00,
    0x00, 0x00, 0x00, 0x00, 0x00, 0x00, 0x00, 0x00, 0x00, 0x13, 0xd2, 0x00, 0x00, 0x00, 0x00, 0x13,
    0xd2, 0x00, 0x20, 0xf0, 0x00, 0x00, 0x00, 0x00, 0x20, 0xf0, 0x00, 0x20, 0xf0, 0x00, 0x00, 0x00,
    0x00, 0x20, 0xf0, 0x00, 0x20, 0xf0, 0x00, 0x00, 0x00, 0x00, 0x20, 0xf0, 0x00, 0x20, 0xf0, 0x00,
    0x00, 0x00, 0x00, 0x20, 0xf0, 0x00, 0x20, 0xf0, 0x00, 0x00, 0x00, 0x00, 0x20, 0xf0, 0x00, 0x10,
    0xfb, 0x02, 0x00, 0x00, 0x00, 0x2e, 0xe5, 0x00, 0x00, 0xec, 0x2f, 0x00, 0x00, 0x00, 0x60, 0xbf,
    0x00, 0x00, 0x7e, 0xc4, 0x1e, 0x00, 0x30, 0xdf, 0x5a, 0x00, 0x00, 0x04, 0x7b, 0xd9, 0xef, 0xd9,
    0x68, 0x00, 0x00, 0x00, 0x00, 0x00, 0x00, 0x00, 0x13, 0x64, 0x00, 0x00, 0x00, 0x00, 0x00, 0x00,
    0x00, 0xa2, 0x66, 0x00, 0x00, 0x00, 0x00, 0x00, 0x00, 0x2a, 0x9c, 0x00, 0x00, 0x00, 0x00, 0x00,
    0x00, 0x00, 0x00, 0x00, 0x00, 0x00, 0x00, 0x2a, 0xce, 0x09, 0x00, 0x00, 0x00, 0x18, 0xd9, 0x04,
    0x00, 0xae, 0x8e, 0x00, 0x00, 0x00, 0xb2, 0x80, 0x00, 0x00, 0x16, 0xe8, 0x3d, 0x00, 0x60, 0xce,
    0x05, 0x00, 0x00, 0x00, 0x54, 0xdc, 0x27, 0xe9, 0x2d, 0x00, 0x00, 0x00, 0x00, 0x00, 0xa8, 0xfa,
    0x7a, 0x00, 0x00, 0x00, 0x00, 0x00, 0x00, 0x30, 0xff, 0x03, 0x00, 0x00, 0x00, 0x00, 0x00, 0x00,
    0x20, 0xf0, 0x00, 0x00, 0x00, 0x00, 0x00, 0x00, 0x00, 0x20, 0xf0, 0x00, 0x00, 0x00, 0x00, 0x00,
    0x00, 0x00, 0x20, 0xf0, 0x00, 0x00, 0x00, 0x00, 0x00, 0x00, 0x00, 0x14, 0xd3, 0x00, 0x00, 0x00,
    0x00, 0x12, 0xd1, 0x00, 0x00, 0x00, 0x00, 0x00, 0x00, 0x20, 0xf0, 0x00, 0x00, 0x00, 0x00, 0x00,
    0x00, 0x20, 0xfe, 0xe8, 0xe8, 0xe8, 0xd5, 0x80, 0x06, 0x20, 0xf0, 0x00, 0x00, 0x00, 0x1d, 0xbb,
    0x87, 0x20, 0xf0, 0x00, 0x00, 0x00, 0x00, 0x35, 0xd9, 0x20, 0xf0, 0x00, 0x00, 0x00, 0x00, 0x37,
    0xd9, 0x20, 0xf0, 0x00, 0x00, 0x00, 0x1c, 0xbb, 0x86, 0x20, 0xfe, 0xe8, 0xe8, 0xe9, 0xd6, 0x80,
    0x06, 0x20, 0xf0, 0x00, 0x00, 0x00, 0x00, 0x00, 0x00, 0x13, 0xd4, 0x00, 0x00, 0x00, 0x00, 0x00,
    0x00, 0x00, 0x1d, 0xb4, 0xe9, 0xda, 0x4e, 0x00, 0x00, 0x00, 0xbb, 0x81, 0x02, 0x49, 0xe1, 0x00,
    0x00, 0x08, 0xfc, 0x08, 0x00, 0x5a, 0xb9, 0x00, 0x00, 0x1f, 0xf0, 0x00, 0x4d, 0xce, 0x1e, 0x00,
    0x00, 0x20, 0xf0, 0x0c, 0xf0, 0x16, 0x00, 0x00, 0x00, 0x20, 0xf0, 0x08, 0xed, 0x75, 0x11, 0x00,
    0x00, 0x20, 0xf0, 0x00, 0x27, 0x9b, 0xe6, 0xb3, 0x26, 0x20, 0xf0, 0x00, 0x00, 0x00, 0x03, 0x76,
    0xce, 0x20, 0xf0, 0x00, 0x66, 0x24, 0x00, 0x56, 0xd5, 0x14, 0xd1, 0x00, 0x57, 0xd2, 0xe9, 0xc8,
    0x30, 0x00, 0x00, 0x0c, 0x00, 0x00, 0x00, 0x00, 0x00, 0x2a, 0xc9, 0x00, 0x00, 0x00, 0x00, 0x00,
    0x00, 0xa8, 0x45, 0x00, 0x00, 0x00, 0x00, 0x00, 0x1b, 0x97, 0x00, 0x00, 0x00, 0x00, 0x00, 0x00,
    0x00, 0x00, 0x00, 0x00, 0x00, 0x74, 0xd8, 0xee, 0xd1, 0x30, 0x00, 0x00, 0x6a, 0x1b, 0x00, 0x67,
    0xc1, 0x00, 0x00, 0x00, 0x00, 0x00, 0x23, 0xeb, 0x00, 0x00, 0x5f, 0xca, 0xe6, 0xff, 0xfa, 0x00,
    0x0f, 0xfa, 0x38, 0x02, 0x37, 0xf0, 0x00, 0x0c, 0xf7, 0x2b, 0x09, 0xab, 0xf0, 0x00, 0x00, 0x58,
    0xe7, 0xe0, 0x69, 0xd3, 0x00, 0x00, 0x00, 0x00, 0x00, 0x0b, 0x02, 0x00, 0x00, 0x00, 0x00, 0x00,
    0xb6, 0x3c, 0x00, 0x00, 0x00, 0x00, 0x32, 0xbc, 0x00, 0x00, 0x00, 0x00, 0x00, 0x8b, 0x2b, 0x00,
    0x00, 0x00, 0x00, 0x00, 0x00, 0x00, 0x00, 0x00, 0x00, 0x74, 0xd8, 0xee, 0xd1, 0x30, 0x00, 0x00,
    0x6a, 0x1b, 0x00, 0x67, 0xc1, 0x00, 0x00, 0x00, 0x00, 0x00, 0x23, 0xeb, 0x00, 0x00, 0x5f, 0xca,
    0xe6, 0xff, 0xfa, 0x00, 0x0f, 0xfa, 0x38, 0x02, 0x37, 0xf0, 0x00, 0x0c, 0xf7, 0x2b, 0x09, 0xab,
    0xf0, 0x00, 0x00, 0x58, 0xe7, 0xe0, 0x69, 0xd3, 0x00, 0x00, 0x00, 0x00, 0x1a, 0x00, 0x00, 0x00,
    0x00, 0x00, 0x27, 0xf4, 0x55, 0x00, 0x00, 0x00, 0x00, 0xa4, 0x45, 0xc3, 0x02, 0x00, 0x00, 0x13,
    0x96, 0x00, 0x6b, 0x3f, 0x00, 0x00, 0x00, 0x00, 0x00, 0x00, 0x00, 0x00, 0x00, 0x74, 0xd8, 0xee,
    0xd1, 0x30, 0x00, 0x00, 0x6a, 0x1b, 0x00, 0x67, 0xc1, 0x00, 0x00, 0x00, 0x00, 0x00, 0x23, 0xeb,
    0x00, 0x00, 0x5f, 0xca, 0xe6, 0xff, 0xfa, 0x00, 0x0f, 0xfa, 0x38, 0x02, 0x37, 0xf0, 0x00, 0x0c,
    0xf7, 0x2b, 0x09, 0xab, 0xf0, 0x00, 0x00, 0x58, 0xe7, 0xe0, 0x69, 0xd3, 0x00, 0x00, 0x00, 0x00,
    0x00, 0x00, 0x00, 0x00, 0x00, 0x29, 0xd2, 0x8a, 0x07, 0x9c, 0x00, 0x00, 0x82, 0x1d, 0x5d, 0xd3,
    0x4c, 0x00, 0x00, 0x00, 0x00, 0x00, 0x00, 0x00, 0x00, 0x00, 0x74, 0xd8, 0xee, 0xd1, 0x30, 0x00,
    0x00, 0x6a, 0x1b, 0x00, 0x67, 0xc1, 0x00, 0x00, 0x00, 0x00, 0x00, 0x23, 0xeb, 0x00, 0x00, 0x5f,
    0xca, 0xe6, 0xff, 0xfa, 0x00, 0x0f, 0xfa, 0x38, 0x02, 0x37, 0xf0, 0x00, 0x0c, 0xf7, 0x2b, 0x09,
    0xab, 0xf0, 0x00, 0x00, 0x58, 0xe7, 0xe0, 0x69, 0xd3, 0x00, 0x00, 0x16, 0xbf, 0x00, 0xb1, 0x24,
    0x00, 0x00, 0x00, 0x00, 0x00, 0x00, 0x00, 0x00, 0x00, 0x00, 0x00, 0x00, 0x00, 0x00, 0x00, 0x00,
    0x74, 0xd8, 0xee, 0xd1, 0x30, 0x00, 0x00, 0x6a, 0x1b, 0x00, 0x67, 0xc1, 0x00, 0x00, 0x00, 0x00,
    0x00, 0x23, 0xeb, 0x00, 0x00, 0x5f, 0xca, 0xe6, 0xff, 0xfa, 0x00, 0x0f, 0xfa, 0x38, 0x02, 0x37,
    0xf0, 0x00, 0x0c, 0xf7, 0x2b, 0x09, 0xab, 0xf0, 0x00, 0x00, 0x58, 0xe7, 0xe0, 0x69, 0xd3, 0x00,
    0x00, 0x00, 0x6c, 0xda, 0xd6, 0x55, 0x00, 0x00, 0x05, 0xfa, 0x23, 0x4f, 0xe3, 0x00, 0x00, 0x00,
    0x6e, 0xdd, 0xd9, 0x57, 0x00, 0x00, 0x00, 0x00, 0x00, 0x00, 0x00, 0x00, 0x00, 0x74, 0xd8, 0xee,
    0xd1, 0x30, 0x00, 0x00, 0x6a, 0x1b, 0x00, 0x67, 0xc1, 0x00, 0x00, 0x00, 0x00, 0x00, 0x23, 0xeb,
    0x00, 0x00, 0x4e, 0xb9, 0xdf, 0xff, 0xff, 0x00, 0x0d, 0xf7, 0x41, 0x07, 0x37, 0xf0, 0x00, 0x0b,
    0xf4, 0x2b, 0x09, 0xbe, 0xff, 0x00, 0x00, 0x42, 0xd6, 0xf0, 0xd1, 0xf4, 0x00, 0x00, 0x7a, 0xda,
    0xed, 0xca, 0x25, 0x83, 0xe4, 0xe2, 0x8d, 0x05, 0x01, 0x6b, 0x17, 0x00, 0x6d, 0xfa, 0x9f, 0x09,
    0x0b, 0xbe, 0x75, 0x00, 0x00, 0x00, 0x00, 0x24, 0xff, 0x1b, 0x00, 0x00, 0x42, 0xcb, 0x00, 0x5f,
    0xca, 0xe5, 0xff, 0xff, 0xe8, 0xe8, 0xe8, 0xf0, 0xd5, 0x0f, 0xfa, 0x34, 0x01, 0x39, 0xff, 0x17,
    0x00, 0x00, 0x00, 0x00, 0x0c, 0xf7, 0x2b, 0x05, 0xa9, 0xd1, 0xa3, 0x0b, 0x01, 0x47, 0x38, 0x00,
    0x55, 0xe5, 0xe6, 0x81, 0x08, 0x97, 0xe9, 0xe8, 0xaf, 0x22, 0x00, 0x0f, 0xa0, 0xe7, 0xe3, 0x7c,
    0x00, 0x00, 0xa3, 0xa3, 0x0b, 0x0b, 0x64, 0x00, 0x03, 0xfa, 0x17, 0x00, 0x00, 0x00, 0x00, 0x19,
    0xf7, 0x00, 0x00, 0x00, 0x00, 0x00, 0x07, 0xf8, 0x18, 0x00, 0x00, 0x00, 0x00, 0x00, 0xa1, 0xa5,
    0x0a, 0x0b, 0x62, 0x00, 0x00, 0x0d, 0xa1, 0xff, 0xf0, 0x7a, 0x00, 0x00, 0x00, 0x00, 0x9e, 0xde,
    0x21, 0x00, 0x00, 0x00, 0x02, 0x05, 0x7e, 0x55, 0x00, 0x00, 0x00, 0x24, 0xdd, 0xc7, 0x10, 0x00,
    0x00, 0x00, 0x0d, 0x00, 0x00, 0x00, 0x00, 0x00, 0x14, 0xdd, 0x05, 0x00, 0x00, 0x00, 0x00, 0x00,
    0x90, 0x61, 0x00, 0x00, 0x00, 0x00, 0x00, 0x0f, 0xa7, 0x00, 0x00, 0x00, 0x00, 0x00, 0x00, 0x00,
    0x00, 0x00, 0x00, 0x00, 0x07, 0x8e, 0xe6, 0xe1, 0x8c, 0x05, 0x00, 0x95, 0xa4, 0x0a, 0x09, 0xb8,
    0x72, 0x06, 0xf6, 0x1c, 0x00, 0x00, 0x42, 0xcc, 0x19, 0xff, 0xe8, 0xe8, 0xe8, 0xf0, 0xd3, 0x07,
    0xf8, 0x18, 0x00, 0x00, 0x00, 0x00, 0x00, 0x9c, 0xa9, 0x0e, 0x00, 0x3a, 0x3f, 0x00, 0x09, 0x93,
    0xe9, 0xe9, 0xb8, 0x2f, 0x00, 0x00, 0x00, 0x00, 0x07, 0x05, 0x00, 0x00, 0x00, 0x00, 0x00, 0x9e,
    0x58, 0x00, 0x00, 0x00, 0x00, 0x1e, 0xce, 0x04, 0x00, 0x00, 0x00, 0x00, 0x77, 0x3f, 0x00, 0x00,
    0x00, 0x00, 0x00, 0x00, 0x00, 0x00, 0x00, 0x00, 0x07, 0x8e, 0xe6, 0xe1, 0x8c, 0x05, 0x00, 0x95,
    0xa4, 0x0a, 0x09, 0xb8, 0x72, 0x06, 0xf6, 0x1c, 0x00, 0x00, 0x42, 0xcc, 0x19, 0xff, 0xe8, 0xe8,
    0xe8, 0xf0, 0xd3, 0x07, 0xf8, 0x18, 0x00, 0x00, 0x00, 0x00, 0x00, 0x9c, 0xa9, 0x0e, 0x00, 0x3a,
    0x3f, 0x00, 0x09, 0x93, 0xe9, 0xe9, 0xb8, 0x2f, 0x00, 0x00, 0x00, 0x0c, 0x0c, 0x00, 0x00, 0x00,
    0x00, 0x00, 0xba, 0xba, 0x00, 0x00, 0x00, 0x00, 0x40, 0x98, 0x99, 0x3f, 0x00, 0x00, 0x00, 0x95,
    0x15, 0x15, 0x94, 0x00, 0x00, 0x00, 0x00, 0x00, 0x00, 0x00, 0x00, 0x00, 0x07, 0x8e, 0xe6, 0xe1,
    0x8c, 0x05, 0x00, 0x95, 0xa4, 0x0a, 0x09, 0xb8, 0x72, 0x06, 0xf6, 0x1c, 0x00, 0x00, 0x42, 0xcc,
    0x19, 0xff, 0xe8, 0xe8, 0xe8, 0xf0, 0xd3, 0x07, 0xf8, 0x18, 0x00, 0x00, 0x00, 0x00, 0x00, 0x9c,
    0xa9, 0x0e, 0x00, 0x3a, 0x3f, 0x00, 0x09, 0x93, 0xe9, 0xe9, 0xb8, 0x2f, 0x00, 0x06, 0xc9, 0x08,
    0x9e, 0x37, 0x00, 0x00, 0x00, 0x00, 0x00, 0x00, 0x00, 0x00, 0x00, 0x00, 0x00, 0x00, 0x00, 0x00,
    0x00, 0x00, 0x07, 0x8e, 0xe6, 0xe1, 0x8c, 0x05, 0x00, 0x95, 0xa4, 0x0a, 0x09, 0xb8, 0x72, 0x06,
    0xf6, 0x1c, 0x00, 0x00, 0x42, 0xcc, 0x19, 0xff, 0xe8, 0xe8, 0xe8, 0xf0, 0xd3, 0x07, 0xf8, 0x18,
    0x00, 0x00, 0x00, 0x00, 0x00, 0x9c, 0xa9, 0x0e, 0x00, 0x3a, 0x3f, 0x00, 0x09, 0x93, 0xe9, 0xe9,
    0xb8, 0x2f, 0x01, 0x0b, 0x00, 0x00, 0x30, 0xc2, 0x00, 0x00, 0x00, 0xb0, 0x3d, 0x00, 0x00, 0x20,
    0x92, 0x00, 0x00, 0x00, 0x00, 0x00, 0x00, 0x13, 0xd1, 0x00, 0x00, 0x20, 0xf0, 0x00, 0x00, 0x20,
    0xf0, 0x00, 0x00, 0x20, 0xf0, 0x00, 0x00, 0x20, 0xf0, 0x00, 0x00, 0x20, 0xf0, 0x00, 0x00, 0x13,
    0xd2, 0x00, 0x00, 0x00, 0x0b, 0x01, 0x00, 0x00, 0xbe, 0x34, 0x00, 0x39, 0xb5, 0x00, 0x00, 0x90,
    0x25, 0x00, 0x00, 0x00, 0x00, 0x00, 0x13, 0xd1, 0x00, 0x00, 0x20, 0xf0, 0x00, 0x00, 0x20, 0xf0,
    0x00, 0x00, 0x20, 0xf0, 0x00, 0x00, 0x20, 0xf0, 0x00, 0x00, 0x20, 0xf0, 0x00, 0x00, 0x13, 0xd2,
    0x00, 0x00, 0x00, 0x00, 0x16, 0x00, 0x00, 0x00, 0x55, 0xf4, 0x26, 0x00, 0x02, 0xc2, 0x45, 0xa0,
    0x00, 0x3f, 0x67, 0x00, 0x96, 0x10, 0x00, 0x00, 0x00, 0x00, 0x00, 0x00, 0x13, 0xd1, 0x00, 0x00,
    0x00, 0x20, 0xf0, 0x00, 0x00, 0x00, 0x20, 0xf0, 0x00, 0x00, 0x00, 0x20, 0xf0, 0x00, 0x00, 0x00,
    0x20, 0xf0, 0x00, 0x00, 0x00, 0x20, 0xf0, 0x00, 0x00, 0x00, 0x13, 0xd2, 0x00, 0x00, 0x1b, 0xba,
    0x00, 0xb7, 0x1e, 0x00, 0x00, 0x00, 0x00, 0x00, 0x00, 0x00, 0x00, 0x00, 0x00, 0x00, 0x13, 0xd1,
    0x00, 0x00, 0x00, 0x20, 0xf0, 0x00, 0x00, 0x00, 0x20, 0xf0, 0x00, 0x00, 0x00, 0x20, 0xf0, 0x00,
    0x00, 0x00, 0x20, 0xf0, 0x00, 0x00, 0x00, 0x20, 0xf0, 0x00, 0x00, 0x00, 0x13, 0xd2, 0x00, 0x00,
    0x00, 0x00, 0x41, 0x0a, 0x00, 0x29, 0x0b, 0x00, 0x00, 0x7e, 0xe6, 0xbe, 0xbc, 0x14, 0x00, 0x0a,
    0x93, 0xd6, 0xe4, 0x52, 0x00, 0x00, 0x17, 0x50, 0x02, 0x19, 0xe3, 0x1c, 0x00, 0x0b, 0x9c, 0xe4,
    0xc8, 0xac, 0x85, 0x00, 0xa1, 0xae, 0x0b, 0x19, 0xe7, 0xc9, 0x07, 0xf8, 0x1d, 0x00, 0x00, 0x53,
    0xf0, 0x1a, 0xf8, 0x00, 0x00, 0x00, 0x29, 0xdb, 0x07, 0xf9, 0x15, 0x00, 0x00, 0x4c, 0xb8, 0x00,
    0xa3, 0x9e, 0x07, 0x10, 0xc1, 0x53, 0x00, 0x0f, 0xa7, 0xee, 0xe7, 0x80, 0x00, 0x00, 0x00, 0x00,
    0x00, 0x00, 0x00, 0x00, 0x00, 0x3a, 0xd5, 0x63, 0x2c, 0x6b, 0x00, 0x00, 0x8e, 0x0c, 0x86, 0xc9,
    0x18, 0x00, 0x00, 0x00, 0x00, 0x00, 0x00, 0x00, 0x00, 0x13, 0xd1, 0x6c, 0xe5, 0xe4, 0x42, 0x00,
    0x20, 0xff, 0x76, 0x01, 0x6e, 0xc8, 0x00, 0x20, 0xfc, 0x06, 0x00, 0x27, 0xeb, 0x00, 0x20, 0xf0,
    0x00, 0x00, 0x20, 0xf0, 0x00, 0x20, 0xf0, 0x00, 0x00, 0x20, 0xf0, 0x00, 0x20, 0xf0, 0x00, 0x00,
    0x20, 0xf0, 0x00, 0x14, 0xd3, 0x00, 0x00, 0x13, 0xd2, 0x00, 0x00, 0x00, 0x0d, 0x00, 0x00, 0x00,
    0x00, 0x00, 0x18, 0xd8, 0x03, 0x00, 0x00, 0x00, 0x00, 0x00, 0x94, 0x59, 0x00, 0x00, 0x00, 0x00,
    0x00, 0x11, 0xa2, 0x00, 0x00, 0x00, 0x00, 0x00, 0x00, 0x00, 0x00, 0x00, 0x00, 0x00, 0x0c, 0x9a,
    0xe3, 0xe8, 0x85, 0x03, 0x00, 0x9d, 0x9a, 0x06, 0x13, 0xc5, 0x73, 0x02, 0xf7, 0x12, 0x00, 0x00,
    0x46, 0xd0, 0x18, 0xf6, 0x00, 0x00, 0x00, 0x29, 0xe8, 0x07, 0xf9, 0x17, 0x00, 0x00, 0x4e, 0xcc,
    0x00, 0xa3, 0xa1, 0x08, 0x11, 0xc2, 0x6e, 0x00, 0x0e, 0xa5, 0xed, 0xdf, 0x82, 0x03, 0x00, 0x00,
    0x00, 0x00, 0x08, 0x04, 0x00, 0x00, 0x00, 0x00, 0x00, 0xa2, 0x50, 0x00, 0x00, 0x00, 0x00, 0x21,
    0xca, 0x02, 0x00, 0x00, 0x00, 0x00, 0x7a, 0x3b, 0x00, 0x00, 0x00, 0x00, 0x00, 0x00, 0x00, 0x00,
    0x00, 0x00, 0x0c, 0x9a, 0xe3, 0xe8, 0x85, 0x03, 0x00, 0x9d, 0x9a, 0x06, 0x13, 0xc5, 0x73, 0x02,
    0xf7, 0x12, 0x00, 0x00, 0x46, 0xd0, 0x18, 0xf6, 0x00, 0x00, 0x00, 0x29, 0xe8, 0x07, 0xf9, 0x17,
    0x00, 0x00, 0x4e, 0xcc, 0x00, 0xa3, 0xa1, 0x08, 0x11, 0xc2, 0x6e, 0x00, 0x0e, 0xa5, 0xed, 0xdf,
    0x82, 0x03, 0x00, 0x00, 0x00, 0x10, 0x08, 0x00, 0x00, 0x00, 0x00, 0x01, 0xca, 0xa5, 0x00, 0x00,
    0x00, 0x00, 0x57, 0x80, 0xaf, 0x29, 0x00, 0x00, 0x00, 0xa0, 0x0a, 0x24, 0x85, 0x00, 0x00, 0x00,
    0x00, 0x00, 0x00, 0x00, 0x00, 0x00, 0x0c, 0x9a, 0xe3, 0xe8, 0x85, 0x03, 0x00, 0x9d, 0x9a, 0x06,
    0x13, 0xc5, 0x73, 0x02, 0xf7, 0x12, 0x00, 0x00, 0x46, 0xd0, 0x18, 0xf6, 0x00, 0x00, 0x00, 0x29,
    0xe8, 0x07, 0xf9, 0x17, 0x00, 0x00, 0x4e, 0xcc, 0x00, 0xa3, 0xa1, 0x08, 0x11, 0xc2, 0x6e, 0x00,
    0x0e, 0xa5, 0xed, 0xdf, 0x82, 0x03, 0x00, 0x00, 0x00, 0x00, 0x00, 0x00, 0x00, 0x00, 0x10, 0xc5,
    0xb4, 0x17, 0x81, 0x26, 0x00, 0x5b, 0x4a, 0x2d, 0xc7, 0xa0, 0x00, 0x00, 0x00, 0x00, 0x00, 0x00,
    0x00, 0x00, 0x00, 0x0c, 0x9a, 0xe3, 0xe8, 0x85, 0x03, 0x00, 0x9d, 0x9a, 0x06, 0x13, 0xc5, 0x73,
    0x02, 0xf7, 0x12, 0x00, 0x00, 0x46, 0xd0, 0x18, 0xf6, 0x00, 0x00, 0x00, 0x29, 0xe8, 0x07, 0xf9,
    0x17, 0x00, 0x00, 0x4e, 0xcc, 0x00, 0xa3, 0xa1, 0x08, 0x11, 0xc2, 0x6e, 0x00, 0x0e, 0xa5, 0xed,
    0xdf, 0x82, 0x03, 0x00, 0x08, 0xc8, 0x04, 0xa1, 0x34, 0x00, 0x00, 0x00, 0x00, 0x00, 0x00, 0x00,
    0x00, 0x00, 0x00, 0x00, 0x00, 0x00, 0x00, 0x00, 0x00, 0x0c, 0x9a, 0xe3, 0xe8, 0x85, 0x03, 0x00,
    0x9d, 0x9a, 0x06, 0x13, 0xc5, 0x73, 0x02, 0xf7, 0x12, 0x00, 0x00, 0x46, 0xd0, 0x18, 0xf6, 0x00,
    0x00, 0x00, 0x29, 0xe8, 0x07, 0xf9, 0x17, 0x00, 0x00, 0x4e, 0xcc, 0x00, 0xa3, 0xa1, 0x08, 0x11,
    0xc2, 0x6e, 0x00, 0x0e, 0xa5, 0xed, 0xdf, 0x82, 0x03, 0x00, 0x00, 0x00, 0x8a, 0x3a, 0x00, 0x00,
    0x00, 0x00, 0x00, 0x00, 0x00, 0x00, 0x00, 0x00, 0x00, 0x00, 0x00, 0x00, 0x00, 0x00, 0x00, 0x00,
    0x00, 0x3a, 0xe7, 0xe8, 0xe8, 0xe8, 0xe8, 0xe1, 0x11, 0x00, 0x00, 0x00, 0x00, 0x00, 0x00, 0x00,
    0x00, 0x00, 0x00, 0x00, 0x00, 0x00, 0x00, 0x00, 0x00, 0x00, 0x00, 0x00, 0x8b, 0x3b, 0x00, 0x00,
    0x00, 0x00, 0x00, 0x00, 0x00, 0x00, 0x00, 0x00, 0x00, 0x00, 0x00, 0x00, 0x00, 0x00, 0x4c, 0x00,
    0x00, 0x0c, 0x9a, 0xe3, 0xff, 0xff, 0x03, 0x00, 0x9d, 0x9a, 0x06, 0xc7, 0xed, 0x73, 0x02, 0xf7,
    0x12, 0x40, 0x99, 0x46, 0xd0, 0x18, 0xf6, 0x00, 0xbe, 0x1a, 0x29, 0xe8, 0x07, 0xf9, 0x68, 0x87,
    0x00, 0x4e, 0xcc, 0x00, 0xa7, 0xff, 0x18, 0x11, 0xc2, 0x6e, 0x00, 0x70, 0xff, 0xed, 0xdf, 0x82,
    0x03, 0x00, 0x5c, 0x08, 0x00, 0x00, 0x00, 0x00, 0x00, 0x00, 0x0d, 0x00, 0x00, 0x00, 0x00, 0x00,
    0x11, 0xde, 0x06, 0x00, 0x00, 0x00, 0x00, 0x00, 0x8c, 0x61, 0x00, 0x00, 0x00, 0x00, 0x00, 0x0d,
    0xa5, 0x00, 0x00, 0x00, 0x00, 0x00, 0x00, 0x00, 0x00, 0x00, 0x00, 0x14, 0xd4, 0x00, 0x00, 0x13,
    0xd4, 0x00, 0x20, 0xf0, 0x00, 0x00, 0x20, 0xf0, 0x00, 0x20, 0xf0, 0x00, 0x00, 0x20, 0xf0, 0x00,
    0x20, 0xf0, 0x00, 0x00, 0x20, 0xf0, 0x00, 0x1b, 0xf6, 0x00, 0x00, 0x34, 0xf0, 0x00, 0x04, 0xf2,
    0x3e, 0x05, 0xb0, 0xf0, 0x00, 0x00, 0x63, 0xed, 0xdd, 0x60, 0xd3, 0x00, 0x00, 0x00, 0x00, 0x00,
    0x07, 0x06, 0x00, 0x00, 0x00, 0x00, 0x00, 0x9a, 0x5a, 0x00, 0x00, 0x00, 0x00, 0x1b, 0xce, 0x04,
    0x00, 0x00, 0x00, 0x00, 0x73, 0x42, 0x00, 0x00, 0x00, 0x00, 0x00, 0x00, 0x00, 0x00, 0x00, 0x14,
    0xd4, 0x00, 0x00, 0x13, 0xd4, 0x00, 0x20, 0xf0, 0x00, 0x00, 0x20, 0xf0, 0x00, 0x20, 0xf0, 0x00,
    0x00, 0x20, 0xf0, 0x00, 0x20, 0xf0, 0x00, 0x00, 0x20, 0xf0, 0x00, 0x1b, 0xf6, 0x00, 0x00, 0x34,
    0xf0, 0x00, 0x04, 0xf2, 0x3e, 0x05, 0xb0, 0xf0, 0x00, 0x00, 0x63, 0xed, 0xdd, 0x60, 0xd3, 0x00,
    0x00, 0x00, 0x00, 0x18, 0x00, 0x00, 0x00, 0x00, 0x00, 0x4d, 0xf6, 0x30, 0x00, 0x00, 0x00, 0x00,
    0xc0, 0x43, 0xab, 0x00, 0x00, 0x00, 0x36, 0x72, 0x00, 0x90, 0x19, 0x00, 0x00, 0x00, 0x00, 0x00,
    0x00, 0x00, 0x00, 0x14, 0xd4, 0x00, 0x00, 0x13, 0xd4, 0x00, 0x20, 0xf0, 0x00, 0x00, 0x20, 0xf0,
    0x00, 0x20, 0xf0, 0x00, 0x00, 0x20, 0xf0, 0x00, 0x20, 0xf0, 0x00, 0x00, 0x20, 0xf0, 0x00, 0x1b,
    0xf6, 0x00, 0x00, 0x34, 0xf0, 0x00, 0x04, 0xf2, 0x3e, 0x05, 0xb0, 0xf0, 0x00, 0x00, 0x63, 0xed,
    0xdd, 0x60, 0xd3, 0x00, 0x00, 0x04, 0xc9, 0x0b, 0x9b, 0x3a, 0x00, 0x00, 0x00, 0x00, 0x00, 0x00,
    0x00, 0x00, 0x00, 0x00, 0x00, 0x00, 0x00, 0x00, 0x00, 0x14, 0xd4, 0x00, 0x00, 0x13, 0xd4, 0x00,
    0x20, 0xf0, 0x00, 0x00, 0x20, 0xf0, 0x00, 0x20, 0xf0, 0x00, 0x00, 0x20, 0xf0, 0x00, 0x20, 0xf0,
    0x00, 0x00, 0x20, 0xf0, 0x00, 0x1b, 0xf6, 0x00, 0x00, 0x34, 0xf0, 0x00, 0x04, 0xf2, 0x3e, 0x05,
    0xb0, 0xf0, 0x00, 0x00, 0x63, 0xed, 0xdd, 0x60, 0xd3, 0x00, 0x00, 0x00, 0x00, 0x00, 0x0d, 0x00,
    0x00, 0x00, 0x00, 0x00, 0x05, 0xdc, 0x11, 0x00, 0x00, 0x00, 0x00, 0x62, 0x8d, 0x00, 0x00, 0x00,
    0x00, 0x00, 0xa7, 0x0e, 0x00, 0x00, 0x00, 0x00, 0x00, 0x00, 0x00, 0x00, 0x00, 0x8f, 0x60, 0x00,
    0x00, 0x00, 0x9f, 0x44, 0x58, 0xc6, 0x00, 0x00, 0x10, 0xf0, 0x11, 0x08, 0xee, 0x23, 0x00, 0x65,
    0xa8, 0x00, 0x00, 0x95, 0x7e, 0x00, 0xc3, 0x46, 0x00, 0x00, 0x34, 0xd9, 0x21, 0xe0, 0x02, 0x00,
    0x00, 0x00, 0xd2, 0xb3, 0x82, 0x00, 0x00, 0x00, 0x00, 0x71, 0xff, 0x21, 0x00, 0x00, 0x00, 0x00,
    0x5e, 0xbe, 0x00, 0x00, 0x00, 0x00, 0x00, 0xbc, 0x5c, 0x00, 0x00, 0x00, 0x00, 0x04, 0xdd, 0x09,
    0x00, 0x00, 0x00, 0x13, 0xd1, 0x00, 0x00, 0x00, 0x00, 0x00, 0x00, 0x20, 0xf0, 0x00, 0x00, 0x00,
    0x00, 0x00, 0x00, 0x20, 0xf0, 0x00, 0x00, 0x00, 0x00, 0x00, 0x00, 0x20, 0xf0, 0x61, 0xdd, 0xef,
    0x95, 0x05, 0x00, 0x20, 0xff, 0x97, 0x06, 0x14, 0xc7, 0x79, 0x00, 0x20, 0xfe, 0x12, 0x00, 0x00,
    0x47, 0xd1, 0x00, 0x20, 0xf6, 0x00, 0x00, 0x00, 0x29, 0xea, 0x00, 0x20, 0xff, 0x16, 0x00, 0x00,
    0x4e, 0xd1, 0x00, 0x20, 0xff, 0x9c, 0x07, 0x11, 0xc2, 0x79, 0x00, 0x20, 0xf0, 0x64, 0xe1, 0xed,
    0x95, 0x05, 0x00, 0x20, 0xf0, 0x00, 0x00, 0x00, 0x00, 0x00, 0x00, 0x20, 0xf0, 0x00, 0x00, 0x00,
    0x00, 0x00, 0x00, 0x14, 0xd1, 0x00, 0x00, 0x00, 0x00, 0x00, 0x00, 0x00, 0x3a, 0x9b, 0x08, 0xc8,
    0x04, 0x00, 0x00, 0x00, 0x00, 0x00, 0x00, 0x00, 0x00, 0x00, 0x00, 0x00, 0x00, 0x00, 0x00, 0x00,
    0x8f, 0x60, 0x00, 0x00, 0x00, 0x9f, 0x44, 0x58, 0xc6, 0x00, 0x00, 0x10, 0xf0, 0x11, 0x08, 0xee,
    0x23, 0x00, 0x65, 0xa8, 0x00, 0x00, 0x95, 0x7e, 0x00, 0xc3, 0x46, 0x00, 0x00, 0x34, 0xd9, 0x21,
    0xe0, 0x02, 0x00, 0x00, 0x00, 0xd2, 0xb3, 0x82, 0x00, 0x00, 0x00, 0x00, 0x71, 0xff, 0x21, 0x00,
    0x00, 0x00, 0x00, 0x5e, 0xbe, 0x00, 0x00, 0x00, 0x00, 0x00, 0xbc, 0x5c, 0x00, 0x00, 0x00, 0x00,
    0x04, 0xdd, 0x09, 0x00, 0x00, 0x00,
};

static const atlas_glyph_t NUNITO_REGULAR_13_GLYPHS[198] = {
    [ 0] = { .data_offset =     0, .w =   0, .h =   0, .offset_x =   0, .offset_y =   0, .advance =   215 },   // 0x20 ' '
    [ 1] = { .data_offset =     0, .w =   3, .h =  10, .offset_x =   0, .offset_y =   4, .advance =   190 },   // 0x21 '!'
    [ 2] = { .data_offset =    30, .w =   5, .h =  10, .offset_x =   0, .offset_y =   4, .advance =   326 },   // 0x22 '"'
    [ 3] = { .data_offset =    80, .w =   8, .h =  10, .offset_x =   0, .offset_y =   4, .advance =   499 },   // 0x23 '#'
    [ 4] = { .data_offset =   160, .w =   8, .h =  14, .offset_x =   0, .offset_y =   2, .advance =   499 },   // 0x24 '$'
    [ 5] = { .data_offset =   272, .w =  12, .h =  12, .offset_x =   0, .offset_y =   3, .advance =   774 },   // 0x25 '%'
    [ 6] = { .data_offset =   416, .w =   9, .h =  10, .offset_x =   0, .offset_y =   4, .advance =   577 },   // 0x26 '&'
    [ 7] = { .data_offset =   506, .w =   3, .h =  10, .offset_x =   0, .offset_y =   4, .advance =   184 },   // 0x27 '''
    [ 8] = { .data_offset =   536, .w =   4, .h =  14, .offset_x =   0, .offset_y =   3, .advance =   264 },   // 0x28 '('
    [ 9] = { .data_offset =   592, .w =   4, .h =  14, .offset_x =   0, .offset_y =   3, .advance =   264 },   // 0x29 ')'
    [10] = { .data_offset =   648, .w =   6, .h =  10, .offset_x =   0, .offset_y =   4, .advance =   374 },   // 0x2A '*'
    [11] = { .data_offset =   708, .w =   8, .h =   7, .offset_x =   0, .offset_y =   7, .advance =   499 },   // 0x2B '+'
    [12] = { .data_offset =   764, .w =   3, .h =   4, .offset_x =   0, .offset_y =  12, .advance =   190 },   // 0x2C ','
    [13] = { .data_offset =   776, .w =   6, .h =   4, .offset_x =   0, .offset_y =  10, .advance =   353 },   // 0x2D '-'
    [14] = { .data_offset =   800, .w =   3, .h =   2, .offset_x =   0, .offset_y =  12, .advance =   190 },   // 0x2E '.'
    [15] = { .data_offset =   806, .w =   5, .h =  12, .offset_x =  -1, .offset_y =   3, .advance =   235 },   // 0x2F '/'
    [16] = { .data_offset =   866, .w =   8, .h =  10, .offset_x =   0, .offset_y =   4, .advance =   499 },   // 0x30 '0'
    [17] = { .data_offset =   946, .w =   8, .h =  10, .offset_x =   0, .offset_y =   4, .advance =   499 },   // 0x31 '1'
    [18] = { .data_offset =  1026, .w =   8, .h =  10, .offset_x =   0, .offset_y =   4, .advance =   499 },   // 0x32 '2'
    [19] = { .data_offset =  1106, .w =   8, .h =  10, .offset_x =   0, .offset_y =   4, .advance =   499 },   // 0x33 '3'
    [20] = { .data_offset =  1186, .w =   8, .h =  10, .offset_x =   0, .offset_y =   4, .advance =   499 },   // 0x34 '4'
    [21] = { .data_offset =  1266, .w =   8, .h =  10, .offset_x =   0, .offset_y =   4, .advance =   499 },   // 0x35 '5'
    [22] = { .data_offset =  1346, .w =   8, .h =  10, .offset_x =   0, .offset_y =   4, .advance =   499 },   // 0x36 '6'
    [23] = { .data_offset =  1426, .w =   8, .h =  10, .offset_x =   0, .offset_y =   4, .advance =   499 },   // 0x37 '7'
    [24] = { .data_offset =  1506, .w =   8, .h =  10, .offset_x =   0, .offset_y =   4, .advance =   499 },   // 0x38 '8'
    [25] = { .data_offset =  1586, .w =   8, .h =  10, .offset_x =   0, .offset_y =   4, .advance =   499 },   // 0x39 '9'
    [26] = { .data_offset =  1666, .w =   3, .h =   7, .offset_x =   0, .offset_y =   7, .advance =   190 },   // 0x3A ':'
    [27] = { .data_offset =  1687, .w =   3, .h =   9, .offset_x =   0, .offset_y =   7, .advance =   190 },   // 0x3B ';'
    [28] = { .data_offset =  1714, .w =   8, .h =   8, .offset_x =   0, .offset_y =   6, .advance =   499 },   // 0x3C '<'
    [29] = { .data_offset =  1778, .w =   8, .h =   6, .offset_x =   0, .offset_y =   8, .advance =   499 },   // 0x3D '='
    [30] = { .data_offset =  1826, .w =   8, .h =   8, .offset_x =   0, .offset_y =   6, .advance =   499 },   // 0x3E '>'
    [31] = { .data_offset =  1890, .w =   7, .h =  10, .offset_x =  -1, .offset_y =   4, .advance =   369 },   // 0x3F '?'
    [32] = { .data_offset =  1960, .w =  12, .h =  13, .offset_x =   0, .offset_y =   4, .advance =   787 },   // 0x40 '@'
    [33] = { .data_offset =  2116, .w =  10, .h =  10, .offset_x =   0, .offset_y =   4, .advance =   607 },   // 0x41 'A'
    [34] = { .data_offset =  2216, .w =   9, .h =  10, .offset_x =   0, .offset_y =   4, .advance =   562 },   // 0x42 'B'
    [35] = { .data_offset =  2306, .w =   9, .h =  10, .offset_x =   0, .offset_y =   4, .advance =   560 },   // 0x43 'C'
    [36] = { .data_offset =  2396, .w =  10, .h =  10, .offset_x =   0, .offset_y =   4, .advance =   617 },   // 0x44 'D'
    [37] = { .data_offset =  2496, .w =   8, .h =  10, .offset_x =   0, .offset_y =   4, .advance =   485 },   // 0x45 'E'
    [38] = { .data_offset =  2576, .w =   7, .h =  10, .offset_x =   0, .offset_y =   4, .advance =   456 },   // 0x46 'F'
    [39] = { .data_offset =  2646, .w =   9, .h =  10, .offset_x =   0, .offset_y =   4, .advance =   604 },   // 0x47 'G'
    [40] = { .data_offset =  2736, .w =  10, .h =  10, .offset_x =   0, .offset_y =   4, .advance =   633 },   // 0x48 'H'
    [41] = { .data_offset =  2836, .w =   3, .h =  10, .offset_x =   0, .offset_y =   4, .advance =   214 },   // 0x49 'I'
    [42] = { .data_offset =  2866, .w =   5, .h =  10, .offset_x =  -1, .offset_y =   4, .advance =   270 },   // 0x4A 'J'
    [43] = { .data_offset =  2916, .w =   8, .h =  10, .offset_x =   0, .offset_y =   4, .advance =   520 },   // 0x4B 'K'
    [44] = { .data_offset =  2996, .w =   7, .h =  10, .offset_x =   0, .offset_y =   4, .advance =   452 },   // 0x4C 'L'
    [45] = { .data_offset =  3066, .w =  11, .h =  10, .offset_x =   0, .offset_y =   4, .advance =   711 },   // 0x4D 'M'
    [46] = { .data_offset =  3176, .w =  10, .h =  10, .offset_x =   0, .offset_y =   4, .advance =   616 },   // 0x4E 'N'
    [47] = { .data_offset =  3276, .w =  10, .h =  10, .offset_x =   0, .offset_y =   4, .advance =   638 },   // 0x4F 'O'
    [48] = { .data_offset =  3376, .w =   8, .h =  10, .offset_x =   0, .offset_y =   4, .advance =   527 },   // 0x50 'P'
    [49] = { .data_offset =  3456, .w =  10, .h =  13, .offset_x =   0, .offset_y =   4, .advance =   638 },   // 0x51 'Q'
    [50] = { .data_offset =  3586, .w =   9, .h =  10, .offset_x =   0, .offset_y =   4, .advance =   557 },   // 0x52 'R'
    [51] = { .data_offset =  3676, .w =   8, .h =  10, .offset_x =   0, .offset_y =   4, .advance =   512 },   // 0x53 'S'
    [52] = { .data_offset =  3756, .w =   9, .h =  10, .offset_x =  -1, .offset_y =   4, .advance =   501 },   // 0x54 'T'
    [53] = { .data_offset =  3846, .w =   9, .h =  10, .offset_x =   0, .offset_y =   4, .advance =   606 },   // 0x55 'U'
    [54] = { .data_offset =  3936, .w =   9, .h =  10, .offset_x =   0, .offset_y =   4, .advance =   573 },   // 0x56 'V'
    [55] = { .data_offset =  4026, .w =  14, .h =  10, .offset_x =   0, .offset_y =   4, .advance =   916 },   // 0x57 'W'
    [56] = { .data_offset =  4166, .w =   8, .h =  10, .offset_x =   0, .offset_y =   4, .advance =   541 },   // 0x58 'X'
    [57] = { .data_offset =  4246, .w =   9, .h =  10, .offset_x =  -1, .offset_y =   4, .advance =   496 },   // 0x59 'Y'
    [58] = { .data_offset =  4336, .w =   8, .h =  10, .offset_x =   0, .offset_y =   4, .advance =   490 },   // 0x5A 'Z'
    [59] = { .data_offset =  4416, .w =   5, .h =  13, .offset_x =   0, .offset_y =   4, .advance =   262 },   // 0x5B '['
    [60] = { .data_offset =  4481, .w =   5, .h =  12, .offset_x =  -1, .offset_y =   3, .advance =   235 },   // 0x5C '\'
    [61] = { .data_offset =  4541, .w =   4, .h =  13, .offset_x =   0, .offset_y =   4, .advance =   262 },   // 0x5D ']'
    [62] = { .data_offset =  4593, .w =   8, .h =   9, .offset_x =   0, .offset_y =   5, .advance =   499 },   // 0x5E '^'
    [63] = { .data_offset =  4665, .w =   7, .h =   1, .offset_x =   0, .offset_y =  14, .advance =   416 },   // 0x5F '_'
    [64] = { .data_offset =  4672, .w =   5, .h =  11, .offset_x =   0, .offset_y =   3, .advance =   296 },   // 0x60 '`'
    [65] = { .data_offset =  4727, .w =   7, .h =   7, .offset_x =   0, .offset_y =   7, .advance =   441 },   // 0x61 'a'
    [66] = { .data_offset =  4776, .w =   8, .h =  10, .offset_x =   0, .offset_y =   4, .advance =   485 },   // 0x62 'b'
    [67] = { .data_offset =  4856, .w =   7, .h =   7, .offset_x =   0, .offset_y =   7, .advance =   385 },   // 0x63 'c'
    [68] = { .data_offset =  4905, .w =   8, .h =  10, .offset_x =   0, .offset_y =   4, .advance =   485 },   // 0x64 'd'
    [69] = { .data_offset =  4985, .w =   7, .h =   7, .offset_x =   0, .offset_y =   7, .advance =   443 },   // 0x65 'e'
    [70] = { .data_offset =  5034, .w =   6, .h =  11, .offset_x =  -1, .offset_y =   3, .advance =   277 },   // 0x66 'f'
    [71] = { .data_offset =  5100, .w =   8, .h =  10, .offset_x =   0, .offset_y =   7, .advance =   488 },   // 0x67 'g'
    [72] = { .data_offset =  5180, .w =   7, .h =  10, .offset_x =   0, .offset_y =   4, .advance =   473 },   // 0x68 'h'
    [73] = { .data_offset =  5250, .w =   3, .h =  10, .offset_x =   0, .offset_y =   4, .advance =   193 },   // 0x69 'i'
    [74] = { .data_offset =  5280, .w =   4, .h =  13, .offset_x =  -1, .offset_y =   4, .advance =   196 },   // 0x6A 'j'
    [75] = { .data_offset =  5332, .w =   7, .h =  10, .offset_x =   0, .offset_y =   4, .advance =   416 },   // 0x6B 'k'
    [76] = { .data_offset =  5402, .w =   4, .h =  10, .offset_x =   0, .offset_y =   4, .advance =   246 },   // 0x6C 'l'
    [77] = { .data_offset =  5442, .w =  11, .h =   7, .offset_x =   0, .offset_y =   7, .advance =   712 },   // 0x6D 'm'
    [78] = { .data_offset =  5519, .w =   7, .h =   7, .offset_x =   0, .offset_y =   7, .advance =   473 },   // 0x6E 'n'
    [79] = { .data_offset =  5568, .w =   7, .h =   7, .offset_x =   0, .offset_y =   7, .advance =   463 },   // 0x6F 'o'
    [80] = { .data_offset =  5617, .w =   8, .h =  10, .offset_x =   0, .offset_y =   7, .advance =   485 },   // 0x70 'p'
    [81] = { .data_offset =  5697, .w =   8, .h =  10, .offset_x =   0, .offset_y =   7, .advance =   485 },   // 0x71 'q'
    [82] = { .data_offset =  5777, .w =   5, .h =   7, .offset_x =   0, .offset_y =   7, .advance =   298 },   // 0x72 'r'
    [83] = { .data_offset =  5812, .w =   6, .h =   7, .offset_x =   0, .offset_y =   7, .advance =   400 },   // 0x73 's'
    [84] = { .data_offset =  5854, .w =   6, .h =   9, .offset_x =  -1, .offset_y =   5, .advance =   291 },   // 0x74 't'
    [85] = { .data_offset =  5908, .w =   7, .h =   7, .offset_x =   0, .offset_y =   7, .advance =   467 },   // 0x75 'u'
    [86] = { .data_offset =  5957, .w =   7, .h =   7, .offset_x =   0, .offset_y =   7, .advance =   428 },   // 0x76 'v'
    [87] = { .data_offset =  6006, .w =  11, .h =   7, .offset_x =   0, .offset_y =   7, .advance =   700 },   // 0x77 'w'
    [88] = { .data_offset =  6083, .w =   7, .h =   7, .offset_x =   0, .offset_y =   7, .advance =   437 },   // 0x78 'x'
    [89] = { .data_offset =  6132, .w =   7, .h =  10, .offset_x =   0, .offset_y =   7, .advance =   428 },   // 0x79 'y'
    [90] = { .data_offset =  6202, .w =   6, .h =   7, .offset_x =   0, .offset_y =   7, .advance =   385 },   // 0x7A 'z'
    [91] = { .data_offset =  6244, .w =   5, .h =  13, .offset_x =   0, .offset_y =   4, .advance =   293 },   // 0x7B '{'
    [92] = { .data_offset =  6309, .w =   3, .h =  13, .offset_x =   0, .offset_y =   4, .advance =   220 },   // 0x7C '|'
    [93] = { .data_offset =  6348, .w =   5, .h =  13, .offset_x =   0, .offset_y =   4, .advance =   293 },   // 0x7D '}'
    [94] = { .data_offset =  6413, .w =   8, .h =   5, .offset_x =   0, .offset_y =   9, .advance =   499 },   // 0x7E '~'
    [95] = { .data_offset =  6453, .w =   3, .h =   7, .offset_x =   0, .offset_y =   7, .advance =   216 },   // U+2039 '‹' (extra)
    [96] = { .data_offset =  6474, .w =   3, .h =   7, .offset_x =   0, .offset_y =   7, .advance =   216 },   // U+203A '›' (extra)
    [97] = { .data_offset =  6495, .w =   3, .h =   5, .offset_x =   0, .offset_y =   9, .advance =   190 },   // U+00B7 '·' (extra)
    [98] = { .data_offset =  6510, .w =   3, .h =  11, .offset_x =   0, .offset_y =   3, .advance =   190 },   // U+2018 '‘' (extra)
    [99] = { .data_offset =  6543, .w =   3, .h =  10, .offset_x =   0, .offset_y =   4, .advance =   190 },   // U+2019 '’' (extra)
    [100] = { .data_offset =  6573, .w =   5, .h =  11, .offset_x =   0, .offset_y =   3, .advance =   328 },   // U+201C '“' (extra)
    [101] = { .data_offset =  6628, .w =   5, .h =  10, .offset_x =   0, .offset_y =   4, .advance =   328 },   // U+201D '”' (extra)
    [102] = { .data_offset =  6678, .w =   8, .h =   4, .offset_x =  -1, .offset_y =  10, .advance =   416 },   // U+2013 '–' (extra)
    [103] = { .data_offset =  6710, .w =  15, .h =   4, .offset_x =  -1, .offset_y =  10, .advance =   832 },   // U+2014 '—' (extra)
    [104] = { .data_offset =  6770, .w =   9, .h =   2, .offset_x =   0, .offset_y =  12, .advance =   571 },   // U+2026 '…' (extra)
    [105] = { .data_offset =  6788, .w =   3, .h =  10, .offset_x =   0, .offset_y =   7, .advance =   190 },   // U+00A1 '¡' (extra)
    [106] = { .data_offset =  6818, .w =   8, .h =  11, .offset_x =   0, .offset_y =   5, .advance =   499 },   // U+00A2 '¢' (extra)
    [107] = { .data_offset =  6906, .w =   8, .h =  10, .offset_x =   0, .offset_y =   4, .advance =   499 },   // U+00A3 '£' (extra)
    [108] = { .data_offset =  6986, .w =   8, .h =   7, .offset_x =   0, .offset_y =   7, .advance =   499 },   // U+00A4 '¤' (extra)
    [109] = { .data_offset =  7042, .w =   9, .h =  10, .offset_x =  -1, .offset_y =   4, .advance =   499 },   // U+00A5 '¥' (extra)
    [110] = { .data_offset =  7132, .w =   3, .h =  13, .offset_x =   0, .offset_y =   4, .advance =   220 },   // U+00A6 '¦' (extra)
    [111] = { .data_offset =  7171, .w =   8, .h =  13, .offset_x =   0, .offset_y =   4, .advance =   453 },   // U+00A7 '§' (extra)
    [112] = { .data_offset =  7275, .w =   6, .h =  10, .offset_x =   0, .offset_y =   4, .advance =   389 },   // U+00A8 '¨' (extra)
    [113] = { .data_offset =  7335, .w =  11, .h =  10, .offset_x =   0, .offset_y =   4, .advance =   678 },   // U+00A9 '©' (extra)
    [114] = { .data_offset =  7445, .w =   4, .h =   9, .offset_x =   0, .offset_y =   5, .advance =   272 },   // U+00AA 'ª' (extra)
    [115] = { .data_offset =  7481, .w =   6, .h =   7, .offset_x =   0, .offset_y =   7, .advance =   367 },   // U+00AB '«' (extra)
    [116] = { .data_offset =  7523, .w =   8, .h =   6, .offset_x =   0, .offset_y =   8, .advance =   499 },   // U+00AC '¬' (extra)
    [117] = { .data_offset =  7571, .w =  11, .h =  10, .offset_x =   0, .offset_y =   4, .advance =   678 },   // U+00AE '®' (extra)
    [118] = { .data_offset =  7681, .w =   7, .h =  10, .offset_x =   0, .offset_y =   4, .advance =   417 },   // U+00AF '¯' (extra)
    [119] = { .data_offset =  7751, .w =   5, .h =  10, .offset_x =   0, .offset_y =   4, .advance =   309 },   // U+00B0 '°' (extra)
    [120] = { .data_offset =  7801, .w =   9, .h =   8, .offset_x =   0, .offset_y =   6, .advance =   499 },   // U+00B1 '±' (extra)
    [121] = { .data_offset =  7873, .w =   5, .h =   9, .offset_x =   0, .offset_y =   5, .advance =   316 },   // U+00B2 '²' (extra)
    [122] = { .data_offset =  7918, .w =   5, .h =   9, .offset_x =   0, .offset_y =   5, .advance =   316 },   // U+00B3 '³' (extra)
    [123] = { .data_offset =  7963, .w =   5, .h =  11, .offset_x =   0, .offset_y =   3, .advance =   296 },   // U+00B4 '´' (extra)
    [124] = { .data_offset =  8018, .w =   8, .h =  10, .offset_x =   0, .offset_y =   7, .advance =   499 },   // U+00B5 'µ' (extra)
    [125] = { .data_offset =  8098, .w =   8, .h =  13, .offset_x =   0, .offset_y =   4, .advance =   489 },   // U+00B6 '¶' (extra)
    [126] = { .data_offset =  8202, .w =   5, .h =   3, .offset_x =   0, .offset_y =  14, .advance =   334 },   // U+00B8 '¸' (extra)
    [127] = { .data_offset =  8217, .w =   5, .h =   9, .offset_x =   0, .offset_y =   5, .advance =   316 },   // U+00B9 '¹' (extra)
    [128] = { .data_offset =  8262, .w =   4, .h =   9, .offset_x =   0, .offset_y =   5, .advance =   282 },   // U+00BA 'º' (extra)
    [129] = { .data_offset =  8298, .w =   6, .h =   7, .offset_x =   0, .offset_y =   7, .advance =   367 },   // U+00BB '»' (extra)
    [130] = { .data_offset =  8340, .w =  12, .h =  12, .offset_x =   0, .offset_y =   3, .advance =   743 },   // U+00BC '¼' (extra)
    [131] = { .data_offset =  8484, .w =  12, .h =  12, .offset_x =   0, .offset_y =   3, .advance =   780 },   // U+00BD '½' (extra)
    [132] = { .data_offset =  8628, .w =  12, .h =  12, .offset_x =   0, .offset_y =   3, .advance =   743 },   // U+00BE '¾' (extra)
    [133] = { .data_offset =  8772, .w =   7, .h =  10, .offset_x =   0, .offset_y =   7, .advance =   369 },   // U+00BF '¿' (extra)
    [134] = { .data_offset =  8842, .w =  10, .h =  14, .offset_x =   0, .offset_y =   0, .advance =   607 },   // U+00C0 'À' (extra)
    [135] = { .data_offset =  8982, .w =  10, .h =  14, .offset_x =   0, .offset_y =   0, .advance =   607 },   // U+00C1 'Á' (extra)
    [136] = { .data_offset =  9122, .w =  10, .h =  14, .offset_x =   0, .offset_y =   0, .advance =   607 },   // U+00C2 'Â' (extra)
    [137] = { .data_offset =  9262, .w =  10, .h =  14, .offset_x =   0, .offset_y =   0, .advance =   607 },   // U+00C3 'Ã' (extra)
    [138] = { .data_offset =  9402, .w =  10, .h =  13, .offset_x =   0, .offset_y =   1, .advance =   607 },   // U+00C4 'Ä' (extra)
    [139] = { .data_offset =  9532, .w =   9, .h =  14, .offset_x =   0, .offset_y =   0, .advance =   607 },   // U+00C5 'Å' (extra)
    [140] = { .data_offset =  9658, .w =  13, .h =  10, .offset_x =   0, .offset_y =   4, .advance =   816 },   // U+00C6 'Æ' (extra)
    [141] = { .data_offset =  9788, .w =   9, .h =  13, .offset_x =   0, .offset_y =   4, .advance =   560 },   // U+00C7 'Ç' (extra)
    [142] = { .data_offset =  9905, .w =   8, .h =  14, .offset_x =   0, .offset_y =   0, .advance =   485 },   // U+00C8 'È' (extra)
    [143] = { .data_offset = 10017, .w =   8, .h =  14, .offset_x =   0, .offset_y =   0, .advance =   485 },   // U+00C9 'É' (extra)
    [144] = { .data_offset = 10129, .w =   8, .h =  14, .offset_x =   0, .offset_y =   0, .advance =   485 },   // U+00CA 'Ê' (extra)
    [145] = { .data_offset = 10241, .w =   8, .h =  13, .offset_x =   0, .offset_y =   1, .advance =   485 },   // U+00CB 'Ë' (extra)
    [146] = { .data_offset = 10345, .w =   4, .h =  14, .offset_x =  -1, .offset_y =   0, .advance =   214 },   // U+00CC 'Ì' (extra)
    [147] = { .data_offset = 10401, .w =   4, .h =  14, .offset_x =   0, .offset_y =   0, .advance =   214 },   // U+00CD 'Í' (extra)
    [148] = { .data_offset = 10457, .w =   5, .h =  14, .offset_x =  -1, .offset_y =   0, .advance =   214 },   // U+00CE 'Î' (extra)
    [149] = { .data_offset = 10527, .w =   5, .h =  13, .offset_x =  -1, .offset_y =   1, .advance =   214 },   // U+00CF 'Ï' (extra)
    [150] = { .data_offset = 10592, .w =  11, .h =  10, .offset_x =  -1, .offset_y =   4, .advance =   617 },   // U+00D0 'Ð' (extra)
    [151] = { .data_offset = 10702, .w =  10, .h =  14, .offset_x =   0, .offset_y =   0, .advance =   616 },   // U+00D1 'Ñ' (extra)
    [152] = { .data_offset = 10842, .w =  10, .h =  14, .offset_x =   0, .offset_y =   0, .advance =   638 },   // U+00D2 'Ò' (extra)
    [153] = { .data_offset = 10982, .w =  10, .h =  14, .offset_x =   0, .offset_y =   0, .advance =   638 },   // U+00D3 'Ó' (extra)
    [154] = { .data_offset = 11122, .w =  10, .h =  14, .offset_x =   0, .offset_y =   0, .advance =   638 },   // U+00D4 'Ô' (extra)
    [155] = { .data_offset = 11262, .w =  10, .h =  14, .offset_x =   0, .offset_y =   0, .advance =   638 },   // U+00D5 'Õ' (extra)
    [156] = { .data_offset = 11402, .w =  10, .h =  13, .offset_x =   0, .offset_y =   1, .advance =   638 },   // U+00D6 'Ö' (extra)
    [157] = { .data_offset = 11532, .w =   8, .h =   8, .offset_x =   0, .offset_y =   6, .advance =   499 },   // U+00D7 '×' (extra)
    [158] = { .data_offset = 11596, .w =  10, .h =  12, .offset_x =   0, .offset_y =   3, .advance =   638 },   // U+00D8 'Ø' (extra)
    [159] = { .data_offset = 11716, .w =   9, .h =  14, .offset_x =   0, .offset_y =   0, .advance =   606 },   // U+00D9 'Ù' (extra)
    [160] = { .data_offset = 11842, .w =   9, .h =  14, .offset_x =   0, .offset_y =   0, .advance =   606 },   // U+00DA 'Ú' (extra)
    [161] = { .data_offset = 11968, .w =   9, .h =  14, .offset_x =   0, .offset_y =   0, .advance =   606 },   // U+00DB 'Û' (extra)
    [162] = { .data_offset = 12094, .w =   9, .h =  13, .offset_x =   0, .offset_y =   1, .advance =   606 },   // U+00DC 'Ü' (extra)
    [163] = { .data_offset = 12211, .w =   9, .h =  14, .offset_x =  -1, .offset_y =   0, .advance =   496 },   // U+00DD 'Ý' (extra)
    [164] = { .data_offset = 12337, .w =   8, .h =  10, .offset_x =   0, .offset_y =   4, .advance =   527 },   // U+00DE 'Þ' (extra)
    [165] = { .data_offset = 12417, .w =   8, .h =  10, .offset_x =   0, .offset_y =   4, .advance =   512 },   // U+00DF 'ß' (extra)
    [166] = { .data_offset = 12497, .w =   7, .h =  12, .offset_x =   0, .offset_y =   2, .advance =   441 },   // U+00E0 'à' (extra)
    [167] = { .data_offset = 12581, .w =   7, .h =  12, .offset_x =   0, .offset_y =   2, .advance =   441 },   // U+00E1 'á' (extra)
    [168] = { .data_offset = 12665, .w =   7, .h =  12, .offset_x =   0, .offset_y =   2, .advance =   441 },   // U+00E2 'â' (extra)
    [169] = { .data_offset = 12749, .w =   7, .h =  11, .offset_x =   0, .offset_y =   3, .advance =   441 },   // U+00E3 'ã' (extra)
    [170] = { .data_offset = 12826, .w =   7, .h =  10, .offset_x =   0, .offset_y =   4, .advance =   441 },   // U+00E4 'ä' (extra)
    [171] = { .data_offset = 12896, .w =   7, .h =  11, .offset_x =   0, .offset_y =   3, .advance =   441 },   // U+00E5 'å' (extra)
    [172] = { .data_offset = 12973, .w =  11, .h =   7, .offset_x =   0, .offset_y =   7, .advance =   716 },   // U+00E6 'æ' (extra)
    [173] = { .data_offset = 13050, .w =   7, .h =  10, .offset_x =   0, .offset_y =   7, .advance =   385 },   // U+00E7 'ç' (extra)
    [174] = { .data_offset = 13120, .w =   7, .h =  12, .offset_x =   0, .offset_y =   2, .advance =   443 },   // U+00E8 'è' (extra)
    [175] = { .data_offset = 13204, .w =   7, .h =  12, .offset_x =   0, .offset_y =   2, .advance =   443 },   // U+00E9 'é' (extra)
    [176] = { .data_offset = 13288, .w =   7, .h =  12, .offset_x =   0, .offset_y =   2, .advance =   443 },   // U+00EA 'ê' (extra)
    [177] = { .data_offset = 13372, .w =   7, .h =  10, .offset_x =   0, .offset_y =   4, .advance =   443 },   // U+00EB 'ë' (extra)
    [178] = { .data_offset = 13442, .w =   4, .h =  12, .offset_x =  -1, .offset_y =   2, .advance =   193 },   // U+00EC 'ì' (extra)
    [179] = { .data_offset = 13490, .w =   4, .h =  12, .offset_x =   0, .offset_y =   2, .advance =   193 },   // U+00ED 'í' (extra)
    [180] = { .data_offset = 13538, .w =   5, .h =  12, .offset_x =  -1, .offset_y =   2, .advance =   193 },   // U+00EE 'î' (extra)
    [181] = { .data_offset = 13598, .w =   5, .h =  10, .offset_x =  -1, .offset_y =   4, .advance =   193 },   // U+00EF 'ï' (extra)
    [182] = { .data_offset = 13648, .w =   7, .h =  11, .offset_x =   0, .offset_y =   3, .advance =   466 },   // U+00F0 'ð' (extra)
    [183] = { .data_offset = 13725, .w =   7, .h =  11, .offset_x =   0, .offset_y =   3, .advance =   473 },   // U+00F1 'ñ' (extra)
    [184] = { .data_offset = 13802, .w =   7, .h =  12, .offset_x =   0, .offset_y =   2, .advance =   463 },   // U+00F2 'ò' (extra)
    [185] = { .data_offset = 13886, .w =   7, .h =  12, .offset_x =   0, .offset_y =   2, .advance =   463 },   // U+00F3 'ó' (extra)
    [186] = { .data_offset = 13970, .w =   7, .h =  12, .offset_x =   0, .offset_y =   2, .advance =   463 },   // U+00F4 'ô' (extra)
    [187] = { .data_offset = 14054, .w =   7, .h =  11, .offset_x =   0, .offset_y =   3, .advance =   463 },   // U+00F5 'õ' (extra)
    [188] = { .data_offset = 14131, .w =   7, .h =  10, .offset_x =   0, .offset_y =   4, .advance =   463 },   // U+00F6 'ö' (extra)
    [189] = { .data_offset = 14201, .w =   8, .h =   8, .offset_x =   0, .offset_y =   6, .advance =   499 },   // U+00F7 '÷' (extra)
    [190] = { .data_offset = 14265, .w =   7, .h =   9, .offset_x =   0, .offset_y =   6, .advance =   463 },   // U+00F8 'ø' (extra)
    [191] = { .data_offset = 14328, .w =   7, .h =  12, .offset_x =   0, .offset_y =   2, .advance =   467 },   // U+00F9 'ù' (extra)
    [192] = { .data_offset = 14412, .w =   7, .h =  12, .offset_x =   0, .offset_y =   2, .advance =   467 },   // U+00FA 'ú' (extra)
    [193] = { .data_offset = 14496, .w =   7, .h =  12, .offset_x =   0, .offset_y =   2, .advance =   467 },   // U+00FB 'û' (extra)
    [194] = { .data_offset = 14580, .w =   7, .h =  10, .offset_x =   0, .offset_y =   4, .advance =   467 },   // U+00FC 'ü' (extra)
    [195] = { .data_offset = 14650, .w =   7, .h =  15, .offset_x =   0, .offset_y =   2, .advance =   428 },   // U+00FD 'ý' (extra)
    [196] = { .data_offset = 14755, .w =   8, .h =  13, .offset_x =   0, .offset_y =   4, .advance =   485 },   // U+00FE 'þ' (extra)
    [197] = { .data_offset = 14859, .w =   7, .h =  13, .offset_x =   0, .offset_y =   4, .advance =   428 },   // U+00FF 'ÿ' (extra)
};

const atlas_t NUNITO_REGULAR_13 = {
    .glyphs      = NUNITO_REGULAR_13_GLYPHS,
    .data        = NUNITO_REGULAR_13_DATA,
    .ascent      = 14,
    .descent     = 5,
    .line_height = 19,
};
