// NUNITO_BOLD_13 — auto-generated by tools/atlas_gen.py.
// Source: Nunito-Bold.ttf @ 13px
// Edit the generator, not this file.

#include "../atlas.h"

static const uint8_t NUNITO_BOLD_13_DATA[] = {
    0x14, 0xe9, 0x78, 0x28, 0xff, 0x9c, 0x16, 0xff, 0x89, 0x03, 0xfe, 0x76, 0x00, 0xef, 0x63, 0x00,
    0xdc, 0x50, 0x00, 0xb1, 0x2f, 0x00, 0x04, 0x00, 0x00, 0xd7, 0x7b, 0x00, 0xcb, 0x70, 0x27, 0xed,
    0x46, 0x73, 0xe1, 0x07, 0x37, 0xff, 0x61, 0x8e, 0xff, 0x09, 0x1e, 0xff, 0x46, 0x73, 0xee, 0x00,
    0x05, 0xdf, 0x1e, 0x44, 0xbb, 0x00, 0x00, 0x00, 0x00, 0x00, 0x00, 0x00, 0x00, 0x00, 0x00, 0x00,
    0x00, 0x00, 0x00, 0x00, 0x00, 0x00, 0x00, 0x00, 0x00, 0x00, 0x00, 0x00, 0x00, 0x00, 0x00, 0x00,
    0x00, 0x00, 0x00, 0x00, 0x00, 0x00, 0x00, 0x00, 0x00, 0x00, 0x00, 0x00, 0x34, 0xbf, 0x00, 0x6c,
    0x89, 0x00, 0x00, 0x00, 0x7a, 0xa5, 0x00, 0xb6, 0x6b, 0x00, 0x20, 0xf1, 0xff, 0xfc, 0xf8, 0xff,
    0xfe, 0x30, 0x00, 0x23, 0xe9, 0x63, 0x3d, 0xff, 0x30, 0x00, 0x00, 0x0c, 0xfd, 0x19, 0x46, 0xda,
    0x00, 0x00, 0x00, 0x4b, 0xee, 0x10, 0x7e, 0xb4, 0x08, 0x00, 0x68, 0xff, 0xff, 0xff, 0xff, 0xff,
    0xed, 0x00, 0x0e, 0xb4, 0xac, 0x40, 0xd9, 0x86, 0x2d, 0x00, 0x00, 0xb6, 0x6b, 0x01, 0xf2, 0x2e,
    0x00, 0x00, 0x00, 0xba, 0x30, 0x09, 0xdb, 0x06, 0x00, 0x00, 0x00, 0x00, 0x00, 0x2d, 0x58, 0x00,
    0x00, 0x00, 0x00, 0x00, 0x00, 0xa2, 0xfe, 0x00, 0x00, 0x00, 0x00, 0x0b, 0x9d, 0xfa, 0xff, 0xdb,
    0x7e, 0x07, 0x00, 0x9b, 0xfe, 0x89, 0x5e, 0x8c, 0xea, 0x38, 0x00, 0xef, 0xb6, 0x00, 0x00, 0x00,
    0x00, 0x00, 0x00, 0xef, 0xdb, 0x1c, 0x00, 0x00, 0x00, 0x00, 0x00, 0x95, 0xff, 0xfd, 0xcc, 0x85,
    0x21, 0x00, 0x00, 0x03, 0x70, 0xce, 0xfd, 0xff, 0xf2, 0x2c, 0x00, 0x00, 0x00, 0x00, 0x11, 0x85,
    0xff, 0x8e, 0x00, 0x04, 0x00, 0x00, 0x00, 0x15, 0xff, 0x93, 0x55, 0xef, 0x93, 0x64, 0x5f, 0xbf,
    0xfc, 0x37, 0x10, 0x8b, 0xd7, 0xff, 0xff, 0xc7, 0x47, 0x00, 0x00, 0x00, 0x00, 0xa2, 0xfe, 0x00,
    0x00, 0x00, 0x00, 0x00, 0x00, 0x2d, 0x59, 0x00, 0x00, 0x00, 0x00, 0x00, 0x00, 0x00, 0x00, 0x00,
    0x00, 0x00, 0x0f, 0x00, 0x00, 0x00, 0x00, 0x25, 0xce, 0xf1, 0x97, 0x03, 0x00, 0x25, 0xf7, 0x18,
    0x00, 0x00, 0x00, 0xb7, 0xee, 0x8c, 0xff, 0x56, 0x00, 0xa9, 0xc0, 0x00, 0x00, 0x00, 0x00, 0xf3,
    0xb0, 0x0c, 0xff, 0x91, 0x33, 0xfe, 0x38, 0x00, 0x00, 0x00, 0x00, 0xf4, 0xa9, 0x07, 0xff, 0x9b,
    0xbb, 0xaf, 0x00, 0x06, 0x00, 0x00, 0x00, 0xc8, 0xd9, 0x4d, 0xff, 0xb1, 0xfc, 0x31, 0xae, 0xff,
    0xda, 0x2c, 0x00, 0x45, 0xf7, 0xff, 0xd6, 0xd9, 0x9e, 0x66, 0xff, 0x77, 0xe8, 0xbb, 0x00, 0x00,
    0x13, 0x35, 0x5b, 0xf8, 0x1e, 0x9a, 0xff, 0x09, 0xac, 0xf1, 0x00, 0x00, 0x00, 0x04, 0xd8, 0x8d,
    0x00, 0x93, 0xff, 0x09, 0xaf, 0xf4, 0x00, 0x00, 0x00, 0x66, 0xf1, 0x13, 0x00, 0x59, 0xff, 0x88,
    0xed, 0xbc, 0x00, 0x00, 0x00, 0xce, 0x7c, 0x00, 0x00, 0x03, 0x9a, 0xf2, 0xd2, 0x2a, 0x00, 0x00,
    0x00, 0x25, 0x03, 0x00, 0x00, 0x00, 0x00, 0x00, 0x00, 0x00, 0x00, 0x00, 0x2e, 0xc8, 0xf8, 0xd4,
    0x3d, 0x00, 0x00, 0x00, 0x00, 0x00, 0xd3, 0xed, 0x69, 0xea, 0xdc, 0x00, 0x00, 0x00, 0x00, 0x00,
    0xf8, 0xb0, 0x00, 0xb7, 0xeb, 0x00, 0x00, 0x00, 0x00, 0x00, 0xb3, 0xf1, 0x79, 0xfd, 0x8e, 0x00,
    0x00, 0x00, 0x00, 0x00, 0x42, 0xff, 0xff, 0x93, 0x03, 0x4f, 0xca, 0x00, 0x00, 0x3a, 0xf3, 0xd1,
    0xf0, 0xc3, 0x0a, 0x95, 0xca, 0x00, 0x00, 0xd0, 0xd8, 0x05, 0x34, 0xf4, 0xbf, 0xe9, 0x89, 0x00,
    0x00, 0xf7, 0xb2, 0x00, 0x00, 0x4c, 0xff, 0xff, 0x2a, 0x00, 0x00, 0xb7, 0xfb, 0x7f, 0x62, 0xaf,
    0xff, 0xff, 0xaa, 0x02, 0x00, 0x13, 0x9f, 0xec, 0xf8, 0xc7, 0x3f, 0x50, 0xed, 0x2e, 0x27, 0xed,
    0x46, 0x37, 0xff, 0x61, 0x1e, 0xff, 0x46, 0x05, 0xdf, 0x1e, 0x00, 0x00, 0x00, 0x00, 0x00, 0x00,
    0x00, 0x00, 0x00, 0x00, 0x00, 0x00, 0x00, 0x00, 0x00, 0x00, 0x00, 0x00, 0x00, 0x00, 0x00, 0x00,
    0x00, 0x00, 0x00, 0x98, 0x7a, 0x00, 0x00, 0x18, 0xf9, 0x6a, 0x00, 0x00, 0x72, 0xff, 0x20, 0x00,
    0x00, 0xb0, 0xea, 0x00, 0x00, 0x00, 0xdf, 0xc0, 0x00, 0x00, 0x00, 0xf2, 0xae, 0x00, 0x00, 0x00,
    0xfc, 0xa7, 0x00, 0x00, 0x00, 0xef, 0xb3, 0x00, 0x00, 0x00, 0xd1, 0xcf, 0x00, 0x00, 0x00, 0xa1,
    0xf8, 0x05, 0x00, 0x00, 0x55, 0xff, 0x3e, 0x00, 0x00, 0x07, 0xe6, 0x80, 0x00, 0x00, 0x00, 0x4d,
    0x45, 0x00, 0x00, 0x00, 0x00, 0x00, 0x00, 0x00, 0xd3, 0x42, 0x00, 0x00, 0x00, 0xc8, 0xbc, 0x00,
    0x00, 0x00, 0x80, 0xfd, 0x16, 0x00, 0x00, 0x4b, 0xff, 0x57, 0x00, 0x00, 0x21, 0xff, 0x81, 0x00,
    0x00, 0x0d, 0xff, 0x98, 0x00, 0x00, 0x04, 0xff, 0x9e, 0x00, 0x00, 0x10, 0xff, 0x8c, 0x00, 0x00,
    0x2a, 0xff, 0x71, 0x00, 0x00, 0x57, 0xff, 0x38, 0x00, 0x00, 0x99, 0xed, 0x06, 0x00, 0x00, 0xdd,
    0x89, 0x00, 0x00, 0x00, 0x79, 0x17, 0x00, 0x00, 0x00, 0x1c, 0x0c, 0x15, 0x14, 0x00, 0x00, 0x82,
    0x96, 0xb5, 0x67, 0x00, 0x01, 0x2b, 0xff, 0xf5, 0x1b, 0x00, 0x7c, 0xff, 0xff, 0xff, 0xff, 0x5e,
    0x00, 0x47, 0xd8, 0xe3, 0x2c, 0x00, 0x00, 0x66, 0x4a, 0x63, 0x4e, 0x00, 0x00, 0x00, 0x00, 0x00,
    0x00, 0x00, 0x00, 0x00, 0x00, 0x00, 0x00, 0x00, 0x00, 0x00, 0x00, 0x00, 0x00, 0x00, 0x00, 0x00,
    0x00, 0x00, 0x00, 0x00, 0x00, 0x00, 0x00, 0x00, 0x00, 0x00, 0x00, 0x00, 0x00, 0xdb, 0x82, 0x00,
    0x00, 0x00, 0x00, 0x00, 0x00, 0xff, 0xa4, 0x00, 0x00, 0x00, 0x02, 0x10, 0x10, 0xff, 0xa9, 0x10,
    0x0c, 0x00, 0x93, 0xff, 0xff, 0xff, 0xff, 0xff, 0xff, 0x37, 0x17, 0x40, 0x40, 0xff, 0xbb, 0x40,
    0x3c, 0x04, 0x00, 0x00, 0x00, 0xff, 0xa4, 0x00, 0x00, 0x00, 0x00, 0x00, 0x00, 0xde, 0x84, 0x00,
    0x00, 0x00, 0x00, 0x04, 0x00, 0x00, 0xd7, 0x77, 0x00, 0xd0, 0x9b, 0x00, 0x77, 0x69, 0x00, 0x75,
    0x0c, 0x00, 0x08, 0x14, 0x14, 0x09, 0x00, 0x00, 0xe1, 0xff, 0xff, 0xe1, 0x00, 0x00, 0x29, 0x40,
    0x40, 0x29, 0x00, 0x00, 0x00, 0x00, 0x00, 0x00, 0x00, 0x00, 0x00, 0x00, 0x00, 0x00, 0x00, 0x00,
    0x04, 0x00, 0x00, 0xd7, 0x7b, 0x00, 0xcb, 0x70, 0x00, 0x00, 0x00, 0x00, 0x65, 0x06, 0x00, 0x00,
    0x00, 0x39, 0xff, 0x16, 0x00, 0x00, 0x00, 0x86, 0xcf, 0x00, 0x00, 0x00, 0x00, 0xd2, 0x83, 0x00,
    0x00, 0x00, 0x1e, 0xff, 0x37, 0x00, 0x00, 0x00, 0x6a, 0xe9, 0x01, 0x00, 0x00, 0x00, 0xb6, 0x9f,
    0x00, 0x00, 0x00, 0x0a, 0xf7, 0x53, 0x00, 0x00, 0x00, 0x4f, 0xf9, 0x0d, 0x00, 0x00, 0x00, 0x9b,
    0xbb, 0x00, 0x00, 0x00, 0x01, 0xe5, 0x6f, 0x00, 0x00, 0x00, 0x0d, 0xe8, 0x1f, 0x00, 0x00, 0x00,
    0x00, 0x00, 0x5e, 0xdc, 0xf7, 0xc3, 0x29, 0x00, 0x00, 0x41, 0xfe, 0xb4, 0x69, 0xe4, 0xe0, 0x07,
    0x00, 0xad, 0xee, 0x08, 0x00, 0x53, 0xff, 0x53, 0x00, 0xe3, 0xbb, 0x00, 0x00, 0x17, 0xff, 0x88,
    0x00, 0xf8, 0xa7, 0x00, 0x00, 0x03, 0xff, 0x9e, 0x00, 0xfa, 0xa7, 0x00, 0x00, 0x04, 0xff, 0x9a,
    0x00, 0xe3, 0xbd, 0x00, 0x00, 0x19, 0xff, 0x83, 0x00, 0xac, 0xf0, 0x09, 0x00, 0x56, 0xff, 0x49,
    0x00, 0x40, 0xfe, 0xb5, 0x69, 0xe4, 0xd8, 0x03, 0x00, 0x00, 0x60, 0xdf, 0xf6, 0xbd, 0x24, 0x00,
    0x00, 0x00, 0x18, 0xa7, 0xde, 0x00, 0x00, 0x00, 0x00, 0x53, 0xef, 0xff, 0xff, 0x00, 0x00, 0x00,
    0x00, 0xaa, 0xb1, 0xc0, 0xff, 0x00, 0x00, 0x00, 0x00, 0x00, 0x00, 0xa4, 0xff, 0x00, 0x00, 0x00,
    0x00, 0x00, 0x00, 0xa4, 0xff, 0x00, 0x00, 0x00, 0x00, 0x00, 0x00, 0xa4, 0xff, 0x00, 0x00, 0x00,
    0x00, 0x00, 0x00, 0xa4, 0xff, 0x00, 0x00, 0x00, 0x00, 0x00, 0x00, 0xa4, 0xff, 0x00, 0x00, 0x00,
    0x00, 0x59, 0x7c, 0xd0, 0xff, 0x7c, 0x5c, 0x00, 0x00, 0xd7, 0xff, 0xff, 0xff, 0xff, 0xd7, 0x00,
    0x0c, 0x83, 0xd8, 0xf7, 0xe3, 0x80, 0x01, 0x00, 0x4a, 0xeb, 0x84, 0x5e, 0xb4, 0xff, 0x5e, 0x00,
    0x00, 0x02, 0x00, 0x00, 0x0f, 0xff, 0x9a, 0x00, 0x00, 0x00, 0x00, 0x00, 0x22, 0xff, 0x88, 0x00,
    0x00, 0x00, 0x00, 0x00, 0xa0, 0xff, 0x35, 0x00, 0x00, 0x00, 0x00, 0x6b, 0xff, 0xa0, 0x00, 0x00,
    0x00, 0x00, 0x47, 0xfc, 0xcd, 0x0a, 0x00, 0x00, 0x00, 0x2b, 0xf1, 0xdf, 0x18, 0x00, 0x00, 0x00,
    0x09, 0xdd, 0xff, 0x7c, 0x54, 0x54, 0x3a, 0x00, 0x16, 0xf0, 0xff, 0xff, 0xff, 0xff, 0xdb, 0x00,
    0x0c, 0x83, 0xd8, 0xf7, 0xe6, 0x8d, 0x04, 0x00, 0x46, 0xe6, 0x83, 0x5c, 0xa5, 0xff, 0x71, 0x00,
    0x00, 0x00, 0x00, 0x00, 0x0d, 0xff, 0x96, 0x00, 0x00, 0x00, 0x05, 0x18, 0x7c, 0xff, 0x49, 0x00,
    0x00, 0x00, 0xe2, 0xff, 0xff, 0xa5, 0x01, 0x00, 0x00, 0x00, 0x27, 0x42, 0x76, 0xfc, 0x8a, 0x00,
    0x00, 0x00, 0x00, 0x00, 0x00, 0xb6, 0xec, 0x00, 0x00, 0x00, 0x00, 0x00, 0x00, 0xc5, 0xf0, 0x00,
    0x69, 0xe6, 0x84, 0x5d, 0x97, 0xff, 0x9b, 0x00, 0x16, 0x8e, 0xdb, 0xf8, 0xe7, 0x91, 0x0a, 0x00,
    0x00, 0x00, 0x00, 0x00, 0x0d, 0xd1, 0x7c, 0x00, 0x00, 0x00, 0x00, 0x00, 0x94, 0xff, 0xa4, 0x00,
    0x00, 0x00, 0x00, 0x37, 0xfd, 0xff, 0xa4, 0x00, 0x00, 0x00, 0x04, 0xd1, 0xac, 0xff, 0xa4, 0x00,
    0x00, 0x00, 0x77, 0xf3, 0x1c, 0xff, 0xa4, 0x00, 0x00, 0x22, 0xf6, 0x73, 0x00, 0xff, 0xa4, 0x00,
    0x00, 0xb5, 0xdd, 0x14, 0x10, 0xff, 0xa9, 0x05, 0x07, 0xfb, 0xff, 0xff, 0xff, 0xff, 0xff, 0xe1,
    0x00, 0x27, 0x40, 0x40, 0x40, 0xff, 0xbb, 0x28, 0x00, 0x00, 0x00, 0x00, 0x00, 0xd3, 0x7a, 0x00,
    0x00, 0xd8, 0xff, 0xff, 0xff, 0xff, 0x96, 0x00, 0x00, 0xff, 0xc2, 0x54, 0x54, 0x54, 0x23, 0x00,
    0x00, 0xff, 0xa4, 0x00, 0x00, 0x00, 0x00, 0x00, 0x00, 0xff, 0xa4, 0x00, 0x06, 0x00, 0x00, 0x00,
    0x00, 0xff, 0xf1, 0xea, 0xff, 0xbf, 0x19, 0x00, 0x00, 0xf7, 0xc0, 0x51, 0x78, 0xfe, 0xaf, 0x00,
    0x00, 0x22, 0x02, 0x00, 0x00, 0xbb, 0xf4, 0x00, 0x00, 0x02, 0x00, 0x00, 0x00, 0xc3, 0xeb, 0x00,
    0x59, 0xed, 0x8b, 0x5e, 0x97, 0xff, 0x8c, 0x00, 0x10, 0x87, 0xda, 0xf7, 0xe4, 0x86, 0x05, 0x00,
    0x00, 0x00, 0x25, 0xb2, 0xf3, 0xec, 0xac, 0x27, 0x00, 0x17, 0xe9, 0xdb, 0x68, 0x6a, 0xc6, 0x6d,
    0x00, 0x8c, 0xfb, 0x23, 0x00, 0x00, 0x00, 0x00, 0x00, 0xd6, 0xc8, 0x00, 0x05, 0x02, 0x00, 0x00,
    0x00, 0xf6, 0xad, 0x8e, 0xfa, 0xf5, 0x80, 0x00, 0x00, 0xf9, 0xf3, 0xaf, 0x51, 0xb8, 0xff, 0x4e,
    0x00, 0xe3, 0xff, 0x0e, 0x00, 0x19, 0xff, 0x97, 0x00, 0xa5, 0xfe, 0x12, 0x00, 0x1d, 0xff, 0x90,
    0x00, 0x30, 0xfa, 0xbb, 0x64, 0xc3, 0xfd, 0x37, 0x00, 0x00, 0x45, 0xcd, 0xf7, 0xda, 0x5a, 0x00,
    0x00, 0xda, 0xff, 0xff, 0xff, 0xff, 0xfd, 0x63, 0x00, 0x39, 0x54, 0x54, 0x54, 0xb8, 0xff, 0x5f,
    0x00, 0x00, 0x00, 0x00, 0x05, 0xe0, 0xe5, 0x07, 0x00, 0x00, 0x00, 0x00, 0x63, 0xff, 0x70, 0x00,
    0x00, 0x00, 0x00, 0x03, 0xdb, 0xea, 0x0a, 0x00, 0x00, 0x00, 0x00, 0x5c, 0xff, 0x78, 0x00, 0x00,
    0x00, 0x00, 0x02, 0xd6, 0xee, 0x0d, 0x00, 0x00, 0x00, 0x00, 0x55, 0xff, 0x80, 0x00, 0x00, 0x00,
    0x00, 0x00, 0xd0, 0xf2, 0x11, 0x00, 0x00, 0x00, 0x00, 0x09, 0xe9, 0x74, 0x00, 0x00, 0x00, 0x00,
    0x00, 0x1a, 0xa5, 0xeb, 0xfa, 0xda, 0x78, 0x01, 0x00, 0xc4, 0xfa, 0x7f, 0x5d, 0xb3, 0xff, 0x68,
    0x00, 0xf5, 0xb2, 0x00, 0x00, 0x10, 0xff, 0x9b, 0x00, 0xa8, 0xe9, 0x3b, 0x1b, 0x7d, 0xfe, 0x4b,
    0x00, 0x09, 0xdc, 0xff, 0xff, 0xff, 0x79, 0x00, 0x00, 0x83, 0xfc, 0x75, 0x4a, 0xaf, 0xf8, 0x2f,
    0x00, 0xee, 0xb7, 0x00, 0x00, 0x13, 0xff, 0x8e, 0x00, 0xf3, 0xbc, 0x00, 0x00, 0x18, 0xff, 0x96,
    0x00, 0xa5, 0xfe, 0x86, 0x5d, 0xbc, 0xff, 0x46, 0x00, 0x0e, 0x99, 0xea, 0xf9, 0xd6, 0x60, 0x00,
    0x00, 0x07, 0x8f, 0xec, 0xf0, 0xab, 0x19, 0x00, 0x00, 0x8e, 0xff, 0x93, 0x6c, 0xeb, 0xd0, 0x02,
    0x00, 0xe9, 0xc5, 0x00, 0x00, 0x6e, 0xff, 0x4a, 0x00, 0xf7, 0xb7, 0x00, 0x00, 0x60, 0xff, 0x86,
    0x00, 0xbd, 0xf7, 0x4f, 0x28, 0xc7, 0xff, 0x9d, 0x00, 0x2a, 0xe4, 0xff, 0xfe, 0x75, 0xff, 0x99,
    0x00, 0x00, 0x07, 0x35, 0x15, 0x21, 0xff, 0x77, 0x00, 0x00, 0x00, 0x00, 0x00, 0x76, 0xff, 0x2e,
    0x00, 0xbe, 0xa0, 0x5d, 0x83, 0xf9, 0xa3, 0x00, 0x00, 0x57, 0xce, 0xf7, 0xe4, 0x86, 0x06, 0x00,
    0x00, 0xc9, 0x6f, 0x00, 0xd8, 0x7c, 0x00, 0x06, 0x01, 0x00, 0x00, 0x00, 0x00, 0x04, 0x00, 0x00,
    0xd7, 0x7b, 0x00, 0xcb, 0x70, 0x00, 0xc9, 0x6f, 0x00, 0xd8, 0x7c, 0x00, 0x06, 0x01, 0x00, 0x00,
    0x00, 0x00, 0x04, 0x00, 0x00, 0xd7, 0x77, 0x00, 0xd0, 0x9b, 0x00, 0x77, 0x69, 0x00, 0x75, 0x0c,
    0x00, 0x00, 0x00, 0x00, 0x00, 0x00, 0x2f, 0x24, 0x00, 0x00, 0x00, 0x00, 0x45, 0xba, 0xfe, 0x6d,
    0x00, 0x03, 0x59, 0xce, 0xf9, 0x9f, 0x2b, 0x00, 0x00, 0xf3, 0xff, 0x86, 0x19, 0x00, 0x00, 0x00,
    0x00, 0xe0, 0xff, 0x94, 0x22, 0x00, 0x00, 0x00, 0x00, 0x01, 0x4c, 0xc0, 0xfc, 0xab, 0x37, 0x00,
    0x00, 0x00, 0x00, 0x00, 0x34, 0xa9, 0xfc, 0x73, 0x00, 0x00, 0x00, 0x00, 0x00, 0x00, 0x1f, 0x1c,
    0x00, 0x0e, 0x10, 0x10, 0x10, 0x10, 0x0a, 0x00, 0x47, 0xff, 0xff, 0xff, 0xff, 0xff, 0xfc, 0x16,
    0x07, 0x3d, 0x40, 0x40, 0x40, 0x40, 0x37, 0x00, 0x00, 0x11, 0x14, 0x14, 0x14, 0x14, 0x0d, 0x00,
    0x48, 0xff, 0xff, 0xff, 0xff, 0xff, 0xfd, 0x17, 0x07, 0x3d, 0x40, 0x40, 0x40, 0x40, 0x37, 0x00,
    0x00, 0x00, 0x00, 0x00, 0x00, 0x00, 0x00, 0x00, 0x25, 0x2f, 0x00, 0x00, 0x00, 0x00, 0x00, 0x00,
    0x6d, 0xfe, 0xba, 0x45, 0x00, 0x00, 0x00, 0x00, 0x00, 0x2c, 0x9f, 0xf9, 0xce, 0x59, 0x03, 0x00,
    0x00, 0x00, 0x00, 0x19, 0x86, 0xff, 0xf2, 0x00, 0x00, 0x00, 0x00, 0x23, 0x94, 0xff, 0xde, 0x00,
    0x00, 0x37, 0xab, 0xfd, 0xc0, 0x4c, 0x01, 0x00, 0x74, 0xfc, 0xa9, 0x34, 0x00, 0x00, 0x00, 0x00,
    0x1d, 0x1f, 0x00, 0x00, 0x00, 0x00, 0x00, 0x00, 0x25, 0x9f, 0xe3, 0xf7, 0xc0, 0x2a, 0x9b, 0xd0,
    0x72, 0x66, 0xec, 0xd2, 0x01, 0x00, 0x00, 0x00, 0xb0, 0xf4, 0x00, 0x00, 0x00, 0x2b, 0xf6, 0xa9,
    0x00, 0x00, 0x0c, 0xdb, 0xd0, 0x10, 0x00, 0x00, 0x6c, 0xe7, 0x15, 0x00, 0x00, 0x00, 0x84, 0x84,
    0x00, 0x00, 0x00, 0x00, 0x05, 0x01, 0x00, 0x00, 0x00, 0x00, 0xd5, 0x7b, 0x00, 0x00, 0x00, 0x00,
    0xc8, 0x71, 0x00, 0x00, 0x00, 0x00, 0x00, 0x0e, 0x81, 0xd4, 0xf6, 0xeb, 0xba, 0x47, 0x00, 0x00,
    0x00, 0x00, 0x27, 0xe0, 0xe0, 0x83, 0x5e, 0x68, 0xa9, 0xfb, 0x78, 0x00, 0x00, 0x09, 0xd8, 0xa0,
    0x06, 0x00, 0x00, 0x00, 0x00, 0x44, 0xf7, 0x36, 0x00, 0x69, 0xcc, 0x04, 0x34, 0xcc, 0xf5, 0x95,
    0xaa, 0x4b, 0x86, 0xa0, 0x00, 0xbc, 0x5a, 0x11, 0xeb, 0xe4, 0x65, 0xbf, 0xff, 0x4d, 0x2b, 0xe0,
    0x00, 0xeb, 0x1c, 0x6a, 0xff, 0x50, 0x00, 0x45, 0xff, 0x2b, 0x09, 0xf8, 0x00, 0xfb, 0x06, 0x98,
    0xff, 0x19, 0x00, 0x4b, 0xff, 0x0a, 0x12, 0xf4, 0x00, 0xf1, 0x15, 0x96, 0xff, 0x07, 0x00, 0x73,
    0xe9, 0x00, 0x34, 0xd0, 0x00, 0xcc, 0x46, 0x62, 0xff, 0x4b, 0x12, 0xe8, 0xfa, 0x0a, 0x9c, 0x80,
    0x00, 0x86, 0xad, 0x06, 0xb2, 0xfd, 0xe3, 0x44, 0xc3, 0xfb, 0xbf, 0x0a, 0x00, 0x1c, 0xf2, 0x71,
    0x00, 0x0d, 0x03, 0x00, 0x01, 0x43, 0x00, 0x00, 0x00, 0x00, 0x4e, 0xf8, 0xc3, 0x72, 0x5c, 0x78,
    0xc8, 0xe6, 0x08, 0x00, 0x00, 0x00, 0x00, 0x29, 0xa2, 0xe6, 0xfa, 0xe3, 0x95, 0x19, 0x00, 0x00,
    0x00, 0x00, 0x00, 0x0d, 0xd6, 0x94, 0x00, 0x00, 0x00, 0x00, 0x00, 0x00, 0x00, 0x6f, 0xf2, 0xfd,
    0x21, 0x00, 0x00, 0x00, 0x00, 0x00, 0x01, 0xd9, 0x7f, 0xd3, 0x8b, 0x00, 0x00, 0x00, 0x00, 0x00,
    0x47, 0xfd, 0x1d, 0x6e, 0xee, 0x09, 0x00, 0x00, 0x00, 0x00, 0xb4, 0xb7, 0x00, 0x11, 0xf7, 0x64,
    0x00, 0x00, 0x00, 0x21, 0xff, 0x72, 0x20, 0x20, 0xc3, 0xd1, 0x00, 0x00, 0x00, 0x8c, 0xff, 0xff,
    0xff, 0xff, 0xff, 0xff, 0x3d, 0x00, 0x09, 0xed, 0xc4, 0x50, 0x50, 0x50, 0x51, 0xfc, 0xaa, 0x00,
    0x63, 0xff, 0x33, 0x00, 0x00, 0x00, 0x00, 0x85, 0xfb, 0x1b, 0x80, 0xbc, 0x00, 0x00, 0x00, 0x00,
    0x00, 0x1e, 0xe7, 0x3c, 0x00, 0xc8, 0xff, 0xff, 0xff, 0xf4, 0xb6, 0x24, 0x00, 0x00, 0xff, 0xc2,
    0x54, 0x55, 0x79, 0xf8, 0xcb, 0x00, 0x00, 0xff, 0xa4, 0x00, 0x00, 0x00, 0xb0, 0xf5, 0x00, 0x00,
    0xff, 0xa9, 0x10, 0x11, 0x35, 0xe6, 0xab, 0x00, 0x00, 0xff, 0xff, 0xff, 0xff, 0xff, 0xd6, 0x0a,
    0x00, 0x00, 0xff, 0xbb, 0x40, 0x40, 0x6d, 0xfb, 0x90, 0x00, 0x00, 0xff, 0xa4, 0x00, 0x00, 0x00,
    0xb5, 0xed, 0x00, 0x00, 0xff, 0xa4, 0x00, 0x00, 0x00, 0xba, 0xec, 0x00, 0x00, 0xff, 0xc2, 0x54,
    0x54, 0x80, 0xfd, 0xa4, 0x00, 0x00, 0xcb, 0xff, 0xff, 0xff, 0xec, 0xa3, 0x12, 0x00, 0x00, 0x00,
    0x19, 0x99, 0xe5, 0xf8, 0xdd, 0x94, 0x15, 0x00, 0x11, 0xdf, 0xf3, 0x85, 0x5c, 0x83, 0xe7, 0x58,
    0x00, 0x88, 0xff, 0x45, 0x00, 0x00, 0x00, 0x01, 0x00, 0x00, 0xd7, 0xd4, 0x00, 0x00, 0x00, 0x00,
    0x00, 0x00, 0x00, 0xf8, 0xad, 0x00, 0x00, 0x00, 0x00, 0x00, 0x00, 0x00, 0xf5, 0xad, 0x00, 0x00,
    0x00, 0x00, 0x00, 0x00, 0x00, 0xd5, 0xd6, 0x00, 0x00, 0x00, 0x00, 0x00, 0x00, 0x00, 0x87, 0xff,
    0x47, 0x00, 0x00, 0x00, 0x00, 0x00, 0x00, 0x0f, 0xdd, 0xf3, 0x85, 0x5c, 0x82, 0xe5, 0x5f, 0x00,
    0x00, 0x17, 0x99, 0xe4, 0xf8, 0xdf, 0x92, 0x15, 0x00, 0xc9, 0xff, 0xff, 0xfb, 0xde, 0x8e, 0x11,
    0x00, 0x00, 0x00, 0xff, 0xc2, 0x54, 0x60, 0x95, 0xfb, 0xd7, 0x0e, 0x00, 0x00, 0xff, 0xa4, 0x00,
    0x00, 0x00, 0x52, 0xff, 0x86, 0x00, 0x00, 0xff, 0xa4, 0x00, 0x00, 0x00, 0x00, 0xd9, 0xd6, 0x00,
    0x00, 0xff, 0xa4, 0x00, 0x00, 0x00, 0x00, 0xb3, 0xf7, 0x00, 0x00, 0xff, 0xa4, 0x00, 0x00, 0x00,
    0x00, 0xb5, 0xf6, 0x00, 0x00, 0xff, 0xa4, 0x00, 0x00, 0x00, 0x00, 0xdb, 0xd4, 0x00, 0x00, 0xff,
    0xa4, 0x00, 0x00, 0x00, 0x53, 0xff, 0x84, 0x00, 0x00, 0xff, 0xc2, 0x54, 0x60, 0x95, 0xfb, 0xd7,
    0x0e, 0x00, 0x00, 0xcb, 0xff, 0xff, 0xfb, 0xdf, 0x8f, 0x12, 0x00, 0x00, 0x00, 0xc5, 0xff, 0xff,
    0xff, 0xff, 0xf7, 0x23, 0x00, 0xff, 0xc2, 0x54, 0x54, 0x54, 0x4b, 0x03, 0x00, 0xff, 0xa4, 0x00,
    0x00, 0x00, 0x00, 0x00, 0x00, 0xff, 0xa9, 0x10, 0x10, 0x10, 0x05, 0x00, 0x00, 0xff, 0xff, 0xff,
    0xff, 0xff, 0xdc, 0x00, 0x00, 0xff, 0xbb, 0x40, 0x40, 0x40, 0x29, 0x00, 0x00, 0xff, 0xa4, 0x00,
    0x00, 0x00, 0x00, 0x00, 0x00, 0xff, 0xa4, 0x00, 0x00, 0x00, 0x00, 0x00, 0x00, 0xff, 0xc2, 0x54,
    0x54, 0x54, 0x4b, 0x03, 0x00, 0xc7, 0xff, 0xff, 0xff, 0xff, 0xf8, 0x24, 0x00, 0xc9, 0xff, 0xff,
    0xff, 0xff, 0xea, 0x02, 0x00, 0xff, 0xc2, 0x54, 0x54, 0x54, 0x40, 0x00, 0x00, 0xff, 0xa4, 0x00,
    0x00, 0x00, 0x00, 0x00, 0x00, 0xff, 0xa9, 0x10, 0x10, 0x10, 0x03, 0x00, 0x00, 0xff, 0xff, 0xff,
    0xff, 0xff, 0xae, 0x00, 0x00, 0xff, 0xbb, 0x40, 0x40, 0x40, 0x1c, 0x00, 0x00, 0xff, 0xa4, 0x00,
    0x00, 0x00, 0x00, 0x00, 0x00, 0xff, 0xa4, 0x00, 0x00, 0x00, 0x00, 0x00, 0x00, 0xff, 0xa3, 0x00,
    0x00, 0x00, 0x00, 0x00, 0x00, 0xcb, 0x7c, 0x00, 0x00, 0x00, 0x00, 0x00, 0x00, 0x00, 0x12, 0x8e,
    0xdf, 0xf9, 0xe6, 0xab, 0x34, 0x00, 0x00, 0x0d, 0xd8, 0xf6, 0x8b, 0x5c, 0x74, 0xd0, 0xa7, 0x00,
    0x00, 0x82, 0xff, 0x4a, 0x00, 0x00, 0x00, 0x00, 0x01, 0x00, 0x00, 0xd4, 0xd6, 0x00, 0x00, 0x00,
    0x00, 0x00, 0x00, 0x00, 0x00, 0xf7, 0xad, 0x00, 0x00, 0x02, 0x10, 0x10, 0x04, 0x00, 0x00, 0xf4,
    0xb2, 0x00, 0x00, 0xa4, 0xff, 0xff, 0xe7, 0x00, 0x00, 0xd2, 0xd9, 0x00, 0x00, 0x19, 0x40, 0xbb,
    0xff, 0x00, 0x00, 0x7d, 0xff, 0x51, 0x00, 0x00, 0x00, 0xa4, 0xff, 0x00, 0x00, 0x09, 0xcf, 0xfa,
    0x92, 0x5f, 0x68, 0xf5, 0xfe, 0x00, 0x00, 0x00, 0x0b, 0x85, 0xd9, 0xf7, 0xed, 0xc8, 0x76, 0x00,
    0x00, 0xce, 0x76, 0x00, 0x00, 0x00, 0x00, 0x78, 0xcc, 0x00, 0x00, 0xff, 0xa4, 0x00, 0x00, 0x00,
    0x00, 0xa4, 0xff, 0x00, 0x00, 0xff, 0xa4, 0x00, 0x00, 0x00, 0x00, 0xa4, 0xff, 0x00, 0x00, 0xff,
    0xa9, 0x10, 0x10, 0x10, 0x10, 0xa9, 0xff, 0x00, 0x00, 0xff, 0xff, 0xff, 0xff, 0xff, 0xff, 0xff,
    0xff, 0x00, 0x00, 0xff, 0xbb, 0x40, 0x40, 0x40, 0x40, 0xbb, 0xff, 0x00, 0x00, 0xff, 0xa4, 0x00,
    0x00, 0x00, 0x00, 0xa4, 0xff, 0x00, 0x00, 0xff, 0xa4, 0x00, 0x00, 0x00, 0x00, 0xa4, 0xff, 0x00,
    0x00, 0xff, 0xa4, 0x00, 0x00, 0x00, 0x00, 0xa4, 0xff, 0x00, 0x00, 0xcf, 0x75, 0x00, 0x00, 0x00,
    0x00, 0x76, 0xcd, 0x00, 0x00, 0xce, 0x73, 0x00, 0x00, 0xff, 0xa4, 0x00, 0x00, 0xff, 0xa4, 0x00,
    0x00, 0xff, 0xa4, 0x00, 0x00, 0xff, 0xa4, 0x00, 0x00, 0xff, 0xa4, 0x00, 0x00, 0xff, 0xa4, 0x00,
    0x00, 0xff, 0xa4, 0x00, 0x00, 0xff, 0xa4, 0x00, 0x00, 0xce, 0x75, 0x00, 0x00, 0x00, 0xcd, 0x73,
    0x00, 0x00, 0x00, 0xff, 0xa4, 0x00, 0x00, 0x00, 0xff, 0xa4, 0x00, 0x00, 0x00, 0xff, 0xa4, 0x00,
    0x00, 0x00, 0xff, 0xa4, 0x00, 0x00, 0x00, 0xff, 0xa4, 0x00, 0x00, 0x00, 0xff, 0xa4, 0x00, 0x00,
    0x07, 0xff, 0x9c, 0x00, 0x3f, 0x95, 0xff, 0x68, 0x00, 0xd6, 0xf6, 0xa1, 0x06, 0x00, 0x00, 0xce,
    0x73, 0x00, 0x00, 0x02, 0x9e, 0xca, 0x00, 0x00, 0xff, 0xa4, 0x00, 0x00, 0x99, 0xff, 0x66, 0x00,
    0x00, 0xff, 0xa4, 0x00, 0x89, 0xff, 0x76, 0x00, 0x00, 0x00, 0xff, 0xa4, 0x78, 0xff, 0x84, 0x00,
    0x00, 0x00, 0x00, 0xff, 0xe7, 0xff, 0xad, 0x00, 0x00, 0x00, 0x00, 0x00, 0xff, 0xd8, 0xfd, 0xd7,
    0x13, 0x00, 0x00, 0x00, 0x00, 0xff, 0xa4, 0x50, 0xfb, 0xc8, 0x0b, 0x00, 0x00, 0x00, 0xff, 0xa4,
    0x00, 0x5b, 0xfe, 0xba, 0x06, 0x00, 0x00, 0xff, 0xa4, 0x00, 0x00, 0x68, 0xff, 0xa7, 0x00, 0x00,
    0xce, 0x75, 0x00, 0x00, 0x00, 0x71, 0xea, 0x0f, 0x00, 0xce, 0x73, 0x00, 0x00, 0x00, 0x00, 0x00,
    0x00, 0xff, 0xa4, 0x00, 0x00, 0x00, 0x00, 0x00, 0x00, 0xff, 0xa4, 0x00, 0x00, 0x00, 0x00, 0x00,
    0x00, 0xff, 0xa4, 0x00, 0x00, 0x00, 0x00, 0x00, 0x00, 0xff, 0xa4, 0x00, 0x00, 0x00, 0x00, 0x00,
    0x00, 0xff, 0xa4, 0x00, 0x00, 0x00, 0x00, 0x00, 0x00, 0xff, 0xa4, 0x00, 0x00, 0x00, 0x00, 0x00,
    0x00, 0xff, 0xa4, 0x00, 0x00, 0x00, 0x00, 0x00, 0x00, 0xff, 0xd4, 0x88, 0x88, 0x88, 0x75, 0x00,
    0x00, 0xcf, 0xff, 0xff, 0xff, 0xff, 0xed, 0x0b, 0x00, 0xd5, 0x7c, 0x00, 0x00, 0x00, 0x00, 0x00,
    0x73, 0xd5, 0x00, 0x00, 0xff, 0xf5, 0x15, 0x00, 0x00, 0x00, 0x10, 0xf0, 0xff, 0x00, 0x00, 0xff,
    0xff, 0x88, 0x00, 0x00, 0x00, 0x7f, 0xff, 0xff, 0x00, 0x00, 0xff, 0xf9, 0xf3, 0x13, 0x00, 0x0e,
    0xee, 0xf1, 0xff, 0x00, 0x00, 0xff, 0xa6, 0xd6, 0x83, 0x00, 0x7b, 0xd1, 0xa5, 0xff, 0x00, 0x00,
    0xff, 0xa4, 0x5d, 0xf0, 0x1c, 0xec, 0x58, 0xa4, 0xff, 0x00, 0x00, 0xff, 0xa4, 0x03, 0xdc, 0xed,
    0xda, 0x03, 0xa4, 0xff, 0x00, 0x00, 0xff, 0xa4, 0x00, 0x64, 0xff, 0x62, 0x00, 0xa4, 0xff, 0x00,
    0x00, 0xff, 0xa4, 0x00, 0x04, 0x6c, 0x04, 0x00, 0xa4, 0xff, 0x00, 0x00, 0xd1, 0x79, 0x00, 0x00,
    0x00, 0x00, 0x00, 0x79, 0xd2, 0x00, 0x00, 0xd2, 0x73, 0x00, 0x00, 0x00, 0x00, 0xd0, 0x77, 0x00,
    0x00, 0xff, 0xfb, 0x35, 0x00, 0x00, 0x00, 0xff, 0xa4, 0x00, 0x00, 0xff, 0xff, 0xda, 0x0b, 0x00,
    0x00, 0xff, 0xa4, 0x00, 0x00, 0xff, 0xc2, 0xf0, 0x9a, 0x00, 0x00, 0xff, 0xa4, 0x00, 0x00, 0xff,
    0xa4, 0x5b, 0xff, 0x4f, 0x00, 0xff, 0xa4, 0x00, 0x00, 0xff, 0xa4, 0x00, 0xa6, 0xeb, 0x18, 0xff,
    0xa4, 0x00, 0x00, 0xff, 0xa4, 0x00, 0x10, 0xe2, 0xb7, 0xff, 0xa4, 0x00, 0x00, 0xff, 0xa4, 0x00,
    0x00, 0x40, 0xfd, 0xff, 0xa4, 0x00, 0x00, 0xff, 0xa4, 0x00, 0x00, 0x00, 0x8b, 0xff, 0xa4, 0x00,
    0x00, 0xcf, 0x76, 0x00, 0x00, 0x00, 0x06, 0xc2, 0x7f, 0x00, 0x00, 0x00, 0x14, 0x96, 0xe7, 0xf7,
    0xd1, 0x62, 0x00, 0x00, 0x00, 0x0d, 0xd8, 0xf0, 0x7f, 0x62, 0xab, 0xff, 0x82, 0x00, 0x00, 0x82,
    0xff, 0x40, 0x00, 0x00, 0x00, 0xa1, 0xfc, 0x23, 0x00, 0xd5, 0xd3, 0x00, 0x00, 0x00, 0x00, 0x33,
    0xff, 0x75, 0x00, 0xf7, 0xac, 0x00, 0x00, 0x00, 0x00, 0x0e, 0xff, 0x97, 0x00, 0xf4, 0xb2, 0x00,
    0x00, 0x00, 0x00, 0x0a, 0xff, 0x9a, 0x00, 0xd2, 0xd9, 0x00, 0x00, 0x00, 0x00, 0x33, 0xff, 0x75,
    0x00, 0x7e, 0xff, 0x48, 0x00, 0x00, 0x00, 0xa0, 0xfd, 0x24, 0x00, 0x0a, 0xd3, 0xf5, 0x83, 0x5e,
    0xa6, 0xff, 0x86, 0x00, 0x00, 0x00, 0x10, 0x93, 0xe4, 0xf9, 0xd5, 0x69, 0x00, 0x00, 0x00, 0xcd,
    0xff, 0xff, 0xff, 0xe8, 0x99, 0x0d, 0x00, 0xff, 0xc2, 0x54, 0x56, 0x8e, 0xff, 0x98, 0x00, 0xff,
    0xa4, 0x00, 0x00, 0x00, 0xc0, 0xe7, 0x00, 0xff, 0xa4, 0x00, 0x00, 0x00, 0xb2, 0xef, 0x00, 0xff,
    0xa9, 0x10, 0x12, 0x49, 0xf7, 0xb5, 0x00, 0xff, 0xff, 0xff, 0xff, 0xff, 0xd6, 0x25, 0x00, 0xff,
    0xbb, 0x40, 0x3f, 0x28, 0x03, 0x00, 0x00, 0xff, 0xa4, 0x00, 0x00, 0x00, 0x00, 0x00, 0x00, 0xff,
    0xa4, 0x00, 0x00, 0x00, 0x00, 0x00, 0x00, 0xce, 0x75, 0x00, 0x00, 0x00, 0x00, 0x00, 0x00, 0x00,
    0x14, 0x96, 0xe7, 0xf7, 0xd1, 0x62, 0x00, 0x00, 0x00, 0x0d, 0xd8, 0xf0, 0x7f, 0x62, 0xab, 0xff,
    0x82, 0x00, 0x00, 0x82, 0xff, 0x40, 0x00, 0x00, 0x00, 0xa1, 0xfc, 0x23, 0x00, 0xd5, 0xd3, 0x00,
    0x00, 0x00, 0x00, 0x33, 0xff, 0x75, 0x00, 0xf7, 0xac, 0x00, 0x00, 0x00, 0x00, 0x0e, 0xff, 0x97,
    0x00, 0xf4, 0xb2, 0x00, 0x00, 0x00, 0x00, 0x0a, 0xff, 0x9a, 0x00, 0xd2, 0xd9, 0x00, 0x00, 0x00,
    0x00, 0x33, 0xff, 0x75, 0x00, 0x7e, 0xff, 0x48, 0x00, 0x00, 0x00, 0xa0, 0xfd, 0x24, 0x00, 0x0a,
    0xd3, 0xf5, 0x83, 0x5e, 0xa6, 0xff, 0x86, 0x00, 0x00, 0x00, 0x10, 0x93, 0xe4, 0xff, 0xff, 0xa3,
    0x00, 0x00, 0x00, 0x00, 0x00, 0x00, 0x00, 0x0e, 0xa2, 0xfe, 0x42, 0x00, 0x00, 0x00, 0x00, 0x00,
    0x00, 0x00, 0x0f, 0xe9, 0xce, 0x00, 0x00, 0x00, 0x00, 0x00, 0x00, 0x00, 0x00, 0x46, 0x7d, 0x00,
    0x00, 0xcd, 0xff, 0xff, 0xff, 0xe8, 0x99, 0x0d, 0x00, 0x00, 0xff, 0xc2, 0x54, 0x57, 0x90, 0xff,
    0x98, 0x00, 0x00, 0xff, 0xa4, 0x00, 0x00, 0x00, 0xc2, 0xe6, 0x00, 0x00, 0xff, 0xa4, 0x00, 0x00,
    0x00, 0xb3, 0xf5, 0x00, 0x00, 0xff, 0xab, 0x14, 0x17, 0x5a, 0xf8, 0xbb, 0x00, 0x00, 0xff, 0xff,
    0xff, 0xff, 0xff, 0xff, 0x26, 0x00, 0x00, 0xff, 0xbb, 0x40, 0x72, 0xff, 0xff, 0x23, 0x00, 0x00,
    0xff, 0xa4, 0x00, 0x00, 0x90, 0xff, 0x8d, 0x00, 0x00, 0xff, 0xa4, 0x00, 0x00, 0x14, 0xf0, 0xee,
    0x05, 0x00, 0xce, 0x78, 0x00, 0x00, 0x00, 0x68, 0xe9, 0x10, 0x00, 0x03, 0x71, 0xd6, 0xf6, 0xe1,
    0x9d, 0x22, 0x00, 0x81, 0xfe, 0x98, 0x5e, 0x76, 0xd3, 0x81, 0x00, 0xe3, 0xbb, 0x00, 0x00, 0x00,
    0x00, 0x00, 0x00, 0xef, 0xdd, 0x1d, 0x00, 0x00, 0x00, 0x00, 0x00, 0x95, 0xff, 0xfd, 0xce, 0x8f,
    0x36, 0x00, 0x00, 0x03, 0x6d, 0xc8, 0xfb, 0xff, 0xfe, 0x6e, 0x00, 0x00, 0x00, 0x00, 0x0a, 0x50,
    0xec, 0xe8, 0x00, 0x10, 0x00, 0x00, 0x00, 0x00, 0xb4, 0xf0, 0x0f, 0xfd, 0xbd, 0x70, 0x5b, 0x8a,
    0xfd, 0x87, 0x00, 0x59, 0xbf, 0xef, 0xf8, 0xd8, 0x77, 0x04, 0xdb, 0xff, 0xff, 0xff, 0xff, 0xff,
    0xff, 0xdb, 0x39, 0x54, 0x54, 0xc2, 0xff, 0x54, 0x54, 0x3b, 0x00, 0x00, 0x00, 0xa4, 0xff, 0x00,
    0x00, 0x00, 0x00, 0x00, 0x00, 0xa4, 0xff, 0x00, 0x00, 0x00, 0x00, 0x00, 0x00, 0xa4, 0xff, 0x00,
    0x00, 0x00, 0x00, 0x00, 0x00, 0xa4, 0xff, 0x00, 0x00, 0x00, 0x00, 0x00, 0x00, 0xa4, 0xff, 0x00,
    0x00, 0x00, 0x00, 0x00, 0x00, 0xa4, 0xff, 0x00, 0x00, 0x00, 0x00, 0x00, 0x00, 0xa4, 0xff, 0x00,
    0x00, 0x00, 0x00, 0x00, 0x00, 0x72, 0xca, 0x00, 0x00, 0x00, 0x00, 0xd0, 0x7b, 0x00, 0x00, 0x00,
    0x00, 0xd4, 0x75, 0x00, 0x00, 0xff, 0xa4, 0x00, 0x00, 0x00, 0x00, 0xff, 0xa4, 0x00, 0x00, 0xff,
    0xa4, 0x00, 0x00, 0x00, 0x00, 0xff, 0xa4, 0x00, 0x00, 0xff, 0xa4, 0x00, 0x00, 0x00, 0x00, 0xff,
    0xa4, 0x00, 0x00, 0xff, 0xa4, 0x00, 0x00, 0x00, 0x00, 0xff, 0xa4, 0x00, 0x00, 0xff, 0xa4, 0x00,
    0x00, 0x00, 0x00, 0xff, 0xa3, 0x00, 0x00, 0xf4, 0xb3, 0x00, 0x00, 0x00, 0x10, 0xff, 0x95, 0x00,
    0x00, 0xc4, 0xea, 0x0a, 0x00, 0x00, 0x4e, 0xff, 0x68, 0x00, 0x00, 0x46, 0xff, 0xc4, 0x63, 0x75,
    0xec, 0xe8, 0x11, 0x00, 0x00, 0x00, 0x4b, 0xd0, 0xf9, 0xef, 0xb3, 0x28, 0x00, 0x00, 0xa2, 0xb4,
    0x00, 0x00, 0x00, 0x00, 0x00, 0x61, 0xe2, 0x04, 0x90, 0xff, 0x33, 0x00, 0x00, 0x00, 0x01, 0xda,
    0xd3, 0x00, 0x27, 0xfe, 0x9a, 0x00, 0x00, 0x00, 0x43, 0xff, 0x69, 0x00, 0x00, 0xbb, 0xf4, 0x0e,
    0x00, 0x00, 0xab, 0xf2, 0x0c, 0x00, 0x00, 0x51, 0xff, 0x69, 0x00, 0x17, 0xfa, 0x94, 0x00, 0x00,
    0x00, 0x03, 0xe2, 0xd0, 0x00, 0x7a, 0xff, 0x2a, 0x00, 0x00, 0x00, 0x00, 0x7b, 0xff, 0x3a, 0xdf,
    0xbe, 0x00, 0x00, 0x00, 0x00, 0x00, 0x16, 0xf9, 0xe8, 0xff, 0x53, 0x00, 0x00, 0x00, 0x00, 0x00,
    0x00, 0xa5, 0xff, 0xe4, 0x04, 0x00, 0x00, 0x00, 0x00, 0x00, 0x00, 0x2e, 0xea, 0x68, 0x00, 0x00,
    0x00, 0x00, 0x56, 0xe8, 0x1b, 0x00, 0x00, 0x00, 0x5e, 0xda, 0x0b, 0x00, 0x00, 0x00, 0x73, 0xd1,
    0x00, 0x41, 0xff, 0x73, 0x00, 0x00, 0x00, 0xca, 0xff, 0x56, 0x00, 0x00, 0x00, 0xdd, 0xbc, 0x00,
    0x03, 0xe9, 0xc4, 0x00, 0x00, 0x1f, 0xff, 0xff, 0xa9, 0x00, 0x00, 0x30, 0xff, 0x67, 0x00, 0x00,
    0x98, 0xfd, 0x16, 0x00, 0x74, 0xf7, 0x94, 0xf3, 0x08, 0x00, 0x82, 0xfc, 0x16, 0x00, 0x00, 0x44,
    0xff, 0x64, 0x00, 0xc9, 0xae, 0x34, 0xff, 0x4d, 0x00, 0xd4, 0xbd, 0x00, 0x00, 0x00, 0x03, 0xeb,
    0xb5, 0x1e, 0xff, 0x5a, 0x00, 0xdf, 0x9f, 0x25, 0xff, 0x68, 0x00, 0x00, 0x00, 0x00, 0x9a, 0xf8,
    0x7f, 0xf8, 0x0d, 0x00, 0x8c, 0xed, 0x7b, 0xfd, 0x17, 0x00, 0x00, 0x00, 0x00, 0x46, 0xff, 0xff,
    0xb1, 0x00, 0x00, 0x38, 0xff, 0xff, 0xbe, 0x00, 0x00, 0x00, 0x00, 0x00, 0x04, 0xec, 0xff, 0x5c,
    0x00, 0x00, 0x01, 0xe2, 0xff, 0x69, 0x00, 0x00, 0x00, 0x00, 0x00, 0x00, 0x80, 0xdd, 0x0d, 0x00,
    0x00, 0x00, 0x76, 0xe1, 0x13, 0x00, 0x00, 0x00, 0x31, 0xe9, 0x3d, 0x00, 0x00, 0x00, 0x77, 0xe1,
    0x03, 0x0e, 0xe3, 0xe0, 0x0e, 0x00, 0x36, 0xfc, 0xb1, 0x00, 0x00, 0x44, 0xfe, 0x9d, 0x08, 0xd7,
    0xea, 0x17, 0x00, 0x00, 0x00, 0x91, 0xff, 0xda, 0xff, 0x50, 0x00, 0x00, 0x00, 0x00, 0x08, 0xe9,
    0xff, 0xb0, 0x00, 0x00, 0x00, 0x00, 0x00, 0x15, 0xf0, 0xff, 0xc2, 0x01, 0x00, 0x00, 0x00, 0x00,
    0xb0, 0xfb, 0xa8, 0xff, 0x6f, 0x00, 0x00, 0x00, 0x65, 0xff, 0x80, 0x02, 0xc1, 0xf7, 0x2a, 0x00,
    0x21, 0xf4, 0xcd, 0x04, 0x00, 0x21, 0xf2, 0xce, 0x03, 0x4f, 0xe4, 0x29, 0x00, 0x00, 0x00, 0x59,
    0xea, 0x17, 0xc5, 0x97, 0x00, 0x00, 0x00, 0x10, 0xd3, 0x72, 0x96, 0xff, 0x51, 0x00, 0x00, 0x9e,
    0xfe, 0x3d, 0x0d, 0xe1, 0xe8, 0x12, 0x47, 0xff, 0x94, 0x00, 0x00, 0x45, 0xff, 0xb1, 0xe2, 0xdf,
    0x0c, 0x00, 0x00, 0x00, 0x9a, 0xff, 0xff, 0x42, 0x00, 0x00, 0x00, 0x00, 0x0e, 0xff, 0xca, 0x00,
    0x00, 0x00, 0x00, 0x00, 0x00, 0xff, 0xa4, 0x00, 0x00, 0x00, 0x00, 0x00, 0x00, 0xff, 0xa4, 0x00,
    0x00, 0x00, 0x00, 0x00, 0x00, 0xff, 0xa4, 0x00, 0x00, 0x00, 0x00, 0x00, 0x00, 0xcd, 0x75, 0x00,
    0x00, 0x00, 0x00, 0xda, 0xff, 0xff, 0xff, 0xff, 0xff, 0xbf, 0x00, 0x39, 0x54, 0x54, 0x54, 0x9a,
    0xff, 0xaf, 0x00, 0x00, 0x00, 0x00, 0x0e, 0xe2, 0xf3, 0x21, 0x00, 0x00, 0x00, 0x00, 0x9c, 0xff,
    0x69, 0x00, 0x00, 0x00, 0x00, 0x47, 0xff, 0xbd, 0x01, 0x00, 0x00, 0x00, 0x0e, 0xe2, 0xf3, 0x20,
    0x00, 0x00, 0x00, 0x00, 0x9d, 0xff, 0x68, 0x00, 0x00, 0x00, 0x00, 0x48, 0xff, 0xbc, 0x01, 0x00,
    0x00, 0x00, 0x03, 0xdf, 0xff, 0x73, 0x54, 0x54, 0x54, 0x39, 0x0a, 0xe9, 0xff, 0xff, 0xff, 0xff,
    0xff, 0xda, 0x00, 0xd9, 0xff, 0xf5, 0x17, 0x00, 0xff, 0xc2, 0x49, 0x01, 0x00, 0xff, 0xa4, 0x00,
    0x00, 0x00, 0xff, 0xa4, 0x00, 0x00, 0x00, 0xff, 0xa4, 0x00, 0x00, 0x00, 0xff, 0xa4, 0x00, 0x00,
    0x00, 0xff, 0xa4, 0x00, 0x00, 0x00, 0xff, 0xa4, 0x00, 0x00, 0x00, 0xff, 0xa4, 0x00, 0x00, 0x00,
    0xff, 0xa4, 0x00, 0x00, 0x00, 0xff, 0xa4, 0x00, 0x00, 0x00, 0xff, 0xc2, 0x49, 0x01, 0x00, 0xd8,
    0xff, 0xf5, 0x17, 0x02, 0x66, 0x03, 0x00, 0x00, 0x00, 0x0a, 0xfb, 0x48, 0x00, 0x00, 0x00, 0x00,
    0xc0, 0x95, 0x00, 0x00, 0x00, 0x00, 0x74, 0xe0, 0x00, 0x00, 0x00, 0x00, 0x28, 0xff, 0x2d, 0x00,
    0x00, 0x00, 0x00, 0xdc, 0x79, 0x00, 0x00, 0x00, 0x00, 0x90, 0xc5, 0x00, 0x00, 0x00, 0x00, 0x44,
    0xfd, 0x14, 0x00, 0x00, 0x00, 0x05, 0xf2, 0x5e, 0x00, 0x00, 0x00, 0x00, 0xac, 0xaa, 0x00, 0x00,
    0x00, 0x00, 0x60, 0xf1, 0x05, 0x00, 0x00, 0x00, 0x14, 0xe6, 0x17, 0x69, 0xff, 0xff, 0x7d, 0x00,
    0x15, 0x53, 0xff, 0xa4, 0x00, 0x00, 0x00, 0xff, 0xa4, 0x00, 0x00, 0x00, 0xff, 0xa4, 0x00, 0x00,
    0x00, 0xff, 0xa4, 0x00, 0x00, 0x00, 0xff, 0xa4, 0x00, 0x00, 0x00, 0xff, 0xa4, 0x00, 0x00, 0x00,
    0xff, 0xa4, 0x00, 0x00, 0x00, 0xff, 0xa4, 0x00, 0x00, 0x00, 0xff, 0xa4, 0x00, 0x00, 0x00, 0xff,
    0xa4, 0x00, 0x15, 0x53, 0xff, 0xa4, 0x00, 0x69, 0xff, 0xff, 0x7d, 0x00, 0x00, 0x00, 0x01, 0xf9,
    0xad, 0x00, 0x00, 0x00, 0x00, 0x00, 0x42, 0xff, 0xfa, 0x14, 0x00, 0x00, 0x00, 0x00, 0xa8, 0x86,
    0xb9, 0x74, 0x00, 0x00, 0x00, 0x14, 0xf8, 0x25, 0x57, 0xda, 0x01, 0x00, 0x00, 0x74, 0xc1, 0x00,
    0x07, 0xed, 0x41, 0x00, 0x00, 0xd8, 0x5f, 0x00, 0x00, 0x93, 0xa8, 0x00, 0x1c, 0xe2, 0x0a, 0x00,
    0x00, 0x2b, 0xe0, 0x00, 0x00, 0x00, 0x00, 0x00, 0x00, 0x00, 0x00, 0x00, 0x00, 0x00, 0x00, 0x00,
    0x00, 0x00, 0x00, 0x00, 0x08, 0x14, 0x14, 0x14, 0x14, 0x12, 0x00, 0xc1, 0xff, 0xff, 0xff, 0xff,
    0xff, 0x41, 0x24, 0x40, 0x40, 0x40, 0x40, 0x3e, 0x06, 0x00, 0x77, 0x76, 0x00, 0x00, 0x00, 0x5d,
    0xf3, 0x10, 0x00, 0x00, 0x00, 0xbb, 0x73, 0x00, 0x00, 0x00, 0x17, 0x26, 0x00, 0x00, 0x00, 0x00,
    0x00, 0x00, 0x00, 0x00, 0x00, 0x00, 0x00, 0x00, 0x00, 0x00, 0x00, 0x00, 0x00, 0x00, 0x00, 0x00,
    0x00, 0x00, 0x00, 0x00, 0x00, 0x00, 0x00, 0x00, 0x00, 0x00, 0x00, 0x00, 0x00, 0x00, 0x00, 0x00,
    0x00, 0x56, 0xca, 0xf6, 0xec, 0x94, 0x04, 0x00, 0x96, 0x97, 0x5e, 0x93, 0xff, 0x66, 0x00, 0x00,
    0x00, 0x04, 0x13, 0xff, 0x9c, 0x00, 0x5b, 0xdb, 0xfe, 0xff, 0xff, 0xa4, 0x00, 0xef, 0xdc, 0x55,
    0x58, 0xff, 0xa4, 0x00, 0xe0, 0xe1, 0x67, 0xb9, 0xfe, 0xa4, 0x00, 0x34, 0xd7, 0xf3, 0x93, 0xb1,
    0x78, 0x00, 0xd1, 0x77, 0x00, 0x00, 0x00, 0x00, 0x00, 0x00, 0xff, 0xa4, 0x00, 0x00, 0x00, 0x00,
    0x00, 0x00, 0xff, 0xa4, 0x00, 0x00, 0x00, 0x00, 0x00, 0x00, 0xff, 0xb5, 0xac, 0xf5, 0xde, 0x58,
    0x00, 0x00, 0xff, 0xff, 0xa5, 0x63, 0xd1, 0xfc, 0x2f, 0x00, 0xff, 0xce, 0x01, 0x00, 0x2f, 0xff,
    0x86, 0x00, 0xff, 0xaa, 0x00, 0x00, 0x09, 0xff, 0x9e, 0x00, 0xff, 0xd1, 0x00, 0x00, 0x36, 0xff,
    0x85, 0x00, 0xff, 0xff, 0x9b, 0x67, 0xd7, 0xfd, 0x2f, 0x00, 0xce, 0x7d, 0xa1, 0xf4, 0xdf, 0x5a,
    0x00, 0x00, 0x04, 0x7d, 0xde, 0xf4, 0xbd, 0x26, 0x00, 0x79, 0xff, 0xa1, 0x5f, 0xa3, 0x41, 0x00,
    0xda, 0xd1, 0x00, 0x00, 0x00, 0x00, 0x00, 0xf8, 0xab, 0x00, 0x00, 0x00, 0x00, 0x00, 0xdd, 0xd4,
    0x00, 0x00, 0x00, 0x00, 0x00, 0x79, 0xff, 0xa1, 0x5e, 0xa1, 0x36, 0x00, 0x02, 0x7e, 0xe5, 0xf5,
    0xbb, 0x21, 0x00, 0x00, 0x00, 0x00, 0x00, 0x00, 0xd2, 0x76, 0x00, 0x00, 0x00, 0x00, 0x00, 0x00,
    0xff, 0xa4, 0x00, 0x00, 0x00, 0x00, 0x00, 0x00, 0xff, 0xa4, 0x00, 0x07, 0x97, 0xf2, 0xe7, 0x71,
    0xff, 0xa4, 0x00, 0x88, 0xff, 0xa5, 0x63, 0xd1, 0xff, 0xa4, 0x00, 0xe2, 0xce, 0x01, 0x00, 0x2f,
    0xff, 0xa4, 0x00, 0xfa, 0xaa, 0x00, 0x00, 0x09, 0xff, 0xa4, 0x00, 0xe1, 0xd1, 0x00, 0x00, 0x36,
    0xff, 0xa4, 0x00, 0x88, 0xff, 0x9b, 0x67, 0xd2, 0xff, 0xa4, 0x00, 0x08, 0x9c, 0xf2, 0xe4, 0x5e,
    0xcc, 0x76, 0x00, 0x02, 0x7f, 0xe8, 0xea, 0x91, 0x05, 0x00, 0x00, 0x77, 0xff, 0x8b, 0x7c, 0xfe,
    0x78, 0x00, 0x00, 0xdd, 0xd8, 0x10, 0x10, 0xca, 0xd6, 0x00, 0x00, 0xf9, 0xff, 0xff, 0xff, 0xff,
    0xf3, 0x00, 0x00, 0xda, 0xf9, 0x40, 0x40, 0x40, 0x2e, 0x00, 0x00, 0x69, 0xff, 0xa6, 0x5d, 0x7d,
    0xc8, 0x0e, 0x00, 0x00, 0x69, 0xd8, 0xf8, 0xde, 0x79, 0x01, 0x00, 0x00, 0x00, 0x03, 0x30, 0x20,
    0x00, 0x00, 0x32, 0xe3, 0xff, 0x9f, 0x00, 0x00, 0xc1, 0xe5, 0x21, 0x00, 0x00, 0x00, 0xf2, 0xa9,
    0x00, 0x00, 0x26, 0xf9, 0xff, 0xff, 0xfc, 0x44, 0x05, 0x4d, 0xff, 0xc2, 0x50, 0x0c, 0x00, 0x00,
    0xff, 0xa4, 0x00, 0x00, 0x00, 0x00, 0xff, 0xa4, 0x00, 0x00, 0x00, 0x00, 0xff, 0xa4, 0x00, 0x00,
    0x00, 0x00, 0xff, 0xa4, 0x00, 0x00, 0x00, 0x00, 0xd0, 0x76, 0x00, 0x00, 0x00, 0x06, 0x90, 0xe9,
    0xe3, 0x5b, 0xcb, 0x73, 0x00, 0x80, 0xff, 0xa1, 0x62, 0xcd, 0xff, 0xa4, 0x00, 0xdc, 0xd8, 0x02,
    0x00, 0x30, 0xff, 0xa4, 0x00, 0xf9, 0xad, 0x00, 0x00, 0x0a, 0xff, 0xa4, 0x00, 0xe1, 0xd4, 0x00,
    0x00, 0x39, 0xff, 0xa4, 0x00, 0x87, 0xff, 0x9e, 0x67, 0xd6, 0xff, 0xa4, 0x00, 0x07, 0x99, 0xf2,
    0xe8, 0x72, 0xff, 0x9f, 0x00, 0x00, 0x00, 0x00, 0x00, 0x1c, 0xff, 0x80, 0x00, 0x5f, 0xb9, 0x6a,
    0x5e, 0xc1, 0xfc, 0x2c, 0x00, 0x29, 0xaa, 0xe8, 0xf6, 0xd0, 0x4e, 0x00, 0x00, 0xd1, 0x76, 0x00,
    0x00, 0x00, 0x00, 0x00, 0x00, 0xff, 0xa4, 0x00, 0x00, 0x00, 0x00, 0x00, 0x00, 0xff, 0xa4, 0x00,
    0x00, 0x00, 0x00, 0x00, 0x00, 0xff, 0xb6, 0xaf, 0xf6, 0xde, 0x42, 0x00, 0x00, 0xff, 0xff, 0x8c,
    0x68, 0xf3, 0xd1, 0x00, 0x00, 0xff, 0xc0, 0x00, 0x00, 0xae, 0xfa, 0x00, 0x00, 0xff, 0xa4, 0x00,
    0x00, 0xa4, 0xff, 0x00, 0x00, 0xff, 0xa4, 0x00, 0x00, 0xa4, 0xff, 0x00, 0x00, 0xff, 0xa4, 0x00,
    0x00, 0xa4, 0xff, 0x00, 0x00, 0xd1, 0x77, 0x00, 0x00, 0x75, 0xd1, 0x00, 0x00, 0xd3, 0x7b, 0x00,
    0x34, 0x19, 0x00, 0x00, 0x00, 0x00, 0xcb, 0x70, 0x00, 0xff, 0xa4, 0x00, 0xff, 0xa4, 0x00, 0xff,
    0xa4, 0x00, 0xff, 0xa4, 0x00, 0xff, 0xa4, 0x00, 0xcb, 0x70, 0x00, 0x00, 0xd3, 0x79, 0x00, 0x00,
    0x34, 0x18, 0x00, 0x00, 0x00, 0x00, 0x00, 0x00, 0xcc, 0x77, 0x00, 0x00, 0xff, 0xa4, 0x00, 0x00,
    0xff, 0xa4, 0x00, 0x00, 0xff, 0xa4, 0x00, 0x00, 0xff, 0xa4, 0x00, 0x00, 0xff, 0xa4, 0x00, 0x00,
    0xff, 0xa4, 0x00, 0x0d, 0xff, 0x99, 0x38, 0xbd, 0xff, 0x57, 0x59, 0xb4, 0x64, 0x00, 0x00, 0xd1,
    0x76, 0x00, 0x00, 0x00, 0x00, 0x00, 0xff, 0xa4, 0x00, 0x00, 0x00, 0x00, 0x00, 0xff, 0xa4, 0x00,
    0x00, 0x00, 0x00, 0x00, 0xff, 0xa4, 0x00, 0x2c, 0xe0, 0x57, 0x00, 0xff, 0xa4, 0x1c, 0xe4, 0xdc,
    0x14, 0x00, 0xff, 0xb3, 0xd3, 0xec, 0x25, 0x00, 0x00, 0xff, 0xfe, 0xff, 0xa8, 0x00, 0x00, 0x00,
    0xff, 0xac, 0xc2, 0xfd, 0x4f, 0x00, 0x00, 0xff, 0xa4, 0x10, 0xd2, 0xf5, 0x34, 0x00, 0xd1, 0x77,
    0x00, 0x1a, 0xd0, 0x87, 0x00, 0xd1, 0x76, 0x00, 0x00, 0x00, 0xff, 0xa4, 0x00, 0x00, 0x00, 0xff,
    0xa4, 0x00, 0x00, 0x00, 0xff, 0xa4, 0x00, 0x00, 0x00, 0xff, 0xa4, 0x00, 0x00, 0x00, 0xff, 0xa4,
    0x00, 0x00, 0x00, 0xff, 0xa4, 0x00, 0x00, 0x00, 0xfa, 0xac, 0x00, 0x00, 0x00, 0xd0, 0xf5, 0x83,
    0x32, 0x00, 0x3c, 0xd8, 0xf9, 0x5a, 0x00, 0xd1, 0x8b, 0xb6, 0xf7, 0xc8, 0x3d, 0xc7, 0xf8, 0xc3,
    0x12, 0x00, 0xff, 0xff, 0x7b, 0x8f, 0xff, 0xfd, 0x7b, 0x8f, 0xff, 0x78, 0x00, 0xff, 0xbc, 0x00,
    0x08, 0xff, 0xbc, 0x00, 0x08, 0xff, 0x9e, 0x00, 0xff, 0xa4, 0x00, 0x00, 0xff, 0xa4, 0x00, 0x00,
    0xff, 0xa4, 0x00, 0xff, 0xa4, 0x00, 0x00, 0xff, 0xa4, 0x00, 0x00, 0xff, 0xa4, 0x00, 0xff, 0xa4,
    0x00, 0x00, 0xff, 0xa4, 0x00, 0x00, 0xff, 0xa4, 0x00, 0xd1, 0x76, 0x00, 0x00, 0xd0, 0x75, 0x00,
    0x00, 0xd0, 0x75, 0x00, 0xcf, 0x7f, 0xa3, 0xf5, 0xe0, 0x43, 0x00, 0x00, 0xff, 0xff, 0x8c, 0x68,
    0xf3, 0xd1, 0x00, 0x00, 0xff, 0xc0, 0x00, 0x00, 0xae, 0xfa, 0x00, 0x00, 0xff, 0xa4, 0x00, 0x00,
    0xa4, 0xff, 0x00, 0x00, 0xff, 0xa4, 0x00, 0x00, 0xa4, 0xff, 0x00, 0x00, 0xff, 0xa4, 0x00, 0x00,
    0xa4, 0xff, 0x00, 0x00, 0xd1, 0x77, 0x00, 0x00, 0x75, 0xd1, 0x00, 0x00, 0x02, 0x77, 0xdb, 0xf6,
    0xc8, 0x3d, 0x00, 0x00, 0x6f, 0xff, 0xa5, 0x63, 0xd1, 0xf5, 0x22, 0x00, 0xd6, 0xce, 0x01, 0x00,
    0x2f, 0xff, 0x80, 0x00, 0xf7, 0xaa, 0x00, 0x00, 0x09, 0xff, 0x9a, 0x00, 0xdd, 0xd1, 0x00, 0x00,
    0x36, 0xff, 0x77, 0x00, 0x79, 0xff, 0x9b, 0x67, 0xd7, 0xf3, 0x1b, 0x00, 0x02, 0x7f, 0xe4, 0xf4,
    0xc6, 0x39, 0x00, 0x00, 0xcc, 0x7b, 0xa0, 0xf4, 0xde, 0x58, 0x00, 0x00, 0xff, 0xff, 0xa5, 0x63,
    0xd1, 0xfc, 0x2f, 0x00, 0xff, 0xce, 0x01, 0x00, 0x2f, 0xff, 0x86, 0x00, 0xff, 0xaa, 0x00, 0x00,
    0x09, 0xff, 0x9e, 0x00, 0xff, 0xd1, 0x00, 0x00, 0x36, 0xff, 0x85, 0x00, 0xff, 0xff, 0x9b, 0x67,
    0xd7, 0xfd, 0x2f, 0x00, 0xff, 0xb5, 0xb0, 0xf6, 0xdf, 0x5a, 0x00, 0x00, 0xff, 0xa4, 0x00, 0x00,
    0x00, 0x00, 0x00, 0x00, 0xff, 0xa4, 0x00, 0x00, 0x00, 0x00, 0x00, 0x00, 0xcd, 0x72, 0x00, 0x00,
    0x00, 0x00, 0x00, 0x00, 0x08, 0x99, 0xf2, 0xe3, 0x5e, 0xcc, 0x73, 0x00, 0x89, 0xff, 0xa5, 0x63,
    0xcc, 0xff, 0xa4, 0x00, 0xe2, 0xce, 0x01, 0x00, 0x2f, 0xff, 0xa4, 0x00, 0xfa, 0xaa, 0x00, 0x00,
    0x09, 0xff, 0xa4, 0x00, 0xe1, 0xd1, 0x00, 0x00, 0x36, 0xff, 0xa4, 0x00, 0x87, 0xff, 0x9b, 0x67,
    0xd7, 0xff, 0xa4, 0x00, 0x07, 0x9a, 0xf2, 0xe9, 0x74, 0xff, 0xa4, 0x00, 0x00, 0x00, 0x00, 0x00,
    0x00, 0xff, 0xa4, 0x00, 0x00, 0x00, 0x00, 0x00, 0x00, 0xff, 0xa4, 0x00, 0x00, 0x00, 0x00, 0x00,
    0x00, 0xcd, 0x73, 0x00, 0x00, 0x00, 0x00, 0x02, 0x00, 0x00, 0xcf, 0x81, 0xb4, 0xf8, 0x1c, 0x00,
    0xff, 0xff, 0xbd, 0x6d, 0x04, 0x00, 0xff, 0xcd, 0x00, 0x00, 0x00, 0x00, 0xff, 0xa5, 0x00, 0x00,
    0x00, 0x00, 0xff, 0xa4, 0x00, 0x00, 0x00, 0x00, 0xff, 0xa4, 0x00, 0x00, 0x00, 0x00, 0xce, 0x76,
    0x00, 0x00, 0x00, 0x00, 0x2c, 0xba, 0xf6, 0xea, 0x99, 0x09, 0x00, 0xda, 0xe7, 0x64, 0x6f, 0xbc,
    0x1c, 0x00, 0xea, 0xcf, 0x1e, 0x00, 0x00, 0x00, 0x00, 0x47, 0xca, 0xfb, 0xe9, 0x9f, 0x12, 0x00,
    0x00, 0x00, 0x08, 0x53, 0xff, 0x8c, 0x00, 0xb0, 0x94, 0x5d, 0x85, 0xff, 0x7a, 0x00, 0x58, 0xd1,
    0xf7, 0xe8, 0x91, 0x06, 0x00, 0x00, 0xd2, 0x77, 0x00, 0x00, 0x00, 0x00, 0xff, 0xa4, 0x00, 0x00,
    0x36, 0xfb, 0xff, 0xff, 0xff, 0x89, 0x08, 0x4f, 0xff, 0xc2, 0x54, 0x20, 0x00, 0x00, 0xff, 0xa4,
    0x00, 0x00, 0x00, 0x00, 0xff, 0xa4, 0x00, 0x00, 0x00, 0x00, 0xfb, 0xab, 0x00, 0x00, 0x00, 0x00,
    0xcf, 0xf0, 0x66, 0x49, 0x00, 0x00, 0x34, 0xd1, 0xfa, 0xab, 0x00, 0xd1, 0x75, 0x00, 0x00, 0x78,
    0xce, 0x00, 0x00, 0xff, 0xa4, 0x00, 0x00, 0xa4, 0xff, 0x00, 0x00, 0xff, 0xa4, 0x00, 0x00, 0xa4,
    0xff, 0x00, 0x00, 0xff, 0xa4, 0x00, 0x00, 0xa4, 0xff, 0x00, 0x00, 0xfa, 0xac, 0x00, 0x00, 0xc2,
    0xff, 0x00, 0x00, 0xcf, 0xf2, 0x68, 0x8b, 0xff, 0xff, 0x00, 0x00, 0x3b, 0xda, 0xf7, 0xaf, 0x82,
    0xd1, 0x00, 0x8f, 0xc0, 0x00, 0x00, 0x01, 0xc6, 0x70, 0x76, 0xff, 0x32, 0x00, 0x42, 0xff, 0x54,
    0x16, 0xfa, 0x92, 0x00, 0xa4, 0xe6, 0x05, 0x00, 0xaa, 0xec, 0x16, 0xf6, 0x82, 0x00, 0x00, 0x43,
    0xff, 0xbc, 0xfc, 0x1d, 0x00, 0x00, 0x01, 0xdb, 0xff, 0xb1, 0x00, 0x00, 0x00, 0x00, 0x5d, 0xec,
    0x38, 0x00, 0x00, 0x75, 0xce, 0x01, 0x00, 0x1d, 0xe9, 0x40, 0x00, 0x00, 0x9b, 0x8f, 0x61, 0xff,
    0x3a, 0x00, 0x79, 0xff, 0xa3, 0x00, 0x10, 0xf9, 0x79, 0x0e, 0xf6, 0x90, 0x00, 0xd1, 0xff, 0xf2,
    0x08, 0x62, 0xfe, 0x1e, 0x00, 0xa8, 0xe4, 0x2a, 0xff, 0x53, 0xff, 0x51, 0xb9, 0xbf, 0x00, 0x00,
    0x4b, 0xff, 0xbe, 0xd9, 0x00, 0xc6, 0xbd, 0xfb, 0x62, 0x00, 0x00, 0x04, 0xe9, 0xff, 0x81, 0x00,
    0x6b, 0xff, 0xf6, 0x0e, 0x00, 0x00, 0x00, 0x72, 0xe7, 0x1f, 0x00, 0x11, 0xdd, 0x8a, 0x00, 0x00,
    0x25, 0xed, 0x4c, 0x00, 0x34, 0xe8, 0x3e, 0x04, 0xcb, 0xed, 0x29, 0xdc, 0xe1, 0x10, 0x00, 0x21,
    0xef, 0xff, 0xf9, 0x36, 0x00, 0x00, 0x00, 0xb4, 0xff, 0xcc, 0x00, 0x00, 0x00, 0x38, 0xfa, 0xff,
    0xff, 0x50, 0x00, 0x10, 0xe2, 0xdc, 0x13, 0xc9, 0xf0, 0x21, 0x42, 0xe9, 0x32, 0x00, 0x20, 0xe1,
    0x5f, 0x8d, 0xbb, 0x00, 0x00, 0x00, 0xc7, 0x6f, 0x81, 0xff, 0x2a, 0x00, 0x39, 0xff, 0x5b, 0x21,
    0xfe, 0x86, 0x00, 0x97, 0xef, 0x09, 0x00, 0xbd, 0xe0, 0x07, 0xed, 0x95, 0x00, 0x00, 0x5b, 0xff,
    0x90, 0xff, 0x31, 0x00, 0x00, 0x08, 0xef, 0xff, 0xce, 0x00, 0x00, 0x00, 0x00, 0x9e, 0xff, 0x6a,
    0x00, 0x00, 0x00, 0x00, 0xa4, 0xf6, 0x10, 0x00, 0x00, 0x00, 0x0e, 0xf5, 0xa3, 0x00, 0x00, 0x00,
    0x00, 0x22, 0xeb, 0x32, 0x00, 0x00, 0x00, 0x46, 0xfd, 0xff, 0xff, 0xff, 0xad, 0x0d, 0x51, 0x54,
    0x7f, 0xff, 0x79, 0x00, 0x00, 0x08, 0xd2, 0xc1, 0x03, 0x00, 0x00, 0x93, 0xed, 0x1c, 0x00, 0x00,
    0x4c, 0xfe, 0x51, 0x00, 0x00, 0x14, 0xeb, 0xe0, 0x54, 0x54, 0x3d, 0x3d, 0xfc, 0xff, 0xff, 0xff,
    0xe0, 0x00, 0x00, 0x83, 0xf8, 0xf4, 0x16, 0x00, 0x00, 0xf4, 0xd6, 0x4c, 0x01, 0x00, 0x00, 0xff,
    0xa4, 0x00, 0x00, 0x00, 0x00, 0xff, 0xa4, 0x00, 0x00, 0x00, 0x00, 0xff, 0xa3, 0x00, 0x00, 0x00,
    0x39, 0xff, 0x80, 0x00, 0x00, 0x50, 0xff, 0xe2, 0x13, 0x00, 0x00, 0x08, 0x66, 0xff, 0x72, 0x00,
    0x00, 0x00, 0x01, 0xff, 0xa2, 0x00, 0x00, 0x00, 0x00, 0xff, 0xa4, 0x00, 0x00, 0x00, 0x00, 0xff,
    0xa4, 0x00, 0x00, 0x00, 0x00, 0xf2, 0xd5, 0x4c, 0x01, 0x00, 0x00, 0x81, 0xf5, 0xf4, 0x16, 0x00,
    0xd0, 0x74, 0x00, 0x00, 0xff, 0xa4, 0x00, 0x00, 0xff, 0xa4, 0x00, 0x00, 0xff, 0xa4, 0x00, 0x00,
    0xff, 0xa4, 0x00, 0x00, 0xff, 0xa4, 0x00, 0x00, 0xff, 0xa4, 0x00, 0x00, 0xff, 0xa4, 0x00, 0x00,
    0xff, 0xa4, 0x00, 0x00, 0xff, 0xa4, 0x00, 0x00, 0xff, 0xa4, 0x00, 0x00, 0xff, 0xa4, 0x00, 0x00,
    0xce, 0x74, 0x00, 0x67, 0xff, 0xe2, 0x32, 0x00, 0x00, 0x17, 0x6a, 0xff, 0x93, 0x00, 0x00, 0x00,
    0x00, 0xff, 0xa4, 0x00, 0x00, 0x00, 0x00, 0xff, 0xa4, 0x00, 0x00, 0x00, 0x00, 0xff, 0xa4, 0x00,
    0x00, 0x00, 0x00, 0xdd, 0xce, 0x0f, 0x00, 0x00, 0x00, 0x56, 0xfd, 0xf1, 0x01, 0x00, 0x00, 0xcd,
    0xdc, 0x36, 0x00, 0x00, 0x00, 0xfe, 0xa5, 0x00, 0x00, 0x00, 0x00, 0xff, 0xa4, 0x00, 0x00, 0x00,
    0x00, 0xff, 0xa4, 0x00, 0x00, 0x17, 0x68, 0xff, 0x99, 0x00, 0x00, 0x67, 0xff, 0xe7, 0x38, 0x00,
    0x00, 0x00, 0x00, 0x05, 0x00, 0x00, 0x00, 0x00, 0x00, 0x00, 0x93, 0xfe, 0xc7, 0x52, 0x31, 0xa6,
    0x00, 0x14, 0xd2, 0x4f, 0x96, 0xf8, 0xff, 0x99, 0x00, 0x00, 0x00, 0x00, 0x00, 0x13, 0x32, 0x01,
    0x00, 0x00, 0x00, 0x00, 0x00, 0x00, 0x00, 0x00, 0x00, 0x00, 0x00, 0x00, 0x00, 0x00, 0x00, 0x00,
    0x00, 0x00, 0x02, 0x38, 0x00, 0x00, 0x6e, 0xed, 0x00, 0x0f, 0xee, 0x91, 0x00, 0x30, 0xff, 0x5d,
    0x00, 0x00, 0xbb, 0xc5, 0x00, 0x00, 0x2a, 0xc0, 0x00, 0x00, 0x00, 0x00, 0x00, 0x04, 0x37, 0x00,
    0x00, 0x33, 0xfd, 0x2e, 0x00, 0x00, 0xd3, 0xb9, 0x00, 0x00, 0x9e, 0xeb, 0x00, 0x12, 0xf5, 0x76,
    0x00, 0x26, 0xbe, 0x06, 0x00, 0x00, 0x00, 0x00, 0x00, 0x00, 0x04, 0x00, 0x00, 0xd6, 0x7a, 0x00,
    0xcb, 0x70, 0x00, 0x00, 0x00, 0x00, 0x00, 0x00, 0x00, 0x00, 0x00, 0x00, 0x4b, 0x42, 0x00, 0xcb,
    0x19, 0x00, 0xfe, 0x79, 0x00, 0xc2, 0x6e, 0x00, 0x00, 0x00, 0x00, 0x00, 0x00, 0x00, 0x00, 0x00,
    0x00, 0x00, 0x00, 0x00, 0x00, 0x00, 0x00, 0x00, 0x00, 0x00, 0xc9, 0x6c, 0x00, 0xdc, 0x9c, 0x00,
    0x74, 0x6e, 0x00, 0x7e, 0x0f, 0x00, 0x00, 0x00, 0x00, 0x00, 0x00, 0x00, 0x00, 0x00, 0x00, 0x00,
    0x00, 0x00, 0x00, 0x00, 0x00, 0x00, 0x00, 0x00, 0x4b, 0x42, 0x00, 0x4c, 0x45, 0x00, 0xcb, 0x19,
    0x00, 0xcb, 0x19, 0x00, 0xfe, 0x79, 0x00, 0xfe, 0x79, 0x00, 0xc2, 0x6e, 0x00, 0xc2, 0x71, 0x00,
    0x00, 0x00, 0x00, 0x00, 0x00, 0x00, 0x00, 0x00, 0x00, 0x00, 0x00, 0x00, 0x00, 0x00, 0x00, 0x00,
    0x00, 0x00, 0x00, 0x00, 0x00, 0x00, 0x00, 0x00, 0x00, 0x00, 0x00, 0x00, 0x00, 0x00, 0x00, 0x00,
    0x00, 0x00, 0x00, 0x00, 0xc9, 0x6c, 0x00, 0xca, 0x6e, 0x00, 0xdc, 0x9c, 0x00, 0xdc, 0x9c, 0x00,
    0x74, 0x6e, 0x00, 0x75, 0x6e, 0x00, 0x7e, 0x0f, 0x00, 0x81, 0x0f, 0x00, 0x00, 0x00, 0x00, 0x00,
    0x00, 0x00, 0x00, 0x00, 0x00, 0x00, 0x00, 0x00, 0x00, 0x00, 0x00, 0x00, 0x00, 0x00, 0x00, 0x00,
    0x00, 0x00, 0x00, 0x00, 0x00, 0x00, 0x00, 0x00, 0x00, 0x00, 0x00, 0x00, 0x00, 0x00, 0x00, 0x00,
    0x0d, 0x14, 0x14, 0x14, 0x14, 0x14, 0x03, 0x0a, 0xfb, 0xff, 0xff, 0xff, 0xff, 0xff, 0x83, 0x00,
    0x34, 0x40, 0x40, 0x40, 0x40, 0x40, 0x14, 0x00, 0x00, 0x00, 0x00, 0x00, 0x00, 0x00, 0x00, 0x00,
    0x00, 0x00, 0x00, 0x00, 0x00, 0x00, 0x00, 0x00, 0x0d, 0x14, 0x14, 0x14, 0x14, 0x14, 0x14, 0x14,
    0x14, 0x14, 0x14, 0x14, 0x0d, 0x00, 0x0a, 0xfb, 0xff, 0xff, 0xff, 0xff, 0xff, 0xff, 0xff, 0xff,
    0xff, 0xff, 0xff, 0xfa, 0x09, 0x00, 0x34, 0x40, 0x40, 0x40, 0x40, 0x40, 0x40, 0x40, 0x40, 0x40,
    0x40, 0x40, 0x34, 0x00, 0x00, 0x00, 0x00, 0x00, 0x00, 0x00, 0x00, 0x00, 0x00, 0x00, 0x00, 0x00,
    0x00, 0x00, 0x00, 0x00, 0x00, 0x00, 0x00, 0x00, 0x00, 0x00, 0x00, 0x00, 0x00, 0x00, 0x00, 0x00,
    0x00, 0x00, 0x00, 0x04, 0x00, 0x00, 0x00, 0x04, 0x00, 0x00, 0x04, 0x00, 0x00, 0xd7, 0x7b, 0x00,
    0x7b, 0xd7, 0x00, 0x23, 0xf9, 0x35, 0x00, 0xcb, 0x70, 0x00, 0x70, 0xcb, 0x00, 0x1e, 0xee, 0x2e,
    0x00, 0x06, 0x00, 0x00, 0xd7, 0x7b, 0x00, 0xcb, 0x71, 0x00, 0x00, 0x00, 0x00, 0xb3, 0x2d, 0x00,
    0xe0, 0x4e, 0x00, 0xf4, 0x60, 0x07, 0xff, 0x72, 0x1b, 0xff, 0x84, 0x2d, 0xff, 0x95, 0x15, 0xe9,
    0x6f, 0x00, 0x00, 0x00, 0x74, 0xcd, 0x00, 0x00, 0x00, 0x00, 0x00, 0x00, 0xa4, 0xff, 0x00, 0x00,
    0x00, 0x00, 0x00, 0x6c, 0xf6, 0xff, 0xd3, 0x52, 0x00, 0x00, 0x6a, 0xff, 0xb0, 0x5f, 0x89, 0x7c,
    0x00, 0x00, 0xd7, 0xd9, 0x02, 0x00, 0x00, 0x00, 0x00, 0x00, 0xf8, 0xad, 0x00, 0x00, 0x00, 0x00,
    0x00, 0x00, 0xdc, 0xdb, 0x03, 0x00, 0x00, 0x00, 0x00, 0x00, 0x74, 0xff, 0xb2, 0x5e, 0x88, 0x7a,
    0x00, 0x00, 0x01, 0x7b, 0xfb, 0xff, 0xd0, 0x4c, 0x00, 0x00, 0x00, 0x00, 0xa2, 0xfe, 0x00, 0x00,
    0x00, 0x00, 0x00, 0x00, 0x2d, 0x58, 0x00, 0x00, 0x00, 0x00, 0x00, 0x01, 0x7f, 0xe3, 0xf6, 0xd3,
    0x78, 0x00, 0x00, 0x00, 0x5e, 0xff, 0xa8, 0x5c, 0x87, 0xd2, 0x14, 0x00, 0x00, 0x9c, 0xff, 0x0a,
    0x00, 0x00, 0x00, 0x00, 0x00, 0x05, 0xae, 0xff, 0x10, 0x0b, 0x00, 0x00, 0x00, 0x00, 0xbd, 0xff,
    0xff, 0xff, 0xfe, 0x28, 0x00, 0x00, 0x00, 0x21, 0xc7, 0xff, 0x40, 0x39, 0x01, 0x00, 0x00, 0x00,
    0x00, 0xa4, 0xff, 0x00, 0x00, 0x00, 0x00, 0x00, 0x00, 0x00, 0xa4, 0xff, 0x00, 0x00, 0x00, 0x00,
    0x00, 0x00, 0x35, 0xcc, 0xff, 0x54, 0x54, 0x54, 0x38, 0x00, 0x00, 0xd7, 0xff, 0xff, 0xff, 0xff,
    0xff, 0xd7, 0x00, 0x06, 0xd4, 0x82, 0xd1, 0xf2, 0xac, 0xa4, 0x98, 0x00, 0x70, 0xff, 0xac, 0x63,
    0xe1, 0xfc, 0x1a, 0x00, 0xd1, 0xdf, 0x05, 0x00, 0x44, 0xff, 0x73, 0x00, 0xf6, 0xb0, 0x00, 0x00,
    0x0e, 0xff, 0x98, 0x00, 0xd1, 0xde, 0x05, 0x00, 0x42, 0xff, 0x72, 0x00, 0x70, 0xff, 0xab, 0x62,
    0xe1, 0xfb, 0x17, 0x06, 0xd3, 0x85, 0xd3, 0xf3, 0xae, 0x9d, 0x93, 0x91, 0xbd, 0x04, 0x00, 0x00,
    0x2f, 0xe7, 0x40, 0x4a, 0xff, 0x7c, 0x00, 0x06, 0xd2, 0xe0, 0x0e, 0x00, 0x97, 0xf9, 0x2e, 0x85,
    0xfd, 0x3f, 0x00, 0x00, 0x0d, 0xdc, 0xe7, 0xfb, 0x8f, 0x01, 0x00, 0x2d, 0xfb, 0xff, 0xff, 0xff,
    0xff, 0xcb, 0x00, 0x02, 0x3a, 0x44, 0xff, 0xbc, 0x44, 0x24, 0x00, 0x30, 0xfe, 0xff, 0xff, 0xff,
    0xff, 0xd1, 0x00, 0x04, 0x3b, 0x40, 0xff, 0xbb, 0x40, 0x27, 0x00, 0x00, 0x00, 0x00, 0xff, 0xa3,
    0x00, 0x00, 0x00, 0x00, 0x00, 0x00, 0xcd, 0x7a, 0x00, 0x00, 0x00, 0x00, 0xd0, 0x75, 0x00, 0x00,
    0xff, 0xa4, 0x00, 0x00, 0xff, 0xa4, 0x00, 0x00, 0xff, 0xa4, 0x00, 0x00, 0xce, 0x75, 0x00, 0x00,
    0x00, 0x00, 0x00, 0x00, 0x00, 0x00, 0x00, 0x00, 0x00, 0x00, 0x00, 0x00, 0xcd, 0x72, 0x00, 0x00,
    0xff, 0xa4, 0x00, 0x00, 0xff, 0xa4, 0x00, 0x00, 0xff, 0xa4, 0x00, 0x00, 0xd0, 0x75, 0x00, 0x00,
    0x00, 0x73, 0xdf, 0xf8, 0xd9, 0x74, 0x00, 0x00, 0x5a, 0xff, 0xa7, 0x5e, 0x89, 0xc6, 0x01, 0x00,
    0x99, 0xff, 0x11, 0x00, 0x00, 0x00, 0x00, 0x00, 0x65, 0xff, 0x80, 0x03, 0x00, 0x00, 0x00, 0x00,
    0x90, 0xf6, 0xfc, 0xdf, 0x6c, 0x07, 0x00, 0x00, 0xf2, 0xb0, 0x34, 0xc0, 0xff, 0xd4, 0x10, 0x00,
    0xdf, 0xef, 0x28, 0x00, 0x74, 0xff, 0x80, 0x00, 0x52, 0xfa, 0xf6, 0x89, 0x1e, 0xff, 0x94, 0x00,
    0x00, 0x2a, 0xad, 0xfe, 0xfb, 0xfb, 0x31, 0x00, 0x00, 0x00, 0x00, 0x33, 0xee, 0xda, 0x00, 0x00,
    0x00, 0x00, 0x00, 0x00, 0xb6, 0xf5, 0x00, 0x00, 0x8d, 0xa2, 0x61, 0x78, 0xf7, 0xb4, 0x00, 0x00,
    0x4a, 0xc9, 0xf4, 0xf0, 0xa4, 0x14, 0x00, 0x00, 0x05, 0x00, 0x00, 0x05, 0x00, 0x00, 0x00, 0xdf,
    0x83, 0x83, 0xdf, 0x00, 0x00, 0x00, 0x23, 0x0f, 0x0f, 0x24, 0x00, 0x00, 0x00, 0x00, 0x00, 0x00,
    0x00, 0x00, 0x00, 0x00, 0x00, 0x00, 0x00, 0x00, 0x00, 0x00, 0x00, 0x00, 0x00, 0x00, 0x00, 0x00,
    0x00, 0x00, 0x00, 0x00, 0x00, 0x00, 0x00, 0x00, 0x00, 0x00, 0x00, 0x00, 0x00, 0x00, 0x00, 0x00,
    0x00, 0x00, 0x00, 0x00, 0x00, 0x00, 0x00, 0x00, 0x00, 0x00, 0x00, 0x00, 0x00, 0x00, 0x00, 0x00,
    0x00, 0x00, 0x00, 0x00, 0x00, 0x00, 0x00, 0x00, 0x00, 0x04, 0x05, 0x00, 0x00, 0x00, 0x00, 0x00,
    0x00, 0x00, 0x5e, 0xd1, 0xfe, 0xfe, 0xd1, 0x5f, 0x00, 0x00, 0x00, 0x00, 0x93, 0xf8, 0x8c, 0x4e,
    0x50, 0x8c, 0xf8, 0x93, 0x00, 0x00, 0x53, 0xed, 0x34, 0x9c, 0xf4, 0xf9, 0x95, 0x28, 0xed, 0x50,
    0x00, 0xc0, 0x60, 0x97, 0xfd, 0x76, 0x51, 0x81, 0x00, 0x60, 0xbd, 0x00, 0xf3, 0x10, 0xe8, 0xbb,
    0x00, 0x00, 0x00, 0x00, 0x10, 0xf2, 0x00, 0xf6, 0x0a, 0xec, 0xb3, 0x00, 0x00, 0x00, 0x00, 0x0a,
    0xf5, 0x00, 0xcd, 0x4a, 0xa8, 0xf8, 0x47, 0x1e, 0x4c, 0x00, 0x4a, 0xca, 0x00, 0x6d, 0xdb, 0x27,
    0xc7, 0xff, 0xff, 0xb9, 0x0e, 0xdb, 0x69, 0x00, 0x04, 0xbb, 0xe2, 0x5e, 0x45, 0x4e, 0x5d, 0xe2,
    0xbb, 0x04, 0x00, 0x00, 0x08, 0x8e, 0xf6, 0xff, 0xff, 0xf6, 0x8f, 0x08, 0x00, 0x00, 0x00, 0x00,
    0x00, 0x0a, 0x34, 0x34, 0x0a, 0x00, 0x00, 0x00, 0x6b, 0xee, 0xe9, 0x79, 0x00, 0x14, 0x08, 0x51,
    0xfa, 0x06, 0x70, 0xe8, 0xff, 0xff, 0x0c, 0x6c, 0xec, 0x94, 0xe3, 0x06, 0x00, 0x00, 0x00, 0x00,
    0x00, 0x00, 0x00, 0x00, 0x00, 0x00, 0x00, 0x00, 0x00, 0x00, 0x00, 0x00, 0x00, 0x00, 0x00, 0x00,
    0x00, 0x00, 0x00, 0x00, 0x00, 0x00, 0x02, 0x38, 0x00, 0x17, 0x24, 0x00, 0x6e, 0xed, 0x00, 0xbd,
    0x9e, 0x0f, 0xee, 0x91, 0x4d, 0xff, 0x41, 0x30, 0xff, 0x5d, 0x80, 0xfc, 0x11, 0x00, 0xbb, 0xc5,
    0x18, 0xf1, 0x75, 0x00, 0x2a, 0xc0, 0x00, 0x67, 0x81, 0x00, 0x00, 0x00, 0x00, 0x00, 0x00, 0x00,
    0x0f, 0x14, 0x14, 0x14, 0x14, 0x12, 0x00, 0x29, 0xfe, 0xff, 0xff, 0xff, 0xff, 0xff, 0x8b, 0x02,
    0x3a, 0x40, 0x40, 0x40, 0x40, 0xff, 0xa4, 0x00, 0x00, 0x00, 0x00, 0x00, 0x00, 0xff, 0xa4, 0x00,
    0x00, 0x00, 0x00, 0x00, 0x00, 0xf7, 0x9a, 0x00, 0x00, 0x00, 0x00, 0x00, 0x00, 0x24, 0x10, 0x00,
    0x00, 0x00, 0x00, 0x00, 0x00, 0x00, 0x00, 0x00, 0x00, 0x00, 0x00, 0x00, 0x04, 0x05, 0x00, 0x00,
    0x00, 0x00, 0x00, 0x00, 0x00, 0x5e, 0xd1, 0xfe, 0xfe, 0xd1, 0x5f, 0x00, 0x00, 0x00, 0x00, 0x93,
    0xf8, 0x9b, 0x5c, 0x4e, 0x8c, 0xf8, 0x93, 0x00, 0x00, 0x53, 0xed, 0xad, 0xff, 0xff, 0xf3, 0x59,
    0x28, 0xed, 0x50, 0x00, 0xc0, 0x60, 0xa4, 0xff, 0x40, 0x73, 0xe3, 0x00, 0x60, 0xbd, 0x00, 0xf3,
    0x10, 0xa4, 0xff, 0x14, 0x47, 0xf3, 0x00, 0x10, 0xf2, 0x00, 0xf6, 0x0a, 0xa4, 0xff, 0xff, 0xff,
    0xff, 0x00, 0x0a, 0xf5, 0x00, 0xcd, 0x4a, 0xa4, 0xfd, 0x43, 0xdc, 0xd5, 0x00, 0x4a, 0xca, 0x00,
    0x6d, 0xdb, 0x92, 0xec, 0x00, 0x36, 0xe9, 0x10, 0xdb, 0x69, 0x00, 0x04, 0xbb, 0xe2, 0x5d, 0x1f,
    0x1f, 0x5d, 0xe2, 0xbb, 0x04, 0x00, 0x00, 0x08, 0x8e, 0xf6, 0xff, 0xff, 0xf6, 0x8f, 0x08, 0x00,
    0x00, 0x00, 0x00, 0x00, 0x0a, 0x34, 0x34, 0x0a, 0x00, 0x00, 0x00, 0x00, 0x05, 0x14, 0x14, 0x14,
    0x02, 0x00, 0x00, 0xa1, 0xff, 0xff, 0xff, 0x74, 0x00, 0x00, 0x1c, 0x40, 0x40, 0x40, 0x10, 0x00,
    0x00, 0x00, 0x00, 0x00, 0x00, 0x00, 0x00, 0x00, 0x00, 0x00, 0x00, 0x00, 0x00, 0x00, 0x00, 0x00,
    0x00, 0x00, 0x00, 0x00, 0x00, 0x00, 0x00, 0x00, 0x00, 0x00, 0x00, 0x00, 0x00, 0x00, 0x00, 0x00,
    0x00, 0x00, 0x00, 0x00, 0x00, 0x00, 0x00, 0x00, 0x00, 0x00, 0x00, 0x00, 0x00, 0x00, 0x00, 0x00,
    0x00, 0x00, 0x00, 0x00, 0x00, 0x00, 0x00, 0x00, 0x00, 0x00, 0x03, 0x03, 0x00, 0x00, 0x49, 0xf1,
    0xf3, 0x4c, 0x00, 0xe5, 0x77, 0x77, 0xe4, 0x00, 0xf0, 0x49, 0x4a, 0xf0, 0x00, 0x71, 0xff, 0xff,
    0x73, 0x00, 0x00, 0x27, 0x27, 0x00, 0x00, 0x00, 0x00, 0x00, 0x00, 0x00, 0x00, 0x00, 0x00, 0x00,
    0x00, 0x00, 0x00, 0x00, 0x00, 0x00, 0x00, 0x00, 0x00, 0x00, 0x00, 0x00, 0x00, 0x00, 0x00, 0x00,
    0x00, 0x00, 0xd1, 0x78, 0x00, 0x00, 0x00, 0x00, 0x00, 0x00, 0xff, 0xa4, 0x00, 0x00, 0x00, 0x02,
    0x10, 0x10, 0xff, 0xa9, 0x10, 0x0c, 0x00, 0x93, 0xff, 0xff, 0xff, 0xff, 0xff, 0xff, 0x37, 0x17,
    0x40, 0x40, 0xff, 0xbb, 0x40, 0x3c, 0x04, 0x00, 0x00, 0x00, 0xe4, 0x8a, 0x00, 0x00, 0x00, 0x0b,
    0x51, 0x54, 0x54, 0x54, 0x54, 0x4a, 0x01, 0x43, 0xfd, 0xff, 0xff, 0xff, 0xff, 0xf7, 0x15, 0x56,
    0xde, 0xf1, 0x90, 0x00, 0x21, 0x1a, 0x58, 0xf8, 0x02, 0x00, 0x05, 0xb4, 0x9a, 0x00, 0x07, 0xb3,
    0xb1, 0x06, 0x00, 0x58, 0xff, 0xfb, 0xf7, 0x60, 0x00, 0x00, 0x00, 0x00, 0x00, 0x00, 0x00, 0x00,
    0x00, 0x00, 0x00, 0x00, 0x00, 0x00, 0x00, 0x00, 0x00, 0x00, 0x00, 0x00, 0x87, 0xe9, 0xf3, 0x8a,
    0x00, 0x2b, 0x0c, 0x78, 0xeb, 0x00, 0x0a, 0xe8, 0xff, 0x7e, 0x00, 0x30, 0x09, 0x52, 0xf1, 0x00,
    0x96, 0xee, 0xef, 0x8c, 0x00, 0x00, 0x00, 0x00, 0x00, 0x00, 0x00, 0x00, 0x00, 0x00, 0x00, 0x00,
    0x00, 0x00, 0x00, 0x00, 0x00, 0x00, 0x00, 0x00, 0x00, 0x00, 0x00, 0x8c, 0x61, 0x00, 0x00, 0x22,
    0xfb, 0x44, 0x00, 0x00, 0x90, 0xa1, 0x00, 0x00, 0x00, 0x2f, 0x0e, 0x00, 0x00, 0x00, 0x00, 0x00,
    0x00, 0x00, 0x00, 0x00, 0x00, 0x00, 0x00, 0x00, 0x00, 0x00, 0x00, 0x00, 0x00, 0x00, 0x00, 0x00,
    0x00, 0x00, 0x00, 0x00, 0x00, 0x00, 0x00, 0x00, 0x00, 0x00, 0x00, 0x00, 0x00, 0x00, 0x00, 0x00,
    0x00, 0xd0, 0x75, 0x00, 0x00, 0x77, 0xcf, 0x00, 0x00, 0xff, 0xa4, 0x00, 0x00, 0xa4, 0xff, 0x00,
    0x00, 0xff, 0xa4, 0x00, 0x00, 0xa4, 0xff, 0x00, 0x00, 0xff, 0xa4, 0x00, 0x00, 0xa4, 0xff, 0x00,
    0x00, 0xff, 0xac, 0x00, 0x00, 0xc1, 0xff, 0x00, 0x00, 0xff, 0xf2, 0x68, 0x8a, 0xf9, 0xff, 0x00,
    0x00, 0xff, 0xdc, 0xee, 0xc8, 0x82, 0xd2, 0x00, 0x00, 0xff, 0x95, 0x00, 0x00, 0x00, 0x00, 0x00,
    0x00, 0xff, 0x9f, 0x00, 0x00, 0x00, 0x00, 0x00, 0x00, 0xce, 0x72, 0x00, 0x00, 0x00, 0x00, 0x00,
    0x00, 0x0e, 0xa1, 0xf2, 0xff, 0xff, 0xff, 0xcd, 0x00, 0x9d, 0xff, 0xff, 0xff, 0xc2, 0xc2, 0xff,
    0x00, 0xef, 0xff, 0xff, 0xff, 0xa4, 0xa4, 0xff, 0x00, 0xf3, 0xff, 0xff, 0xff, 0xa4, 0xa4, 0xff,
    0x00, 0xad, 0xff, 0xff, 0xff, 0xa4, 0xa4, 0xff, 0x00, 0x19, 0xc6, 0xff, 0xff, 0xa4, 0xa4, 0xff,
    0x00, 0x00, 0x00, 0x1c, 0xff, 0xa4, 0xa4, 0xff, 0x00, 0x00, 0x00, 0x00, 0xff, 0xa4, 0xa4, 0xff,
    0x00, 0x00, 0x00, 0x00, 0xff, 0xa4, 0xa4, 0xff, 0x00, 0x00, 0x00, 0x00, 0xff, 0xa4, 0xa4, 0xff,
    0x00, 0x00, 0x00, 0x00, 0xff, 0xa4, 0xa4, 0xff, 0x00, 0x00, 0x00, 0x00, 0xff, 0xa4, 0xa4, 0xff,
    0x00, 0x00, 0x00, 0x00, 0xdb, 0x82, 0x82, 0xdb, 0x00, 0x01, 0x0c, 0x00, 0x00, 0x00, 0x25, 0xee,
    0x40, 0x00, 0x00, 0x72, 0xb5, 0xf1, 0x00, 0x00, 0x94, 0xe4, 0x85, 0x00, 0x1e, 0xa4, 0xee, 0x06,
    0x00, 0x64, 0xb8, 0xff, 0x0c, 0x00, 0x00, 0x38, 0xff, 0x0c, 0x00, 0x03, 0x4a, 0xff, 0x1c, 0x00,
    0x75, 0xff, 0xff, 0xf7, 0x0d, 0x00, 0x00, 0x00, 0x00, 0x00, 0x00, 0x00, 0x00, 0x00, 0x00, 0x00,
    0x00, 0x00, 0x00, 0x00, 0x00, 0x00, 0x00, 0x00, 0x00, 0x00, 0x76, 0xe6, 0xdc, 0x4f, 0x00, 0x23,
    0xff, 0x37, 0x67, 0xf0, 0x01, 0x21, 0xff, 0x42, 0x6a, 0xef, 0x00, 0x00, 0x70, 0xe3, 0xda, 0x4b,
    0x00, 0x00, 0x00, 0x00, 0x00, 0x00, 0x00, 0x00, 0x00, 0x00, 0x00, 0x00, 0x00, 0x00, 0x00, 0x00,
    0x00, 0x00, 0x00, 0x00, 0x00, 0x00, 0x00, 0x00, 0x00, 0x00, 0x00, 0x00, 0x00, 0x00, 0x00, 0x04,
    0x37, 0x00, 0x1a, 0x21, 0x00, 0x33, 0xfd, 0x2e, 0x81, 0xd7, 0x04, 0x00, 0xd3, 0xb9, 0x26, 0xfe,
    0x69, 0x00, 0x9e, 0xeb, 0x04, 0xea, 0x9b, 0x12, 0xf5, 0x76, 0x58, 0xfb, 0x2a, 0x26, 0xbe, 0x06,
    0x68, 0x82, 0x00, 0x00, 0x00, 0x00, 0x00, 0x00, 0x00, 0x00, 0x00, 0x00, 0x00, 0x00, 0x00, 0x00,
    0x00, 0x0c, 0x00, 0x00, 0x00, 0x00, 0x00, 0x15, 0xad, 0xe3, 0x00, 0x00, 0x00, 0x0c, 0xe7, 0x3e,
    0x00, 0x00, 0x00, 0x00, 0xc5, 0xff, 0xff, 0x00, 0x00, 0x00, 0x80, 0xe0, 0x07, 0x00, 0x00, 0x00,
    0x00, 0x20, 0xa7, 0xff, 0x00, 0x00, 0x16, 0xf3, 0x5e, 0x00, 0x00, 0x00, 0x00, 0x00, 0x00, 0xa4,
    0xff, 0x00, 0x00, 0x93, 0xd2, 0x02, 0x00, 0x00, 0x00, 0x00, 0x00, 0x00, 0xa4, 0xff, 0x00, 0x22,
    0xfa, 0x4b, 0x00, 0x2f, 0xe6, 0x7a, 0x00, 0x00, 0xe3, 0xff, 0xff, 0xe4, 0xa5, 0xc2, 0x00, 0x01,
    0xc7, 0xff, 0xa4, 0x00, 0x00, 0x20, 0x30, 0x30, 0x50, 0xfd, 0x3a, 0x00, 0x64, 0xcd, 0xff, 0xa4,
    0x00, 0x00, 0x00, 0x00, 0x00, 0xb8, 0xaf, 0x00, 0x12, 0xec, 0x3e, 0xff, 0xa9, 0x00, 0x00, 0x00,
    0x00, 0x41, 0xfc, 0x2a, 0x00, 0x67, 0xff, 0xff, 0xff, 0xff, 0x50, 0x00, 0x00, 0x00, 0xa8, 0x9c,
    0x00, 0x00, 0x09, 0x3e, 0x40, 0xe4, 0xa1, 0x0a, 0x00, 0x00, 0x00, 0x19, 0x0a, 0x00, 0x00, 0x00,
    0x00, 0x00, 0x00, 0x00, 0x00, 0x00, 0x00, 0x00, 0x00, 0x00, 0x00, 0x00, 0x00, 0x0c, 0x00, 0x00,
    0x00, 0x00, 0x00, 0x01, 0x6d, 0xa4, 0x00, 0x00, 0x00, 0x0c, 0xe7, 0x3e, 0x00, 0x00, 0x00, 0x00,
    0xa3, 0xff, 0xff, 0x00, 0x00, 0x00, 0x80, 0xe0, 0x07, 0x00, 0x00, 0x00, 0x00, 0x55, 0xc2, 0xff,
    0x00, 0x00, 0x16, 0xf3, 0x5e, 0x00, 0x00, 0x00, 0x00, 0x00, 0x00, 0xa4, 0xff, 0x00, 0x00, 0x93,
    0xd2, 0x02, 0x04, 0x01, 0x00, 0x00, 0x00, 0x00, 0xa4, 0xff, 0x00, 0x22, 0xfa, 0x4c, 0x9f, 0xfa,
    0xef, 0x64, 0x00, 0x00, 0xe3, 0xff, 0xff, 0xe4, 0xa5, 0xc2, 0x01, 0x83, 0x50, 0xda, 0xf3, 0x00,
    0x00, 0x20, 0x30, 0x30, 0x50, 0xfd, 0x3a, 0x00, 0x00, 0x00, 0xc8, 0xc9, 0x00, 0x00, 0x00, 0x00,
    0x00, 0xb8, 0xaf, 0x00, 0x00, 0x00, 0x67, 0xf3, 0x31, 0x00, 0x00, 0x00, 0x00, 0x41, 0xfc, 0x2a,
    0x00, 0x00, 0x44, 0xf9, 0x56, 0x13, 0x00, 0x00, 0x00, 0x00, 0xa8, 0x9c, 0x00, 0x00, 0x00, 0xd0,
    0xff, 0xff, 0xff, 0x67, 0x00, 0x00, 0x00, 0x19, 0x0a, 0x00, 0x00, 0x00, 0x24, 0x40, 0x40, 0x3e,
    0x0b, 0x00, 0x00, 0x06, 0x00, 0x00, 0x00, 0x00, 0x00, 0x0c, 0x00, 0x00, 0x00, 0x5f, 0xec, 0xfe,
    0x9d, 0x00, 0x00, 0x00, 0x0c, 0xe7, 0x3e, 0x00, 0x00, 0x5a, 0x62, 0x91, 0xf1, 0x00, 0x00, 0x00,
    0x80, 0xe0, 0x07, 0x00, 0x00, 0x00, 0xe9, 0xff, 0x84, 0x00, 0x00, 0x16, 0xf3, 0x5e, 0x00, 0x00,
    0x00, 0x00, 0x2d, 0x61, 0xe2, 0x00, 0x00, 0x93, 0xd2, 0x02, 0x00, 0x00, 0x00, 0x43, 0x2a, 0x49,
    0xef, 0x00, 0x22, 0xfa, 0x4b, 0x03, 0xb8, 0xd3, 0x00, 0x95, 0xff, 0xff, 0x98, 0x00, 0xa5, 0xc2,
    0x00, 0x6d, 0xff, 0xff, 0x00, 0x00, 0x24, 0x2d, 0x02, 0x30, 0xfd, 0x3a, 0x17, 0xe9, 0xce, 0xff,
    0x00, 0x00, 0x00, 0x00, 0x00, 0xb8, 0xaf, 0x00, 0xa2, 0x8e, 0xa9, 0xff, 0x05, 0x00, 0x00, 0x00,
    0x41, 0xfc, 0x2a, 0x0d, 0xfe, 0xff, 0xff, 0xff, 0xac, 0x00, 0x00, 0x00, 0xa8, 0x9c, 0x00, 0x00,
    0x30, 0x40, 0xa1, 0xe5, 0x21, 0x00, 0x00, 0x00, 0x19, 0x0a, 0x00, 0x00, 0x00, 0x00, 0x00, 0x00,
    0x00, 0x00, 0x00, 0x00, 0x06, 0x00, 0x00, 0x00, 0x00, 0x00, 0x00, 0xd7, 0x7b, 0x00, 0x00, 0x00,
    0x00, 0x00, 0xcc, 0x71, 0x00, 0x00, 0x00, 0x00, 0x00, 0x00, 0x00, 0x00, 0x00, 0x00, 0x00, 0x00,
    0xb4, 0x2a, 0x00, 0x00, 0x00, 0x00, 0x33, 0xfc, 0x1b, 0x00, 0x00, 0x00, 0x1b, 0xe3, 0xa5, 0x00,
    0x00, 0x00, 0x00, 0xb1, 0xe9, 0x11, 0x00, 0x00, 0x00, 0x00, 0xf1, 0xb1, 0x00, 0x00, 0x07, 0x0b,
    0x00, 0xd2, 0xf9, 0x96, 0x9d, 0xee, 0x9f, 0x00, 0x2b, 0xc4, 0xf8, 0xe4, 0x9c, 0x1d, 0x00, 0x00,
    0x0e, 0x97, 0x0a, 0x00, 0x00, 0x00, 0x00, 0x00, 0x00, 0x00, 0x0a, 0xd9, 0x8b, 0x00, 0x00, 0x00,
    0x00, 0x00, 0x00, 0x00, 0x00, 0x25, 0xda, 0x04, 0x00, 0x00, 0x00, 0x00, 0x00, 0x00, 0x00, 0x00,
    0x00, 0x00, 0x00, 0x00, 0x00, 0x00, 0x00, 0x00, 0x00, 0x0d, 0xd6, 0x94, 0x00, 0x00, 0x00, 0x00,
    0x00, 0x00, 0x00, 0x6f, 0xf2, 0xfd, 0x21, 0x00, 0x00, 0x00, 0x00, 0x00, 0x01, 0xd9, 0x7f, 0xd3,
    0x8b, 0x00, 0x00, 0x00, 0x00, 0x00, 0x47, 0xfd, 0x1d, 0x6e, 0xee, 0x09, 0x00, 0x00, 0x00, 0x00,
    0xb4, 0xb7, 0x00, 0x11, 0xf7, 0x64, 0x00, 0x00, 0x00, 0x21, 0xff, 0x72, 0x20, 0x20, 0xc3, 0xd1,
    0x00, 0x00, 0x00, 0x8c, 0xff, 0xff, 0xff, 0xff, 0xff, 0xff, 0x3d, 0x00, 0x09, 0xed, 0xc4, 0x50,
    0x50, 0x50, 0x51, 0xfc, 0xaa, 0x00, 0x63, 0xff, 0x33, 0x00, 0x00, 0x00, 0x00, 0x85, 0xfb, 0x1b,
    0x80, 0xbc, 0x00, 0x00, 0x00, 0x00, 0x00, 0x1e, 0xe7, 0x3c, 0x00, 0x00, 0x00, 0x00, 0x00, 0x31,
    0x81, 0x00, 0x00, 0x00, 0x00, 0x00, 0x00, 0x00, 0x05, 0xd3, 0x9a, 0x00, 0x00, 0x00, 0x00, 0x00,
    0x00, 0x00, 0x41, 0xbe, 0x06, 0x00, 0x00, 0x00, 0x00, 0x00, 0x00, 0x00, 0x00, 0x00, 0x00, 0x00,
    0x00, 0x00, 0x00, 0x00, 0x00, 0x0d, 0xd6, 0x94, 0x00, 0x00, 0x00, 0x00, 0x00, 0x00, 0x00, 0x6f,
    0xf2, 0xfd, 0x21, 0x00, 0x00, 0x00, 0x00, 0x00, 0x01, 0xd9, 0x7f, 0xd3, 0x8b, 0x00, 0x00, 0x00,
    0x00, 0x00, 0x47, 0xfd, 0x1d, 0x6e, 0xee, 0x09, 0x00, 0x00, 0x00, 0x00, 0xb4, 0xb7, 0x00, 0x11,
    0xf7, 0x64, 0x00, 0x00, 0x00, 0x21, 0xff, 0x72, 0x20, 0x20, 0xc3, 0xd1, 0x00, 0x00, 0x00, 0x8c,
    0xff, 0xff, 0xff, 0xff, 0xff, 0xff, 0x3d, 0x00, 0x09, 0xed, 0xc4, 0x50, 0x50, 0x50, 0x51, 0xfc,
    0xaa, 0x00, 0x63, 0xff, 0x33, 0x00, 0x00, 0x00, 0x00, 0x85, 0xfb, 0x1b, 0x80, 0xbc, 0x00, 0x00,
    0x00, 0x00, 0x00, 0x1e, 0xe7, 0x3c, 0x00, 0x00, 0x00, 0x16, 0xd9, 0xa6, 0x00, 0x00, 0x00, 0x00,
    0x00, 0x00, 0x00, 0xa5, 0xb6, 0xe7, 0x59, 0x00, 0x00, 0x00, 0x00, 0x00, 0x0e, 0xd8, 0x13, 0x46,
    0xb4, 0x00, 0x00, 0x00, 0x00, 0x00, 0x00, 0x00, 0x00, 0x00, 0x00, 0x00, 0x00, 0x00, 0x00, 0x00,
    0x00, 0x0d, 0xd6, 0x94, 0x00, 0x00, 0x00, 0x00, 0x00, 0x00, 0x00, 0x6f, 0xf2, 0xfd, 0x21, 0x00,
    0x00, 0x00, 0x00, 0x00, 0x01, 0xd9, 0x7f, 0xd3, 0x8b, 0x00, 0x00, 0x00, 0x00, 0x00, 0x47, 0xfd,
    0x1d, 0x6e, 0xee, 0x09, 0x00, 0x00, 0x00, 0x00, 0xb4, 0xb7, 0x00, 0x11, 0xf7, 0x64, 0x00, 0x00,
    0x00, 0x21, 0xff, 0x72, 0x20, 0x20, 0xc3, 0xd1, 0x00, 0x00, 0x00, 0x8c, 0xff, 0xff, 0xff, 0xff,
    0xff, 0xff, 0x3d, 0x00, 0x09, 0xed, 0xc4, 0x50, 0x50, 0x50, 0x51, 0xfc, 0xaa, 0x00, 0x63, 0xff,
    0x33, 0x00, 0x00, 0x00, 0x00, 0x85, 0xfb, 0x1b, 0x80, 0xbc, 0x00, 0x00, 0x00, 0x00, 0x00, 0x1e,
    0xe7, 0x3c, 0x00, 0x00, 0x00, 0x02, 0x00, 0x00, 0x00, 0x0c, 0x00, 0x00, 0x00, 0x00, 0x6c, 0xfa,
    0xcf, 0x4f, 0x68, 0xa0, 0x00, 0x00, 0x00, 0x00, 0xda, 0x35, 0x71, 0xe8, 0xe8, 0x33, 0x00, 0x00,
    0x00, 0x00, 0x0a, 0x00, 0x00, 0x00, 0x00, 0x00, 0x00, 0x00, 0x00, 0x00, 0x00, 0x0d, 0xd6, 0x94,
    0x00, 0x00, 0x00, 0x00, 0x00, 0x00, 0x00, 0x6f, 0xf2, 0xfd, 0x21, 0x00, 0x00, 0x00, 0x00, 0x00,
    0x01, 0xd9, 0x7f, 0xd3, 0x8b, 0x00, 0x00, 0x00, 0x00, 0x00, 0x47, 0xfd, 0x1d, 0x6e, 0xee, 0x09,
    0x00, 0x00, 0x00, 0x00, 0xb4, 0xb7, 0x00, 0x11, 0xf7, 0x64, 0x00, 0x00, 0x00, 0x21, 0xff, 0x72,
    0x20, 0x20, 0xc3, 0xd1, 0x00, 0x00, 0x00, 0x8c, 0xff, 0xff, 0xff, 0xff, 0xff, 0xff, 0x3d, 0x00,
    0x09, 0xed, 0xc4, 0x50, 0x50, 0x50, 0x51, 0xfc, 0xaa, 0x00, 0x63, 0xff, 0x33, 0x00, 0x00, 0x00,
    0x00, 0x85, 0xfb, 0x1b, 0x80, 0xbc, 0x00, 0x00, 0x00, 0x00, 0x00, 0x1e, 0xe7, 0x3c, 0x00, 0x00,
    0x00, 0x03, 0x00, 0x00, 0x03, 0x00, 0x00, 0x00, 0x00, 0x00, 0x00, 0xdd, 0x81, 0x83, 0xdd, 0x00,
    0x00, 0x00, 0x00, 0x00, 0x00, 0x24, 0x0f, 0x0f, 0x24, 0x00, 0x00, 0x00, 0x00, 0x00, 0x00, 0x00,
    0x00, 0x00, 0x00, 0x00, 0x00, 0x00, 0x00, 0x00, 0x00, 0x01, 0xbb, 0xb6, 0x00, 0x00, 0x00, 0x00,
    0x00, 0x00, 0x00, 0x47, 0xf8, 0xfa, 0x42, 0x00, 0x00, 0x00, 0x00, 0x00, 0x00, 0xb2, 0xa8, 0xad,
    0xae, 0x00, 0x00, 0x00, 0x00, 0x00, 0x20, 0xfd, 0x46, 0x4b, 0xfc, 0x1e, 0x00, 0x00, 0x00, 0x00,
    0x8a, 0xe1, 0x02, 0x03, 0xe4, 0x87, 0x00, 0x00, 0x00, 0x08, 0xf0, 0xa1, 0x20, 0x20, 0xa6, 0xed,
    0x07, 0x00, 0x00, 0x61, 0xff, 0xff, 0xff, 0xff, 0xff, 0xff, 0x5f, 0x00, 0x00, 0xcc, 0xe2, 0x50,
    0x50, 0x50, 0x50, 0xe7, 0xcb, 0x00, 0x37, 0xff, 0x5f, 0x00, 0x00, 0x00, 0x00, 0x65, 0xff, 0x36,
    0x57, 0xdb, 0x0b, 0x00, 0x00, 0x00, 0x00, 0x0d, 0xdb, 0x59, 0x00, 0x00, 0x00, 0x09, 0x3d, 0x09,
    0x00, 0x00, 0x00, 0x00, 0x00, 0x00, 0x00, 0xba, 0xff, 0xb7, 0x00, 0x00, 0x00, 0x00, 0x00, 0x00,
    0x00, 0xf0, 0x80, 0xee, 0x00, 0x00, 0x00, 0x00, 0x00, 0x00, 0x00, 0x7b, 0xee, 0x79, 0x00, 0x00,
    0x00, 0x00, 0x00, 0x00, 0x00, 0x00, 0x00, 0x00, 0x00, 0x00, 0x00, 0x00, 0x00, 0x00, 0x00, 0x3d,
    0xe9, 0x37, 0x00, 0x00, 0x00, 0x00, 0x00, 0x00, 0x00, 0xb9, 0xf4, 0xb1, 0x00, 0x00, 0x00, 0x00,
    0x00, 0x00, 0x24, 0xfe, 0x61, 0xfc, 0x1e, 0x00, 0x00, 0x00, 0x00, 0x00, 0x8c, 0xcf, 0x00, 0xd6,
    0x86, 0x00, 0x00, 0x00, 0x00, 0x08, 0xed, 0x72, 0x00, 0x79, 0xea, 0x06, 0x00, 0x00, 0x00, 0x60,
    0xff, 0x38, 0x20, 0x3c, 0xff, 0x5b, 0x00, 0x00, 0x00, 0xc9, 0xff, 0xff, 0xff, 0xff, 0xff, 0xc6,
    0x00, 0x00, 0x32, 0xff, 0x9c, 0x50, 0x50, 0x50, 0xa2, 0xff, 0x31, 0x00, 0x9c, 0xf2, 0x08, 0x00,
    0x00, 0x00, 0x0b, 0xf4, 0x9b, 0x00, 0xb7, 0x86, 0x00, 0x00, 0x00, 0x00, 0x00, 0x87, 0xba, 0x00,
    0x00, 0x00, 0x00, 0x00, 0x00, 0x1e, 0xe7, 0xff, 0xff, 0xff, 0xff, 0xff, 0xfd, 0x5c, 0x00, 0x00,
    0x00, 0x00, 0x00, 0xab, 0xf7, 0xff, 0x59, 0x54, 0x54, 0x54, 0x51, 0x11, 0x00, 0x00, 0x00, 0x00,
    0x40, 0xfb, 0x69, 0xff, 0x33, 0x00, 0x00, 0x00, 0x00, 0x00, 0x00, 0x00, 0x00, 0x03, 0xd1, 0x97,
    0x0e, 0xfe, 0x79, 0x10, 0x10, 0x10, 0x06, 0x00, 0x00, 0x00, 0x00, 0x69, 0xf3, 0x17, 0x00, 0xda,
    0xff, 0xff, 0xff, 0xff, 0xe4, 0x00, 0x00, 0x00, 0x11, 0xed, 0x8e, 0x10, 0x10, 0xb3, 0xf8, 0x40,
    0x40, 0x40, 0x2b, 0x00, 0x00, 0x00, 0x93, 0xff, 0xff, 0xff, 0xff, 0xff, 0xfb, 0x06, 0x00, 0x00,
    0x00, 0x00, 0x00, 0x2b, 0xfb, 0x96, 0x40, 0x40, 0x40, 0x81, 0xff, 0x30, 0x00, 0x00, 0x00, 0x00,
    0x00, 0xbb, 0xe4, 0x07, 0x00, 0x00, 0x00, 0x16, 0xff, 0xa9, 0x54, 0x54, 0x51, 0x11, 0x06, 0xe9,
    0x5d, 0x00, 0x00, 0x00, 0x00, 0x00, 0xc8, 0xff, 0xff, 0xff, 0xfe, 0x5d, 0x00, 0x00, 0x19, 0x99,
    0xe5, 0xf8, 0xdd, 0x94, 0x15, 0x00, 0x11, 0xdf, 0xf3, 0x85, 0x5c, 0x83, 0xe7, 0x58, 0x00, 0x88,
    0xff, 0x45, 0x00, 0x00, 0x00, 0x01, 0x00, 0x00, 0xd7, 0xd4, 0x00, 0x00, 0x00, 0x00, 0x00, 0x00,
    0x00, 0xf8, 0xad, 0x00, 0x00, 0x00, 0x00, 0x00, 0x00, 0x00, 0xf5, 0xad, 0x00, 0x00, 0x00, 0x00,
    0x00, 0x00, 0x00, 0xd5, 0xd6, 0x00, 0x00, 0x00, 0x00, 0x00, 0x00, 0x00, 0x87, 0xff, 0x47, 0x00,
    0x00, 0x00, 0x00, 0x00, 0x00, 0x0f, 0xdd, 0xf3, 0x85, 0x5c, 0x82, 0xe5, 0x5f, 0x00, 0x00, 0x17,
    0x99, 0xeb, 0xff, 0xdf, 0x92, 0x15, 0x00, 0x00, 0x00, 0x00, 0x3f, 0xe3, 0x3e, 0x00, 0x00, 0x00,
    0x00, 0x00, 0x00, 0x10, 0x49, 0xf1, 0x00, 0x00, 0x00, 0x00, 0x00, 0x00, 0xb5, 0xdc, 0x82, 0x00,
    0x00, 0x00, 0x00, 0x6d, 0x46, 0x00, 0x00, 0x00, 0x00, 0x00, 0x00, 0x7b, 0xe7, 0x10, 0x00, 0x00,
    0x00, 0x00, 0x00, 0x01, 0xa5, 0x60, 0x00, 0x00, 0x00, 0x00, 0x00, 0x00, 0x00, 0x00, 0x00, 0x00,
    0x00, 0x00, 0xc5, 0xff, 0xff, 0xff, 0xff, 0xf7, 0x23, 0x00, 0xff, 0xc2, 0x54, 0x54, 0x54, 0x4b,
    0x03, 0x00, 0xff, 0xa4, 0x00, 0x00, 0x00, 0x00, 0x00, 0x00, 0xff, 0xa9, 0x10, 0x10, 0x10, 0x05,
    0x00, 0x00, 0xff, 0xff, 0xff, 0xff, 0xff, 0xdc, 0x00, 0x00, 0xff, 0xbb, 0x40, 0x40, 0x40, 0x29,
    0x00, 0x00, 0xff, 0xa4, 0x00, 0x00, 0x00, 0x00, 0x00, 0x00, 0xff, 0xa4, 0x00, 0x00, 0x00, 0x00,
    0x00, 0x00, 0xff, 0xc2, 0x54, 0x54, 0x54, 0x4b, 0x03, 0x00, 0xc7, 0xff, 0xff, 0xff, 0xff, 0xf8,
    0x24, 0x00, 0x00, 0x00, 0x00, 0x02, 0x8f, 0x1f, 0x00, 0x00, 0x00, 0x00, 0x00, 0x6c, 0xe9, 0x19,
    0x00, 0x00, 0x00, 0x00, 0x00, 0xca, 0x3a, 0x00, 0x00, 0x00, 0x00, 0x00, 0x00, 0x00, 0x00, 0x00,
    0x00, 0x00, 0xc5, 0xff, 0xff, 0xff, 0xff, 0xf7, 0x23, 0x00, 0xff, 0xc2, 0x54, 0x54, 0x54, 0x4b,
    0x03, 0x00, 0xff, 0xa4, 0x00, 0x00, 0x00, 0x00, 0x00, 0x00, 0xff, 0xa9, 0x10, 0x10, 0x10, 0x05,
    0x00, 0x00, 0xff, 0xff, 0xff, 0xff, 0xff, 0xdc, 0x00, 0x00, 0xff, 0xbb, 0x40, 0x40, 0x40, 0x29,
    0x00, 0x00, 0xff, 0xa4, 0x00, 0x00, 0x00, 0x00, 0x00, 0x00, 0xff, 0xa4, 0x00, 0x00, 0x00, 0x00,
    0x00, 0x00, 0xff, 0xc2, 0x54, 0x54, 0x54, 0x4b, 0x03, 0x00, 0xc7, 0xff, 0xff, 0xff, 0xff, 0xf8,
    0x24, 0x00, 0x00, 0x00, 0x7f, 0xe7, 0x2f, 0x00, 0x00, 0x00, 0x00, 0x33, 0xf5, 0xa5, 0xcb, 0x02,
    0x00, 0x00, 0x00, 0x90, 0x6c, 0x04, 0xc1, 0x33, 0x00, 0x00, 0x00, 0x00, 0x00, 0x00, 0x00, 0x00,
    0x00, 0x00, 0xc5, 0xff, 0xff, 0xff, 0xff, 0xf7, 0x23, 0x00, 0xff, 0xc2, 0x54, 0x54, 0x54, 0x4b,
    0x03, 0x00, 0xff, 0xa4, 0x00, 0x00, 0x00, 0x00, 0x00, 0x00, 0xff, 0xa9, 0x10, 0x10, 0x10, 0x05,
    0x00, 0x00, 0xff, 0xff, 0xff, 0xff, 0xff, 0xdc, 0x00, 0x00, 0xff, 0xbb, 0x40, 0x40, 0x40, 0x29,
    0x00, 0x00, 0xff, 0xa4, 0x00, 0x00, 0x00, 0x00, 0x00, 0x00, 0xff, 0xa4, 0x00, 0x00, 0x00, 0x00,
    0x00, 0x00, 0xff, 0xc2, 0x54, 0x54, 0x54, 0x4b, 0x03, 0x00, 0xc7, 0xff, 0xff, 0xff, 0xff, 0xf8,
    0x24, 0x00, 0x00, 0x16, 0x31, 0x16, 0x31, 0x00, 0x00, 0x00, 0x00, 0x79, 0xd3, 0x79, 0xd3, 0x00,
    0x00, 0x00, 0x00, 0x00, 0x00, 0x00, 0x00, 0x00, 0x00, 0x00, 0xc5, 0xff, 0xff, 0xff, 0xff, 0xf7,
    0x23, 0x00, 0xff, 0xc2, 0x54, 0x54, 0x54, 0x4b, 0x03, 0x00, 0xff, 0xa4, 0x00, 0x00, 0x00, 0x00,
    0x00, 0x00, 0xff, 0xa9, 0x10, 0x10, 0x10, 0x05, 0x00, 0x00, 0xff, 0xff, 0xff, 0xff, 0xff, 0xdc,
    0x00, 0x00, 0xff, 0xbb, 0x40, 0x40, 0x40, 0x29, 0x00, 0x00, 0xff, 0xa4, 0x00, 0x00, 0x00, 0x00,
    0x00, 0x00, 0xff, 0xa4, 0x00, 0x00, 0x00, 0x00, 0x00, 0x00, 0xff, 0xc2, 0x54, 0x54, 0x54, 0x4b,
    0x03, 0x00, 0xc7, 0xff, 0xff, 0xff, 0xff, 0xf8, 0x24, 0x11, 0x98, 0x09, 0x00, 0x00, 0x0c, 0xdb,
    0x87, 0x00, 0x00, 0x00, 0x27, 0xd9, 0x03, 0x00, 0x00, 0x00, 0x00, 0x00, 0x00, 0x00, 0x00, 0xce,
    0x73, 0x00, 0x00, 0x00, 0xff, 0xa4, 0x00, 0x00, 0x00, 0xff, 0xa4, 0x00, 0x00, 0x00, 0xff, 0xa4,
    0x00, 0x00, 0x00, 0xff, 0xa4, 0x00, 0x00, 0x00, 0xff, 0xa4, 0x00, 0x00, 0x00, 0xff, 0xa4, 0x00,
    0x00, 0x00, 0xff, 0xa4, 0x00, 0x00, 0x00, 0xff, 0xa4, 0x00, 0x00, 0x00, 0xce, 0x75, 0x00, 0x00,
    0x00, 0x33, 0x7e, 0x00, 0x06, 0xd5, 0x96, 0x00, 0x46, 0xbb, 0x05, 0x00, 0x00, 0x00, 0x00, 0x00,
    0xce, 0x73, 0x00, 0x00, 0xff, 0xa4, 0x00, 0x00, 0xff, 0xa4, 0x00, 0x00, 0xff, 0xa4, 0x00, 0x00,
    0xff, 0xa4, 0x00, 0x00, 0xff, 0xa4, 0x00, 0x00, 0xff, 0xa4, 0x00, 0x00, 0xff, 0xa4, 0x00, 0x00,
    0xff, 0xa4, 0x00, 0x00, 0xce, 0x75, 0x00, 0x00, 0x18, 0xdb, 0xa3, 0x00, 0x00, 0xa9, 0xb4, 0xe9,
    0x55, 0x12, 0xd7, 0x11, 0x4a, 0xb1, 0x00, 0x00, 0x00, 0x00, 0x00, 0x00, 0x00, 0xce, 0x73, 0x00,
    0x00, 0x00, 0xff, 0xa4, 0x00, 0x00, 0x00, 0xff, 0xa4, 0x00, 0x00, 0x00, 0xff, 0xa4, 0x00, 0x00,
    0x00, 0xff, 0xa4, 0x00, 0x00, 0x00, 0xff, 0xa4, 0x00, 0x00, 0x00, 0xff, 0xa4, 0x00, 0x00, 0x00,
    0xff, 0xa4, 0x00, 0x00, 0x00, 0xff, 0xa4, 0x00, 0x00, 0x00, 0xce, 0x75, 0x00, 0x03, 0x00, 0x00,
    0x03, 0xdd, 0x81, 0x83, 0xdd, 0x24, 0x0f, 0x0f, 0x24, 0x00, 0x00, 0x00, 0x00, 0x00, 0x75, 0xcc,
    0x00, 0x00, 0xa4, 0xff, 0x00, 0x00, 0xa4, 0xff, 0x00, 0x00, 0xa4, 0xff, 0x00, 0x00, 0xa4, 0xff,
    0x00, 0x00, 0xa4, 0xff, 0x00, 0x00, 0xa4, 0xff, 0x00, 0x00, 0xa4, 0xff, 0x00, 0x00, 0xa4, 0xff,
    0x00, 0x00, 0x75, 0xce, 0x00, 0x00, 0x00, 0xc9, 0xff, 0xff, 0xfb, 0xde, 0x8e, 0x11, 0x00, 0x00,
    0x00, 0x00, 0xff, 0xc2, 0x54, 0x60, 0x95, 0xfb, 0xd7, 0x0e, 0x00, 0x00, 0x00, 0xff, 0xa4, 0x00,
    0x00, 0x00, 0x52, 0xff, 0x86, 0x00, 0x00, 0x0a, 0xff, 0xb4, 0x10, 0x0b, 0x00, 0x00, 0xd9, 0xd6,
    0x00, 0x21, 0xfd, 0xff, 0xff, 0xff, 0xfd, 0x27, 0x00, 0xb3, 0xf7, 0x00, 0x01, 0x37, 0xff, 0xe4,
    0x40, 0x38, 0x02, 0x00, 0xb5, 0xf6, 0x00, 0x00, 0x00, 0xff, 0xa4, 0x00, 0x00, 0x00, 0x00, 0xdb,
    0xd4, 0x00, 0x00, 0x00, 0xff, 0xa4, 0x00, 0x00, 0x00, 0x53, 0xff, 0x84, 0x00, 0x00, 0x00, 0xff,
    0xc2, 0x54, 0x60, 0x95, 0xfb, 0xd7, 0x0e, 0x00, 0x00, 0x00, 0xcb, 0xff, 0xff, 0xfb, 0xdf, 0x8f,
    0x12, 0x00, 0x00, 0x00, 0x00, 0x00, 0x02, 0x00, 0x00, 0x02, 0x09, 0x00, 0x00, 0x00, 0x00, 0x5d,
    0xf8, 0xcc, 0x49, 0x82, 0x79, 0x00, 0x00, 0x00, 0x00, 0xcb, 0x3b, 0x74, 0xeb, 0xdd, 0x1b, 0x00,
    0x00, 0x00, 0x00, 0x0a, 0x00, 0x00, 0x01, 0x00, 0x00, 0x00, 0x00, 0x00, 0xd2, 0x73, 0x00, 0x00,
    0x00, 0x00, 0xd0, 0x77, 0x00, 0x00, 0xff, 0xfb, 0x35, 0x00, 0x00, 0x00, 0xff, 0xa4, 0x00, 0x00,
    0xff, 0xff, 0xda, 0x0b, 0x00, 0x00, 0xff, 0xa4, 0x00, 0x00, 0xff, 0xc2, 0xf0, 0x9a, 0x00, 0x00,
    0xff, 0xa4, 0x00, 0x00, 0xff, 0xa4, 0x5b, 0xff, 0x4f, 0x00, 0xff, 0xa4, 0x00, 0x00, 0xff, 0xa4,
    0x00, 0xa6, 0xeb, 0x18, 0xff, 0xa4, 0x00, 0x00, 0xff, 0xa4, 0x00, 0x10, 0xe2, 0xb7, 0xff, 0xa4,
    0x00, 0x00, 0xff, 0xa4, 0x00, 0x00, 0x40, 0xfd, 0xff, 0xa4, 0x00, 0x00, 0xff, 0xa4, 0x00, 0x00,
    0x00, 0x8b, 0xff, 0xa4, 0x00, 0x00, 0xcf, 0x76, 0x00, 0x00, 0x00, 0x06, 0xc2, 0x7f, 0x00, 0x00,
    0x00, 0x00, 0x89, 0x29, 0x00, 0x00, 0x00, 0x00, 0x00, 0x00, 0x00, 0x00, 0xa3, 0xc9, 0x02, 0x00,
    0x00, 0x00, 0x00, 0x00, 0x00, 0x00, 0x09, 0xc3, 0x37, 0x00, 0x00, 0x00, 0x00, 0x00, 0x00, 0x00,
    0x00, 0x00, 0x00, 0x00, 0x00, 0x00, 0x00, 0x00, 0x00, 0x14, 0x96, 0xe7, 0xf7, 0xd1, 0x62, 0x00,
    0x00, 0x00, 0x0d, 0xd8, 0xf0, 0x7f, 0x62, 0xab, 0xff, 0x82, 0x00, 0x00, 0x82, 0xff, 0x40, 0x00,
    0x00, 0x00, 0xa1, 0xfc, 0x23, 0x00, 0xd5, 0xd3, 0x00, 0x00, 0x00, 0x00, 0x33, 0xff, 0x75, 0x00,
    0xf7, 0xac, 0x00, 0x00, 0x00, 0x00, 0x0e, 0xff, 0x97, 0x00, 0xf4, 0xb2, 0x00, 0x00, 0x00, 0x00,
    0x0a, 0xff, 0x9a, 0x00, 0xd2, 0xd9, 0x00, 0x00, 0x00, 0x00, 0x33, 0xff, 0x75, 0x00, 0x7e, 0xff,
    0x48, 0x00, 0x00, 0x00, 0xa0, 0xfd, 0x24, 0x00, 0x0a, 0xd3, 0xf5, 0x83, 0x5e, 0xa6, 0xff, 0x86,
    0x00, 0x00, 0x00, 0x10, 0x93, 0xe4, 0xf9, 0xd5, 0x69, 0x00, 0x00, 0x00, 0x00, 0x00, 0x00, 0x00,
    0x0f, 0x98, 0x0a, 0x00, 0x00, 0x00, 0x00, 0x00, 0x00, 0x00, 0x98, 0xd2, 0x06, 0x00, 0x00, 0x00,
    0x00, 0x00, 0x00, 0x0b, 0xdc, 0x1f, 0x00, 0x00, 0x00, 0x00, 0x00, 0x00, 0x00, 0x00, 0x00, 0x00,
    0x00, 0x00, 0x00, 0x00, 0x00, 0x14, 0x96, 0xe7, 0xf7, 0xd1, 0x62, 0x00, 0x00, 0x00, 0x0d, 0xd8,
    0xf0, 0x7f, 0x62, 0xab, 0xff, 0x82, 0x00, 0x00, 0x82, 0xff, 0x40, 0x00, 0x00, 0x00, 0xa1, 0xfc,
    0x23, 0x00, 0xd5, 0xd3, 0x00, 0x00, 0x00, 0x00, 0x33, 0xff, 0x75, 0x00, 0xf7, 0xac, 0x00, 0x00,
    0x00, 0x00, 0x0e, 0xff, 0x97, 0x00, 0xf4, 0xb2, 0x00, 0x00, 0x00, 0x00, 0x0a, 0xff, 0x9a, 0x00,
    0xd2, 0xd9, 0x00, 0x00, 0x00, 0x00, 0x33, 0xff, 0x75, 0x00, 0x7e, 0xff, 0x48, 0x00, 0x00, 0x00,
    0xa0, 0xfd, 0x24, 0x00, 0x0a, 0xd3, 0xf5, 0x83, 0x5e, 0xa6, 0xff, 0x86, 0x00, 0x00, 0x00, 0x10,
    0x93, 0xe4, 0xf9, 0xd5, 0x69, 0x00, 0x00, 0x00, 0x00, 0x00, 0x00, 0x29, 0x6c, 0x07, 0x00, 0x00,
    0x00, 0x00, 0x00, 0x00, 0x16, 0xe7, 0xd6, 0xa2, 0x00, 0x00, 0x00, 0x00, 0x00, 0x00, 0x88, 0x7f,
    0x0e, 0xcc, 0x2e, 0x00, 0x00, 0x00, 0x00, 0x00, 0x00, 0x00, 0x00, 0x00, 0x00, 0x00, 0x00, 0x00,
    0x00, 0x14, 0x96, 0xe7, 0xf7, 0xd1, 0x62, 0x00, 0x00, 0x00, 0x0d, 0xd8, 0xf0, 0x7f, 0x62, 0xab,
    0xff, 0x82, 0x00, 0x00, 0x82, 0xff, 0x40, 0x00, 0x00, 0x00, 0xa1, 0xfc, 0x23, 0x00, 0xd5, 0xd3,
    0x00, 0x00, 0x00, 0x00, 0x33, 0xff, 0x75, 0x00, 0xf7, 0xac, 0x00, 0x00, 0x00, 0x00, 0x0e, 0xff,
    0x97, 0x00, 0xf4, 0xb2, 0x00, 0x00, 0x00, 0x00, 0x0a, 0xff, 0x9a, 0x00, 0xd2, 0xd9, 0x00, 0x00,
    0x00, 0x00, 0x33, 0xff, 0x75, 0x00, 0x7e, 0xff, 0x48, 0x00, 0x00, 0x00, 0xa0, 0xfd, 0x24, 0x00,
    0x0a, 0xd3, 0xf5, 0x83, 0x5e, 0xa6, 0xff, 0x86, 0x00, 0x00, 0x00, 0x10, 0x93, 0xe4, 0xf9, 0xd5,
    0x69, 0x00, 0x00, 0x00, 0x00, 0x00, 0x00, 0x02, 0x00, 0x00, 0x0c, 0x00, 0x00, 0x00, 0x00, 0x1a,
    0xda, 0xf4, 0x88, 0x32, 0xd2, 0x19, 0x00, 0x00, 0x00, 0x79, 0x85, 0x3c, 0xbb, 0xfa, 0x96, 0x00,
    0x00, 0x00, 0x00, 0x08, 0x02, 0x00, 0x00, 0x01, 0x00, 0x00, 0x00, 0x00, 0x00, 0x14, 0x96, 0xe7,
    0xf7, 0xd1, 0x62, 0x00, 0x00, 0x00, 0x0d, 0xd8, 0xf0, 0x7f, 0x62, 0xab, 0xff, 0x82, 0x00, 0x00,
    0x82, 0xff, 0x40, 0x00, 0x00, 0x00, 0xa1, 0xfc, 0x23, 0x00, 0xd5, 0xd3, 0x00, 0x00, 0x00, 0x00,
    0x33, 0xff, 0x75, 0x00, 0xf7, 0xac, 0x00, 0x00, 0x00, 0x00, 0x0e, 0xff, 0x97, 0x00, 0xf4, 0xb2,
    0x00, 0x00, 0x00, 0x00, 0x0a, 0xff, 0x9a, 0x00, 0xd2, 0xd9, 0x00, 0x00, 0x00, 0x00, 0x33, 0xff,
    0x75, 0x00, 0x7e, 0xff, 0x48, 0x00, 0x00, 0x00, 0xa0, 0xfd, 0x24, 0x00, 0x0a, 0xd3, 0xf5, 0x83,
    0x5e, 0xa6, 0xff, 0x86, 0x00, 0x00, 0x00, 0x10, 0x93, 0xe4, 0xf9, 0xd5, 0x69, 0x00, 0x00, 0x00,
    0x00, 0x00, 0x00, 0x03, 0x00, 0x03, 0x00, 0x00, 0x00, 0x00, 0x00, 0x00, 0x81, 0xdd, 0x00, 0xdf,
    0x81, 0x00, 0x00, 0x00, 0x00, 0x00, 0x0f, 0x23, 0x00, 0x24, 0x0f, 0x00, 0x00, 0x00, 0x00, 0x00,
    0x00, 0x00, 0x00, 0x00, 0x00, 0x00, 0x00, 0x00, 0x00, 0x14, 0x96, 0xe7, 0xf7, 0xd1, 0x62, 0x00,
    0x00, 0x00, 0x0d, 0xd8, 0xf0, 0x7f, 0x62, 0xab, 0xff, 0x82, 0x00, 0x00, 0x82, 0xff, 0x40, 0x00,
    0x00, 0x00, 0xa1, 0xfc, 0x23, 0x00, 0xd5, 0xd3, 0x00, 0x00, 0x00, 0x00, 0x33, 0xff, 0x75, 0x00,
    0xf7, 0xac, 0x00, 0x00, 0x00, 0x00, 0x0e, 0xff, 0x97, 0x00, 0xf4, 0xb2, 0x00, 0x00, 0x00, 0x00,
    0x0a, 0xff, 0x9a, 0x00, 0xd2, 0xd9, 0x00, 0x00, 0x00, 0x00, 0x33, 0xff, 0x75, 0x00, 0x7e, 0xff,
    0x48, 0x00, 0x00, 0x00, 0xa0, 0xfd, 0x24, 0x00, 0x0a, 0xd3, 0xf5, 0x83, 0x5e, 0xa6, 0xff, 0x86,
    0x00, 0x00, 0x00, 0x10, 0x93, 0xe4, 0xf9, 0xd5, 0x69, 0x00, 0x00, 0x00, 0xc6, 0x37, 0x00, 0x00,
    0x6d, 0xab, 0x00, 0x00, 0x85, 0xed, 0x2c, 0x56, 0xf9, 0x4a, 0x00, 0x00, 0x00, 0x9b, 0xe9, 0xf8,
    0x62, 0x00, 0x00, 0x00, 0x00, 0x30, 0xfd, 0xe7, 0x13, 0x00, 0x00, 0x00, 0x1e, 0xe4, 0x9b, 0xbf,
    0xc9, 0x0b, 0x00, 0x00, 0xcd, 0xb0, 0x03, 0x0d, 0xcd, 0xa0, 0x00, 0x00, 0x57, 0x09, 0x00, 0x00,
    0x12, 0x3a, 0x00, 0x00, 0x00, 0x00, 0x00, 0x00, 0x00, 0x00, 0x6c, 0x2d, 0x00, 0x00, 0x00, 0x14,
    0x96, 0xe7, 0xf7, 0xfd, 0xff, 0x45, 0x00, 0x00, 0x0d, 0xd8, 0xf0, 0x7f, 0x62, 0xff, 0xff, 0x82,
    0x00, 0x00, 0x82, 0xff, 0x40, 0x00, 0x39, 0xfe, 0xd7, 0xfc, 0x23, 0x00, 0xd5, 0xd3, 0x00, 0x00,
    0xc3, 0xa8, 0x33, 0xff, 0x75, 0x00, 0xf7, 0xac, 0x00, 0x4e, 0xfa, 0x23, 0x0e, 0xff, 0x97, 0x00,
    0xf4, 0xb2, 0x03, 0xd4, 0x93, 0x00, 0x0a, 0xff, 0x9a, 0x00, 0xd2, 0xd9, 0x63, 0xf2, 0x16, 0x00,
    0x33, 0xff, 0x75, 0x00, 0x7e, 0xff, 0xff, 0x7d, 0x00, 0x00, 0xa0, 0xfd, 0x24, 0x00, 0x0a, 0xff,
    0xff, 0x8f, 0x5e, 0xa6, 0xff, 0x86, 0x00, 0x00, 0x11, 0xff, 0xff, 0xe4, 0xf9, 0xd5, 0x69, 0x00,
    0x00, 0x00, 0x17, 0xa3, 0x06, 0x00, 0x00, 0x00, 0x00, 0x00, 0x00, 0x00, 0x00, 0x14, 0x97, 0x07,
    0x00, 0x00, 0x00, 0x00, 0x00, 0x00, 0x00, 0x0f, 0xe0, 0x83, 0x00, 0x00, 0x00, 0x00, 0x00, 0x00,
    0x00, 0x00, 0x2c, 0xd8, 0x00, 0x00, 0x00, 0x00, 0x00, 0x00, 0x00, 0x00, 0x00, 0x00, 0x00, 0x00,
    0x00, 0x00, 0x00, 0x00, 0xd0, 0x7b, 0x00, 0x00, 0x00, 0x00, 0xd4, 0x75, 0x00, 0x00, 0xff, 0xa4,
    0x00, 0x00, 0x00, 0x00, 0xff, 0xa4, 0x00, 0x00, 0xff, 0xa4, 0x00, 0x00, 0x00, 0x00, 0xff, 0xa4,
    0x00, 0x00, 0xff, 0xa4, 0x00, 0x00, 0x00, 0x00, 0xff, 0xa4, 0x00, 0x00, 0xff, 0xa4, 0x00, 0x00,
    0x00, 0x00, 0xff, 0xa4, 0x00, 0x00, 0xff, 0xa4, 0x00, 0x00, 0x00, 0x00, 0xff, 0xa3, 0x00, 0x00,
    0xf4, 0xb3, 0x00, 0x00, 0x00, 0x10, 0xff, 0x95, 0x00, 0x00, 0xc4, 0xea, 0x0a, 0x00, 0x00, 0x4e,
    0xff, 0x68, 0x00, 0x00, 0x46, 0xff, 0xc4, 0x63, 0x75, 0xec, 0xe8, 0x11, 0x00, 0x00, 0x00, 0x4b,
    0xd0, 0xf9, 0xef, 0xb3, 0x28, 0x00, 0x00, 0x00, 0x00, 0x00, 0x00, 0x00, 0x36, 0x7b, 0x00, 0x00,
    0x00, 0x00, 0x00, 0x00, 0x00, 0x07, 0xd8, 0x8f, 0x00, 0x00, 0x00, 0x00, 0x00, 0x00, 0x00, 0x4b,
    0xb5, 0x04, 0x00, 0x00, 0x00, 0x00, 0x00, 0x00, 0x00, 0x00, 0x00, 0x00, 0x00, 0x00, 0x00, 0x00,
    0xd0, 0x7b, 0x00, 0x00, 0x00, 0x00, 0xd4, 0x75, 0x00, 0x00, 0xff, 0xa4, 0x00, 0x00, 0x00, 0x00,
    0xff, 0xa4, 0x00, 0x00, 0xff, 0xa4, 0x00, 0x00, 0x00, 0x00, 0xff, 0xa4, 0x00, 0x00, 0xff, 0xa4,
    0x00, 0x00, 0x00, 0x00, 0xff, 0xa4, 0x00, 0x00, 0xff, 0xa4, 0x00, 0x00, 0x00, 0x00, 0xff, 0xa4,
    0x00, 0x00, 0xff, 0xa4, 0x00, 0x00, 0x00, 0x00, 0xff, 0xa3, 0x00, 0x00, 0xf4, 0xb3, 0x00, 0x00,
    0x00, 0x10, 0xff, 0x95, 0x00, 0x00, 0xc4, 0xea, 0x0a, 0x00, 0x00, 0x4e, 0xff, 0x68, 0x00, 0x00,
    0x46, 0xff, 0xc4, 0x63, 0x75, 0xec, 0xe8, 0x11, 0x00, 0x00, 0x00, 0x4b, 0xd0, 0xf9, 0xef, 0xb3,
    0x28, 0x00, 0x00, 0x00, 0x00, 0x00, 0x01, 0x62, 0x39, 0x00, 0x00, 0x00, 0x00, 0x00, 0x00, 0x00,
    0x7c, 0xdc, 0xf0, 0x2b, 0x00, 0x00, 0x00, 0x00, 0x00, 0x10, 0xdb, 0x1f, 0x5d, 0xa9, 0x00, 0x00,
    0x00, 0x00, 0x00, 0x00, 0x00, 0x00, 0x00, 0x00, 0x00, 0x00, 0x00, 0x00, 0xd0, 0x75, 0x00, 0x00,
    0x00, 0x00, 0xce, 0x75, 0x00, 0x00, 0xff, 0xa4, 0x00, 0x00, 0x00, 0x00, 0xff, 0xa4, 0x00, 0x00,
    0xff, 0xa4, 0x00, 0x00, 0x00, 0x00, 0xff, 0xa4, 0x00, 0x00, 0xff, 0xa4, 0x00, 0x00, 0x00, 0x00,
    0xff, 0xa4, 0x00, 0x00, 0xff, 0xa4, 0x00, 0x00, 0x00, 0x00, 0xff, 0xa4, 0x00, 0x00, 0xff, 0xa4,
    0x00, 0x00, 0x00, 0x00, 0xff, 0xa3, 0x00, 0x00, 0xf4, 0xb8, 0x00, 0x00, 0x00, 0x14, 0xff, 0x95,
    0x00, 0x00, 0xc4, 0xf5, 0x1c, 0x00, 0x00, 0x6a, 0xff, 0x68, 0x00, 0x00, 0x46, 0xff, 0xe8, 0x9b,
    0xad, 0xfd, 0xe8, 0x11, 0x00, 0x00, 0x00, 0x4b, 0xd0, 0xf9, 0xef, 0xb3, 0x28, 0x00, 0x00, 0x00,
    0x00, 0x00, 0x03, 0x00, 0x00, 0x03, 0x00, 0x00, 0x00, 0x00, 0x00, 0x00, 0xdd, 0x81, 0x81, 0xdd,
    0x00, 0x00, 0x00, 0x00, 0x00, 0x00, 0x23, 0x0f, 0x0f, 0x24, 0x00, 0x00, 0x00, 0x00, 0x00, 0x00,
    0x00, 0x00, 0x00, 0x00, 0x00, 0x00, 0x00, 0x00, 0xd0, 0x7b, 0x00, 0x00, 0x00, 0x00, 0xd4, 0x75,
    0x00, 0x00, 0xff, 0xa4, 0x00, 0x00, 0x00, 0x00, 0xff, 0xa4, 0x00, 0x00, 0xff, 0xa4, 0x00, 0x00,
    0x00, 0x00, 0xff, 0xa4, 0x00, 0x00, 0xff, 0xa4, 0x00, 0x00, 0x00, 0x00, 0xff, 0xa4, 0x00, 0x00,
    0xff, 0xa4, 0x00, 0x00, 0x00, 0x00, 0xff, 0xa4, 0x00, 0x00, 0xff, 0xa4, 0x00, 0x00, 0x00, 0x00,
    0xff, 0xa3, 0x00, 0x00, 0xf4, 0xb3, 0x00, 0x00, 0x00, 0x10, 0xff, 0x95, 0x00, 0x00, 0xc4, 0xea,
    0x0a, 0x00, 0x00, 0x4e, 0xff, 0x68, 0x00, 0x00, 0x46, 0xff, 0xc4, 0x63, 0x75, 0xec, 0xe8, 0x11,
    0x00, 0x00, 0x00, 0x4b, 0xd0, 0xf9, 0xef, 0xb3, 0x28, 0x00, 0x00, 0x00, 0x00, 0x00, 0x00, 0x18,
    0x97, 0x03, 0x00, 0x00, 0x00, 0x00, 0x00, 0xac, 0xc3, 0x01, 0x00, 0x00, 0x00, 0x00, 0x1b, 0xd7,
    0x15, 0x00, 0x00, 0x00, 0x00, 0x00, 0x00, 0x00, 0x00, 0x00, 0x00, 0xc5, 0x97, 0x00, 0x00, 0x00,
    0x10, 0xd3, 0x72, 0x96, 0xff, 0x51, 0x00, 0x00, 0x9e, 0xfe, 0x3d, 0x0d, 0xe1, 0xe8, 0x12, 0x47,
    0xff, 0x94, 0x00, 0x00, 0x45, 0xff, 0xb1, 0xe2, 0xdf, 0x0c, 0x00, 0x00, 0x00, 0x9a, 0xff, 0xff,
    0x42, 0x00, 0x00, 0x00, 0x00, 0x0e, 0xff, 0xca, 0x00, 0x00, 0x00, 0x00, 0x00, 0x00, 0xff, 0xa4,
    0x00, 0x00, 0x00, 0x00, 0x00, 0x00, 0xff, 0xa4, 0x00, 0x00, 0x00, 0x00, 0x00, 0x00, 0xff, 0xa4,
    0x00, 0x00, 0x00, 0x00, 0x00, 0x00, 0xcd, 0x75, 0x00, 0x00, 0x00, 0x00, 0xcc, 0x78, 0x00, 0x00,
    0x00, 0x00, 0x00, 0x00, 0x00, 0xff, 0xa9, 0x10, 0x0f, 0x01, 0x00, 0x00, 0x00, 0x00, 0xff, 0xff,
    0xff, 0xff, 0xf6, 0xa9, 0x12, 0x00, 0x00, 0xff, 0xbb, 0x40, 0x42, 0x7b, 0xfe, 0x9f, 0x00, 0x00,
    0xff, 0xa4, 0x00, 0x00, 0x00, 0xbd, 0xe8, 0x00, 0x00, 0xff, 0xa4, 0x00, 0x00, 0x00, 0xb3, 0xef,
    0x00, 0x00, 0xff, 0xa9, 0x10, 0x12, 0x4b, 0xf8, 0xb4, 0x00, 0x00, 0xff, 0xff, 0xff, 0xff, 0xff,
    0xd6, 0x24, 0x00, 0x00, 0xff, 0xbb, 0x40, 0x3f, 0x29, 0x03, 0x00, 0x00, 0x00, 0xcc, 0x7b, 0x00,
    0x00, 0x00, 0x00, 0x00, 0x00, 0x00, 0x03, 0x77, 0xda, 0xf4, 0xcf, 0x4c, 0x00, 0x00, 0x00, 0x76,
    0xff, 0x97, 0x66, 0xe7, 0xea, 0x00, 0x00, 0x00, 0xd8, 0xcb, 0x00, 0x00, 0xc5, 0xdc, 0x00, 0x00,
    0x00, 0xfa, 0xa5, 0x00, 0x7a, 0xfc, 0x4e, 0x00, 0x00, 0x00, 0xff, 0xa4, 0x19, 0xfc, 0x8b, 0x00,
    0x00, 0x00, 0x00, 0xff, 0xa4, 0x1b, 0xfd, 0xd5, 0x4d, 0x03, 0x00, 0x00, 0xff, 0xa4, 0x00, 0x56,
    0xd8, 0xff, 0xde, 0x25, 0x00, 0xff, 0xa4, 0x00, 0x00, 0x00, 0x47, 0xff, 0x94, 0x00, 0xff, 0xa4,
    0x6e, 0xb4, 0x65, 0x84, 0xff, 0x7c, 0x00, 0xd0, 0x75, 0x2a, 0xb3, 0xf0, 0xf0, 0x9c, 0x09, 0x00,
    0x03, 0x25, 0x00, 0x00, 0x00, 0x00, 0x00, 0x41, 0xf8, 0x1b, 0x00, 0x00, 0x00, 0x00, 0x01, 0xc4,
    0x8d, 0x00, 0x00, 0x00, 0x00, 0x00, 0x28, 0xc6, 0x00, 0x00, 0x00, 0x00, 0x00, 0x00, 0x00, 0x00,
    0x00, 0x00, 0x00, 0x56, 0xca, 0xf6, 0xec, 0x94, 0x04, 0x00, 0x96, 0x97, 0x5e, 0x93, 0xff, 0x66,
    0x00, 0x00, 0x00, 0x04, 0x13, 0xff, 0x9c, 0x00, 0x5b, 0xdb, 0xfe, 0xff, 0xff, 0xa4, 0x00, 0xef,
    0xdc, 0x55, 0x58, 0xff, 0xa4, 0x00, 0xe0, 0xe1, 0x67, 0xb9, 0xfe, 0xa4, 0x00, 0x34, 0xd7, 0xf3,
    0x93, 0xb1, 0x78, 0x00, 0x00, 0x00, 0x00, 0x19, 0x0f, 0x00, 0x00, 0x00, 0x00, 0x00, 0xd0, 0x83,
    0x00, 0x00, 0x00, 0x00, 0x4c, 0xf0, 0x19, 0x00, 0x00, 0x00, 0x00, 0x91, 0x60, 0x00, 0x00, 0x00,
    0x00, 0x00, 0x00, 0x00, 0x00, 0x00, 0x00, 0x56, 0xca, 0xf6, 0xec, 0x94, 0x04, 0x00, 0x96, 0x97,
    0x5e, 0x93, 0xff, 0x66, 0x00, 0x00, 0x00, 0x04, 0x13, 0xff, 0x9c, 0x00, 0x5b, 0xdb, 0xfe, 0xff,
    0xff, 0xa4, 0x00, 0xef, 0xdc, 0x55, 0x58, 0xff, 0xa4, 0x00, 0xe0, 0xe1, 0x67, 0xb9, 0xfe, 0xa4,
    0x00, 0x34, 0xd7, 0xf3, 0x93, 0xb1, 0x78, 0x00, 0x00, 0x00, 0x1f, 0x1c, 0x00, 0x00, 0x00, 0x00,
    0x0f, 0xea, 0xe7, 0x0c, 0x00, 0x00, 0x00, 0x7f, 0xad, 0xb4, 0x77, 0x00, 0x00, 0x00, 0xc1, 0x1f,
    0x23, 0xba, 0x00, 0x00, 0x00, 0x00, 0x00, 0x00, 0x00, 0x00, 0x00, 0x56, 0xca, 0xf6, 0xec, 0x94,
    0x04, 0x00, 0x96, 0x97, 0x5e, 0x93, 0xff, 0x66, 0x00, 0x00, 0x00, 0x04, 0x13, 0xff, 0x9c, 0x00,
    0x5b, 0xdb, 0xfe, 0xff, 0xff, 0xa4, 0x00, 0xef, 0xdc, 0x55, 0x58, 0xff, 0xa4, 0x00, 0xe0, 0xe1,
    0x67, 0xb9, 0xfe, 0xa4, 0x00, 0x34, 0xd7, 0xf3, 0x93, 0xb1, 0x78, 0x00, 0x00, 0x02, 0x00, 0x00,
    0x0d, 0x00, 0x00, 0x57, 0xf7, 0xb2, 0x37, 0xd8, 0x0a, 0x00, 0xc4, 0x43, 0x88, 0xf5, 0x88, 0x00,
    0x00, 0x0c, 0x00, 0x00, 0x00, 0x00, 0x00, 0x00, 0x56, 0xca, 0xf6, 0xec, 0x94, 0x04, 0x00, 0x96,
    0x97, 0x5e, 0x93, 0xff, 0x66, 0x00, 0x00, 0x00, 0x04, 0x13, 0xff, 0x9c, 0x00, 0x5b, 0xdb, 0xfe,
    0xff, 0xff, 0xa4, 0x00, 0xef, 0xdc, 0x55, 0x58, 0xff, 0xa4, 0x00, 0xe0, 0xe1, 0x67, 0xb9, 0xfe,
    0xa4, 0x00, 0x34, 0xd7, 0xf3, 0x93, 0xb1, 0x78, 0x00, 0x00, 0xd3, 0x79, 0x7b, 0xd3, 0x00, 0x00,
    0x00, 0x34, 0x18, 0x19, 0x34, 0x00, 0x00, 0x00, 0x00, 0x00, 0x00, 0x00, 0x00, 0x00, 0x56, 0xca,
    0xf6, 0xec, 0x94, 0x04, 0x00, 0x96, 0x97, 0x5e, 0x93, 0xff, 0x66, 0x00, 0x00, 0x00, 0x04, 0x13,
    0xff, 0x9c, 0x00, 0x5b, 0xdb, 0xfe, 0xff, 0xff, 0xa4, 0x00, 0xef, 0xdc, 0x55, 0x58, 0xff, 0xa4,
    0x00, 0xe0, 0xe1, 0x67, 0xb9, 0xfe, 0xa4, 0x00, 0x34, 0xd7, 0xf3, 0x93, 0xb1, 0x78, 0x00, 0x00,
    0x01, 0x33, 0x34, 0x02, 0x00, 0x00, 0x00, 0xa7, 0xff, 0xff, 0xa7, 0x00, 0x00, 0x00, 0xf3, 0x7b,
    0x7b, 0xf2, 0x00, 0x00, 0x00, 0x5c, 0xe4, 0xe5, 0x5d, 0x00, 0x00, 0x00, 0x00, 0x00, 0x00, 0x00,
    0x00, 0x00, 0x56, 0xca, 0xf6, 0xec, 0x94, 0x04, 0x00, 0x96, 0x97, 0x5e, 0x93, 0xff, 0x66, 0x00,
    0x00, 0x00, 0x03, 0x12, 0xff, 0x9c, 0x00, 0x57, 0xd7, 0xfd, 0xff, 0xff, 0xa4, 0x00, 0xee, 0xdb,
    0x54, 0x58, 0xff, 0xa4, 0x00, 0xe0, 0xe1, 0x67, 0xb9, 0xfe, 0xa4, 0x00, 0x34, 0xd7, 0xf3, 0x93,
    0xb1, 0x78, 0x00, 0x53, 0xc9, 0xf6, 0xe9, 0x7e, 0x5a, 0xd6, 0xf5, 0xc9, 0x3b, 0x00, 0x00, 0x93,
    0x98, 0x5e, 0x93, 0xff, 0xff, 0xa6, 0x65, 0xc7, 0xf5, 0x1a, 0x00, 0x00, 0x00, 0x04, 0x13, 0xff,
    0xdb, 0x11, 0x10, 0x34, 0xff, 0x76, 0x00, 0x5b, 0xdb, 0xfe, 0xff, 0xff, 0xff, 0xff, 0xff, 0xff,
    0xff, 0x97, 0x00, 0xef, 0xdc, 0x55, 0x5a, 0xff, 0xf1, 0x40, 0x40, 0x40, 0x3f, 0x17, 0x00, 0xe0,
    0xe1, 0x67, 0xb9, 0xee, 0xff, 0xa2, 0x5d, 0x82, 0xc7, 0x05, 0x00, 0x32, 0xd3, 0xf7, 0xc2, 0x1d,
    0x66, 0xd9, 0xf8, 0xda, 0x6f, 0x00, 0x00, 0x04, 0x7d, 0xde, 0xf4, 0xbd, 0x26, 0x00, 0x79, 0xff,
    0xa1, 0x5f, 0xa3, 0x41, 0x00, 0xda, 0xd1, 0x00, 0x00, 0x00, 0x00, 0x00, 0xf8, 0xab, 0x00, 0x00,
    0x00, 0x00, 0x00, 0xdd, 0xd4, 0x00, 0x00, 0x00, 0x00, 0x00, 0x79, 0xff, 0xa1, 0x5e, 0xa1, 0x36,
    0x00, 0x02, 0x7e, 0xff, 0xff, 0xbb, 0x21, 0x00, 0x00, 0x00, 0x5b, 0xd8, 0x3c, 0x00, 0x00, 0x00,
    0x00, 0x14, 0x53, 0xf0, 0x00, 0x00, 0x00, 0x03, 0xc6, 0xdc, 0x7f, 0x00, 0x00, 0x01, 0x27, 0x00,
    0x00, 0x00, 0x00, 0x00, 0x00, 0x31, 0xfd, 0x29, 0x00, 0x00, 0x00, 0x00, 0x00, 0x00, 0xb5, 0x9e,
    0x00, 0x00, 0x00, 0x00, 0x00, 0x00, 0x1e, 0xd0, 0x00, 0x00, 0x00, 0x00, 0x00, 0x00, 0x00, 0x00,
    0x00, 0x00, 0x00, 0x00, 0x00, 0x02, 0x7f, 0xe8, 0xea, 0x91, 0x05, 0x00, 0x00, 0x77, 0xff, 0x8b,
    0x7c, 0xfe, 0x78, 0x00, 0x00, 0xdd, 0xd8, 0x10, 0x10, 0xca, 0xd6, 0x00, 0x00, 0xf9, 0xff, 0xff,
    0xff, 0xff, 0xf3, 0x00, 0x00, 0xda, 0xf9, 0x40, 0x40, 0x40, 0x2e, 0x00, 0x00, 0x69, 0xff, 0xa6,
    0x5d, 0x7d, 0xc8, 0x0e, 0x00, 0x00, 0x69, 0xd8, 0xf8, 0xde, 0x79, 0x01, 0x00, 0x00, 0x00, 0x00,
    0x15, 0x13, 0x00, 0x00, 0x00, 0x00, 0x00, 0x00, 0xc0, 0x93, 0x00, 0x00, 0x00, 0x00, 0x00, 0x39,
    0xf6, 0x23, 0x00, 0x00, 0x00, 0x00, 0x00, 0x80, 0x6f, 0x00, 0x00, 0x00, 0x00, 0x00, 0x00, 0x00,
    0x00, 0x00, 0x00, 0x00, 0x00, 0x02, 0x7f, 0xe8, 0xea, 0x91, 0x05, 0x00, 0x00, 0x77, 0xff, 0x8b,
    0x7c, 0xfe, 0x78, 0x00, 0x00, 0xdd, 0xd8, 0x10, 0x10, 0xca, 0xd6, 0x00, 0x00, 0xf9, 0xff, 0xff,
    0xff, 0xff, 0xf3, 0x00, 0x00, 0xda, 0xf9, 0x40, 0x40, 0x40, 0x2e, 0x00, 0x00, 0x69, 0xff, 0xa6,
    0x5d, 0x7d, 0xc8, 0x0e, 0x00, 0x00, 0x69, 0xd8, 0xf8, 0xde, 0x79, 0x01, 0x00, 0x00, 0x00, 0x1a,
    0x21, 0x00, 0x00, 0x00, 0x00, 0x00, 0x08, 0xe1, 0xef, 0x14, 0x00, 0x00, 0x00, 0x00, 0x6f, 0xbd,
    0xa5, 0x87, 0x00, 0x00, 0x00, 0x00, 0xb5, 0x2a, 0x19, 0xc6, 0x00, 0x00, 0x00, 0x00, 0x00, 0x00,
    0x00, 0x00, 0x00, 0x00, 0x00, 0x02, 0x7f, 0xe8, 0xea, 0x91, 0x05, 0x00, 0x00, 0x77, 0xff, 0x8b,
    0x7c, 0xfe, 0x78, 0x00, 0x00, 0xdd, 0xd8, 0x10, 0x10, 0xca, 0xd6, 0x00, 0x00, 0xf9, 0xff, 0xff,
    0xff, 0xff, 0xf3, 0x00, 0x00, 0xda, 0xf9, 0x40, 0x40, 0x40, 0x2e, 0x00, 0x00, 0x69, 0xff, 0xa6,
    0x5d, 0x7d, 0xc8, 0x0e, 0x00, 0x00, 0x69, 0xd8, 0xf8, 0xde, 0x79, 0x01, 0x00, 0x00, 0xd3, 0x79,
    0x7b, 0xd3, 0x00, 0x00, 0x00, 0x00, 0x34, 0x18, 0x19, 0x34, 0x00, 0x00, 0x00, 0x00, 0x00, 0x00,
    0x00, 0x00, 0x00, 0x00, 0x00, 0x02, 0x7f, 0xe8, 0xea, 0x91, 0x05, 0x00, 0x00, 0x77, 0xff, 0x8b,
    0x7c, 0xfe, 0x78, 0x00, 0x00, 0xdd, 0xda, 0x10, 0x10, 0xcb, 0xd6, 0x00, 0x00, 0xf9, 0xff, 0xff,
    0xff, 0xff, 0xf2, 0x00, 0x00, 0xda, 0xff, 0x40, 0x40, 0x40, 0x2d, 0x00, 0x00, 0x69, 0xff, 0xa6,
    0x5d, 0x7d, 0xc8, 0x0e, 0x00, 0x00, 0x69, 0xd8, 0xf8, 0xde, 0x79, 0x01, 0x02, 0x26, 0x00, 0x00,
    0x39, 0xfa, 0x20, 0x00, 0x00, 0xbe, 0x92, 0x00, 0x00, 0x25, 0xca, 0x00, 0x00, 0x00, 0x00, 0x00,
    0x00, 0x00, 0xcb, 0x70, 0x00, 0x00, 0xff, 0xa4, 0x00, 0x00, 0xff, 0xa4, 0x00, 0x00, 0xff, 0xa4,
    0x00, 0x00, 0xff, 0xa4, 0x00, 0x00, 0xff, 0xa4, 0x00, 0x00, 0xcb, 0x70, 0x00, 0x00, 0x17, 0x11,
    0x00, 0x00, 0xcb, 0x88, 0x00, 0x46, 0xf2, 0x1c, 0x00, 0x8a, 0x66, 0x00, 0x00, 0x00, 0x00, 0x00,
    0x00, 0xcb, 0x70, 0x00, 0x00, 0xff, 0xa4, 0x00, 0x00, 0xff, 0xa4, 0x00, 0x00, 0xff, 0xa4, 0x00,
    0x00, 0xff, 0xa4, 0x00, 0x00, 0xff, 0xa4, 0x00, 0x00, 0xcb, 0x70, 0x00, 0x00, 0x00, 0x27, 0x0f,
    0x00, 0x00, 0x2d, 0xfa, 0xc7, 0x00, 0x00, 0xac, 0x86, 0xda, 0x4b, 0x08, 0xcd, 0x08, 0x47, 0x98,
    0x00, 0x00, 0x00, 0x00, 0x00, 0x00, 0x00, 0xcb, 0x70, 0x00, 0x00, 0x00, 0xff, 0xa4, 0x00, 0x00,
    0x00, 0xff, 0xa4, 0x00, 0x00, 0x00, 0xff, 0xa4, 0x00, 0x00, 0x00, 0xff, 0xa4, 0x00, 0x00, 0x00,
    0xff, 0xa4, 0x00, 0x00, 0x00, 0xcb, 0x70, 0x00, 0xd3, 0x79, 0x79, 0xd4, 0x34, 0x18, 0x18, 0x35,
    0x00, 0x00, 0x00, 0x00, 0x00, 0x72, 0xc8, 0x00, 0x00, 0xa4, 0xff, 0x00, 0x00, 0xa4, 0xff, 0x00,
    0x00, 0xa4, 0xff, 0x00, 0x00, 0xa4, 0xff, 0x00, 0x00, 0xa4, 0xff, 0x00, 0x00, 0x72, 0xc9, 0x00,
    0x00, 0x00, 0xac, 0xb0, 0x4c, 0x7e, 0xb1, 0x00, 0x00, 0x00, 0x4f, 0xf7, 0xff, 0xef, 0x2e, 0x00,
    0x00, 0x0c, 0xe3, 0x89, 0x4d, 0xf8, 0x86, 0x00, 0x00, 0x00, 0x00, 0x03, 0x03, 0x86, 0xfa, 0x1c,
    0x00, 0x0f, 0xa5, 0xfa, 0xf7, 0xbf, 0xff, 0x72, 0x00, 0xa2, 0xfe, 0x85, 0x4d, 0xbe, 0xff, 0x96,
    0x00, 0xf2, 0xbe, 0x00, 0x00, 0x16, 0xff, 0x8d, 0x00, 0xee, 0xbf, 0x00, 0x00, 0x21, 0xff, 0x64,
    0x00, 0x92, 0xff, 0x8d, 0x63, 0xc9, 0xe8, 0x0a, 0x00, 0x07, 0x8c, 0xe9, 0xf8, 0xbf, 0x25, 0x00,
    0x00, 0x00, 0x02, 0x00, 0x00, 0x0a, 0x03, 0x00, 0x00, 0x31, 0xec, 0xce, 0x3e, 0xb8, 0x39, 0x00,
    0x00, 0x95, 0x67, 0x68, 0xef, 0xb3, 0x03, 0x00, 0x00, 0x0b, 0x00, 0x00, 0x00, 0x00, 0x00, 0x00,
    0x00, 0xcf, 0x7f, 0xa3, 0xf5, 0xe0, 0x43, 0x00, 0x00, 0xff, 0xff, 0x8c, 0x68, 0xf3, 0xd1, 0x00,
    0x00, 0xff, 0xc0, 0x00, 0x00, 0xae, 0xfa, 0x00, 0x00, 0xff, 0xa4, 0x00, 0x00, 0xa4, 0xff, 0x00,
    0x00, 0xff, 0xa4, 0x00, 0x00, 0xa4, 0xff, 0x00, 0x00, 0xff, 0xa4, 0x00, 0x00, 0xa4, 0xff, 0x00,
    0x00, 0xd1, 0x77, 0x00, 0x00, 0x75, 0xd1, 0x00, 0x00, 0x00, 0x28, 0x00, 0x00, 0x00, 0x00, 0x00,
    0x00, 0x22, 0xfe, 0x34, 0x00, 0x00, 0x00, 0x00, 0x00, 0x00, 0xa7, 0xaa, 0x00, 0x00, 0x00, 0x00,
    0x00, 0x00, 0x16, 0xd6, 0x02, 0x00, 0x00, 0x00, 0x00, 0x00, 0x00, 0x00, 0x00, 0x00, 0x00, 0x00,
    0x00, 0x02, 0x77, 0xdb, 0xf6, 0xc8, 0x3d, 0x00, 0x00, 0x6f, 0xff, 0xa5, 0x63, 0xd1, 0xf5, 0x22,
    0x00, 0xd6, 0xce, 0x01, 0x00, 0x2f, 0xff, 0x80, 0x00, 0xf7, 0xaa, 0x00, 0x00, 0x09, 0xff, 0x9a,
    0x00, 0xdd, 0xd1, 0x00, 0x00, 0x36, 0xff, 0x77, 0x00, 0x79, 0xff, 0x9b, 0x67, 0xd7, 0xf3, 0x1b,
    0x00, 0x02, 0x7f, 0xe4, 0xf4, 0xc6, 0x39, 0x00, 0x00, 0x00, 0x00, 0x00, 0x12, 0x16, 0x00, 0x00,
    0x00, 0x00, 0x00, 0x00, 0xb4, 0xa0, 0x00, 0x00, 0x00, 0x00, 0x00, 0x2e, 0xf9, 0x2c, 0x00, 0x00,
    0x00, 0x00, 0x00, 0x74, 0x7e, 0x00, 0x00, 0x00, 0x00, 0x00, 0x00, 0x00, 0x00, 0x00, 0x00, 0x00,
    0x00, 0x02, 0x77, 0xdb, 0xf6, 0xc8, 0x3d, 0x00, 0x00, 0x6f, 0xff, 0xa5, 0x63, 0xd1, 0xf5, 0x22,
    0x00, 0xd6, 0xce, 0x01, 0x00, 0x2f, 0xff, 0x80, 0x00, 0xf7, 0xaa, 0x00, 0x00, 0x09, 0xff, 0x9a,
    0x00, 0xdd, 0xd1, 0x00, 0x00, 0x36, 0xff, 0x77, 0x00, 0x79, 0xff, 0x9b, 0x67, 0xd7, 0xf3, 0x1b,
    0x00, 0x02, 0x7f, 0xe4, 0xf4, 0xc6, 0x39, 0x00, 0x00, 0x00, 0x00, 0x0b, 0x31, 0x00, 0x00, 0x00,
    0x00, 0x00, 0x00, 0xa9, 0xff, 0x48, 0x00, 0x00, 0x00, 0x00, 0x2f, 0xeb, 0x75, 0xca, 0x00, 0x00,
    0x00, 0x00, 0x7e, 0x61, 0x01, 0xbf, 0x1f, 0x00, 0x00, 0x00, 0x00, 0x00, 0x00, 0x00, 0x00, 0x00,
    0x00, 0x02, 0x77, 0xdb, 0xf6, 0xc8, 0x3d, 0x00, 0x00, 0x6f, 0xff, 0xa5, 0x63, 0xd1, 0xf5, 0x22,
    0x00, 0xd6, 0xce, 0x01, 0x00, 0x2f, 0xff, 0x80, 0x00, 0xf7, 0xaa, 0x00, 0x00, 0x09, 0xff, 0x9a,
    0x00, 0xdd, 0xd1, 0x00, 0x00, 0x36, 0xff, 0x77, 0x00, 0x79, 0xff, 0x9b, 0x67, 0xd7, 0xf3, 0x1b,
    0x00, 0x02, 0x7f, 0xe4, 0xf4, 0xc6, 0x39, 0x00, 0x00, 0x00, 0x02, 0x00, 0x00, 0x0c, 0x01, 0x00,
    0x00, 0x3f, 0xf1, 0xc3, 0x3a, 0xc7, 0x25, 0x00, 0x00, 0xa9, 0x56, 0x74, 0xf3, 0xa4, 0x00, 0x00,
    0x00, 0x0c, 0x00, 0x00, 0x00, 0x00, 0x00, 0x00, 0x00, 0x02, 0x77, 0xdb, 0xf6, 0xc8, 0x3d, 0x00,
    0x00, 0x6f, 0xff, 0xa5, 0x63, 0xd1, 0xf5, 0x22, 0x00, 0xd6, 0xce, 0x01, 0x00, 0x2f, 0xff, 0x80,
    0x00, 0xf7, 0xaa, 0x00, 0x00, 0x09, 0xff, 0x9a, 0x00, 0xdd, 0xd1, 0x00, 0x00, 0x36, 0xff, 0x77,
    0x00, 0x79, 0xff, 0x9b, 0x67, 0xd7, 0xf3, 0x1b, 0x00, 0x02, 0x7f, 0xe4, 0xf4, 0xc6, 0x39, 0x00,
    0x00, 0x00, 0x7a, 0xd3, 0x79, 0xd4, 0x00, 0x00, 0x00, 0x00, 0x19, 0x34, 0x18, 0x35, 0x00, 0x00,
    0x00, 0x00, 0x00, 0x00, 0x00, 0x00, 0x00, 0x00, 0x00, 0x02, 0x77, 0xdb, 0xf6, 0xc8, 0x3d, 0x00,
    0x00, 0x6f, 0xff, 0xa5, 0x63, 0xd1, 0xf5, 0x22, 0x00, 0xd6, 0xce, 0x01, 0x00, 0x2f, 0xff, 0x80,
    0x00, 0xf7, 0xaa, 0x00, 0x00, 0x09, 0xff, 0x9a, 0x00, 0xdd, 0xd1, 0x00, 0x00, 0x36, 0xff, 0x77,
    0x00, 0x79, 0xff, 0x9b, 0x67, 0xd7, 0xf3, 0x1b, 0x00, 0x02, 0x7f, 0xe4, 0xf4, 0xc6, 0x39, 0x00,
    0x00, 0x00, 0x00, 0x03, 0x00, 0x00, 0x00, 0x00, 0x00, 0x00, 0x00, 0xdd, 0x81, 0x00, 0x00, 0x00,
    0x00, 0x00, 0x00, 0x23, 0x0f, 0x00, 0x00, 0x00, 0x00, 0x0e, 0x10, 0x10, 0x10, 0x10, 0x0a, 0x00,
    0x47, 0xff, 0xff, 0xff, 0xff, 0xff, 0xfc, 0x16, 0x07, 0x3d, 0x40, 0x40, 0x40, 0x40, 0x37, 0x00,
    0x00, 0x00, 0x00, 0x05, 0x00, 0x00, 0x00, 0x00, 0x00, 0x00, 0x00, 0xdf, 0x83, 0x00, 0x00, 0x00,
    0x00, 0x00, 0x00, 0x23, 0x0f, 0x00, 0x00, 0x00, 0x00, 0x00, 0x00, 0x00, 0x00, 0x6a, 0x14, 0x00,
    0x00, 0x02, 0x77, 0xdb, 0xff, 0xff, 0x4e, 0x00, 0x00, 0x6f, 0xff, 0xa5, 0xff, 0xff, 0xf5, 0x22,
    0x00, 0xd6, 0xce, 0x45, 0xe4, 0x38, 0xff, 0x80, 0x00, 0xf7, 0xab, 0xcd, 0x62, 0x09, 0xff, 0x9a,
    0x00, 0xdd, 0xff, 0xd5, 0x03, 0x36, 0xff, 0x77, 0x00, 0x7f, 0xff, 0xe7, 0x67, 0xd7, 0xf3, 0x1b,
    0x00, 0x70, 0xff, 0xe4, 0xf4, 0xc6, 0x39, 0x00, 0x00, 0x75, 0x30, 0x00, 0x00, 0x00, 0x00, 0x00,
    0x00, 0x00, 0x28, 0x00, 0x00, 0x00, 0x00, 0x00, 0x00, 0x20, 0xff, 0x37, 0x00, 0x00, 0x00, 0x00,
    0x00, 0x00, 0xa6, 0xae, 0x00, 0x00, 0x00, 0x00, 0x00, 0x00, 0x15, 0xd5, 0x03, 0x00, 0x00, 0x00,
    0x00, 0x00, 0x00, 0x00, 0x00, 0x00, 0x00, 0x00, 0x00, 0xd1, 0x75, 0x00, 0x00, 0x78, 0xce, 0x00,
    0x00, 0xff, 0xa4, 0x00, 0x00, 0xa4, 0xff, 0x00, 0x00, 0xff, 0xa4, 0x00, 0x00, 0xa4, 0xff, 0x00,
    0x00, 0xff, 0xa4, 0x00, 0x00, 0xa4, 0xff, 0x00, 0x00, 0xfa, 0xac, 0x00, 0x00, 0xc2, 0xff, 0x00,
    0x00, 0xcf, 0xf2, 0x68, 0x8b, 0xff, 0xff, 0x00, 0x00, 0x3b, 0xda, 0xf7, 0xaf, 0x82, 0xd1, 0x00,
    0x00, 0x00, 0x00, 0x00, 0x11, 0x17, 0x00, 0x00, 0x00, 0x00, 0x00, 0x00, 0xb0, 0xa4, 0x00, 0x00,
    0x00, 0x00, 0x00, 0x2b, 0xfa, 0x2f, 0x00, 0x00, 0x00, 0x00, 0x00, 0x70, 0x81, 0x00, 0x00, 0x00,
    0x00, 0x00, 0x00, 0x00, 0x00, 0x00, 0x00, 0x00, 0x00, 0xd1, 0x75, 0x00, 0x00, 0x78, 0xce, 0x00,
    0x00, 0xff, 0xa4, 0x00, 0x00, 0xa4, 0xff, 0x00, 0x00, 0xff, 0xa4, 0x00, 0x00, 0xa4, 0xff, 0x00,
    0x00, 0xff, 0xa4, 0x00, 0x00, 0xa4, 0xff, 0x00, 0x00, 0xfa, 0xac, 0x00, 0x00, 0xc2, 0xff, 0x00,
    0x00, 0xcf, 0xf2, 0x68, 0x8b, 0xff, 0xff, 0x00, 0x00, 0x3b, 0xda, 0xf7, 0xaf, 0x82, 0xd1, 0x00,
    0x00, 0x00, 0x00, 0x1a, 0x1d, 0x00, 0x00, 0x00, 0x00, 0x00, 0x0b, 0xe5, 0xed, 0x12, 0x00, 0x00,
    0x00, 0x00, 0x77, 0xb5, 0xad, 0x83, 0x00, 0x00, 0x00, 0x00, 0xba, 0x24, 0x1d, 0xc3, 0x00, 0x00,
    0x00, 0x00, 0x00, 0x00, 0x00, 0x00, 0x00, 0x00, 0x00, 0xd1, 0x77, 0x00, 0x00, 0x79, 0xcf, 0x00,
    0x00, 0xff, 0xa4, 0x00, 0x00, 0xa4, 0xff, 0x00, 0x00, 0xff, 0xa4, 0x00, 0x00, 0xa4, 0xff, 0x00,
    0x00, 0xff, 0xa4, 0x00, 0x00, 0xa4, 0xff, 0x00, 0x00, 0xfa, 0xad, 0x00, 0x00, 0xc5, 0xff, 0x00,
    0x00, 0xcf, 0xf4, 0x74, 0x97, 0xff, 0xff, 0x00, 0x00, 0x3b, 0xda, 0xf7, 0xac, 0x80, 0xd1, 0x00,
    0x00, 0x00, 0xd3, 0x79, 0x7a, 0xd3, 0x00, 0x00, 0x00, 0x00, 0x34, 0x18, 0x18, 0x34, 0x00, 0x00,
    0x00, 0x00, 0x00, 0x00, 0x00, 0x00, 0x00, 0x00, 0x00, 0xd1, 0x75, 0x00, 0x00, 0x78, 0xce, 0x00,
    0x00, 0xff, 0xa4, 0x00, 0x00, 0xa4, 0xff, 0x00, 0x00, 0xff, 0xa4, 0x00, 0x00, 0xa4, 0xff, 0x00,
    0x00, 0xff, 0xa4, 0x00, 0x00, 0xa4, 0xff, 0x00, 0x00, 0xfa, 0xac, 0x00, 0x00, 0xc2, 0xff, 0x00,
    0x00, 0xcf, 0xf2, 0x68, 0x8b, 0xff, 0xff, 0x00, 0x00, 0x3b, 0xda, 0xf7, 0xaf, 0x82, 0xd1, 0x00,
    0x00, 0x00, 0x00, 0x00, 0x23, 0x05, 0x00, 0x00, 0x00, 0x00, 0x11, 0xf2, 0x50, 0x00, 0x00, 0x00,
    0x00, 0x7e, 0xd1, 0x05, 0x00, 0x00, 0x00, 0x00, 0xba, 0x36, 0x00, 0x00, 0x00, 0x00, 0x00, 0x00,
    0x00, 0x00, 0x00, 0x8d, 0xbb, 0x00, 0x00, 0x00, 0xc7, 0x6f, 0x81, 0xff, 0x2a, 0x00, 0x39, 0xff,
    0x5b, 0x21, 0xfe, 0x86, 0x00, 0x97, 0xef, 0x09, 0x00, 0xbd, 0xe0, 0x07, 0xed, 0x95, 0x00, 0x00,
    0x5b, 0xff, 0x90, 0xff, 0x31, 0x00, 0x00, 0x08, 0xef, 0xff, 0xce, 0x00, 0x00, 0x00, 0x00, 0x9e,
    0xff, 0x6a, 0x00, 0x00, 0x00, 0x00, 0xa4, 0xf6, 0x10, 0x00, 0x00, 0x00, 0x0e, 0xf5, 0xa3, 0x00,
    0x00, 0x00, 0x00, 0x22, 0xeb, 0x32, 0x00, 0x00, 0x00, 0x00, 0xcc, 0x75, 0x00, 0x00, 0x00, 0x00,
    0x00, 0x00, 0xff, 0xa4, 0x00, 0x00, 0x00, 0x00, 0x00, 0x00, 0xff, 0xa4, 0x00, 0x00, 0x00, 0x00,
    0x00, 0x00, 0xff, 0xad, 0xa3, 0xf4, 0xdd, 0x58, 0x00, 0x00, 0xff, 0xff, 0xa5, 0x63, 0xd1, 0xfc,
    0x2f, 0x00, 0xff, 0xce, 0x01, 0x00, 0x2f, 0xff, 0x86, 0x00, 0xff, 0xaa, 0x00, 0x00, 0x09, 0xff,
    0x9e, 0x00, 0xff, 0xd1, 0x00, 0x00, 0x36, 0xff, 0x85, 0x00, 0xff, 0xff, 0x9b, 0x67, 0xd7, 0xfd,
    0x2f, 0x00, 0xff, 0xb7, 0xb1, 0xf6, 0xdf, 0x5a, 0x00, 0x00, 0xff, 0xa4, 0x00, 0x00, 0x00, 0x00,
    0x00, 0x00, 0xff, 0xa4, 0x00, 0x00, 0x00, 0x00, 0x00, 0x00, 0xcd, 0x72, 0x00, 0x00, 0x00, 0x00,
    0x00, 0x00, 0x00, 0xd3, 0x79, 0x79, 0xd4, 0x00, 0x00, 0x00, 0x00, 0x34, 0x18, 0x18, 0x35, 0x00,
    0x00, 0x00, 0x00, 0x00, 0x00, 0x00, 0x00, 0x00, 0x00, 0x08, 0xe4, 0x5b, 0x00, 0x00, 0x3d, 0xe9,
    0x10, 0x01, 0xe4, 0xc3, 0x00, 0x00, 0xa5, 0xea, 0x04, 0x00, 0x84, 0xfe, 0x1c, 0x0d, 0xf5, 0x8d,
    0x00, 0x00, 0x22, 0xfe, 0x73, 0x60, 0xff, 0x29, 0x00, 0x00, 0x00, 0xbf, 0xcb, 0xbe, 0xc5, 0x00,
    0x00, 0x00, 0x00, 0x5c, 0xff, 0xff, 0x62, 0x00, 0x00, 0x00, 0x00, 0x09, 0xf8, 0xf2, 0x0b, 0x00,
    0x00, 0x00, 0x00, 0x0d, 0xfa, 0x9a, 0x00, 0x00, 0x00, 0x00, 0x00, 0x68, 0xff, 0x37, 0x00, 0x00,
    0x00, 0x00, 0x00, 0x7d, 0xbc, 0x00, 0x00, 0x00, 0x00,
};

static const atlas_glyph_t NUNITO_BOLD_13_GLYPHS[198] = {
    [ 0] = { .data_offset =     0, .w =   0, .h =   0, .offset_x =   0, .offset_y =   0, .advance =   225 },   // 0x20 ' '
    [ 1] = { .data_offset =     0, .w =   3, .h =  10, .offset_x =   0, .offset_y =   4, .advance =   206 },   // 0x21 '!'
    [ 2] = { .data_offset =    30, .w =   6, .h =  10, .offset_x =   0, .offset_y =   4, .advance =   373 },   // 0x22 '"'
    [ 3] = { .data_offset =    90, .w =   8, .h =  10, .offset_x =   0, .offset_y =   4, .advance =   499 },   // 0x23 '#'
    [ 4] = { .data_offset =   170, .w =   8, .h =  14, .offset_x =   0, .offset_y =   2, .advance =   499 },   // 0x24 '$'
    [ 5] = { .data_offset =   282, .w =  12, .h =  12, .offset_x =   0, .offset_y =   3, .advance =   786 },   // 0x25 '%'
    [ 6] = { .data_offset =   426, .w =  10, .h =  10, .offset_x =   0, .offset_y =   4, .advance =   604 },   // 0x26 '&'
    [ 7] = { .data_offset =   526, .w =   3, .h =  10, .offset_x =   0, .offset_y =   4, .advance =   202 },   // 0x27 '''
    [ 8] = { .data_offset =   556, .w =   5, .h =  14, .offset_x =   0, .offset_y =   3, .advance =   298 },   // 0x28 '('
    [ 9] = { .data_offset =   626, .w =   5, .h =  14, .offset_x =   0, .offset_y =   3, .advance =   298 },   // 0x29 ')'
    [10] = { .data_offset =   696, .w =   6, .h =  11, .offset_x =   0, .offset_y =   3, .advance =   377 },   // 0x2A '*'
    [11] = { .data_offset =   762, .w =   8, .h =   7, .offset_x =   0, .offset_y =   7, .advance =   499 },   // 0x2B '+'
    [12] = { .data_offset =   818, .w =   3, .h =   5, .offset_x =   0, .offset_y =  11, .advance =   206 },   // 0x2C ','
    [13] = { .data_offset =   833, .w =   6, .h =   5, .offset_x =   0, .offset_y =   9, .advance =   361 },   // 0x2D '-'
    [14] = { .data_offset =   863, .w =   3, .h =   3, .offset_x =   0, .offset_y =  11, .advance =   206 },   // 0x2E '.'
    [15] = { .data_offset =   872, .w =   6, .h =  12, .offset_x =  -1, .offset_y =   3, .advance =   260 },   // 0x2F '/'
    [16] = { .data_offset =   944, .w =   8, .h =  10, .offset_x =   0, .offset_y =   4, .advance =   499 },   // 0x30 '0'
    [17] = { .data_offset =  1024, .w =   8, .h =  10, .offset_x =   0, .offset_y =   4, .advance =   499 },   // 0x31 '1'
    [18] = { .data_offset =  1104, .w =   8, .h =  10, .offset_x =   0, .offset_y =   4, .advance =   499 },   // 0x32 '2'
    [19] = { .data_offset =  1184, .w =   8, .h =  10, .offset_x =   0, .offset_y =   4, .advance =   499 },   // 0x33 '3'
    [20] = { .data_offset =  1264, .w =   8, .h =  10, .offset_x =   0, .offset_y =   4, .advance =   499 },   // 0x34 '4'
    [21] = { .data_offset =  1344, .w =   8, .h =  10, .offset_x =   0, .offset_y =   4, .advance =   499 },   // 0x35 '5'
    [22] = { .data_offset =  1424, .w =   8, .h =  10, .offset_x =   0, .offset_y =   4, .advance =   499 },   // 0x36 '6'
    [23] = { .data_offset =  1504, .w =   8, .h =  10, .offset_x =   0, .offset_y =   4, .advance =   499 },   // 0x37 '7'
    [24] = { .data_offset =  1584, .w =   8, .h =  10, .offset_x =   0, .offset_y =   4, .advance =   499 },   // 0x38 '8'
    [25] = { .data_offset =  1664, .w =   8, .h =  10, .offset_x =   0, .offset_y =   4, .advance =   499 },   // 0x39 '9'
    [26] = { .data_offset =  1744, .w =   3, .h =   7, .offset_x =   0, .offset_y =   7, .advance =   206 },   // 0x3A ':'
    [27] = { .data_offset =  1765, .w =   3, .h =   9, .offset_x =   0, .offset_y =   7, .advance =   206 },   // 0x3B ';'
    [28] = { .data_offset =  1792, .w =   8, .h =   8, .offset_x =   0, .offset_y =   6, .advance =   499 },   // 0x3C '<'
    [29] = { .data_offset =  1856, .w =   8, .h =   7, .offset_x =   0, .offset_y =   7, .advance =   499 },   // 0x3D '='
    [30] = { .data_offset =  1912, .w =   8, .h =   8, .offset_x =   0, .offset_y =   6, .advance =   499 },   // 0x3E '>'
    [31] = { .data_offset =  1976, .w =   6, .h =  10, .offset_x =   0, .offset_y =   4, .advance =   382 },   // 0x3F '?'
    [32] = { .data_offset =  2036, .w =  12, .h =  13, .offset_x =   0, .offset_y =   4, .advance =   790 },   // 0x40 '@'
    [33] = { .data_offset =  2192, .w =  10, .h =  10, .offset_x =   0, .offset_y =   4, .advance =   619 },   // 0x41 'A'
    [34] = { .data_offset =  2292, .w =   9, .h =  10, .offset_x =   0, .offset_y =   4, .advance =   572 },   // 0x42 'B'
    [35] = { .data_offset =  2382, .w =   9, .h =  10, .offset_x =   0, .offset_y =   4, .advance =   566 },   // 0x43 'C'
    [36] = { .data_offset =  2472, .w =  10, .h =  10, .offset_x =   0, .offset_y =   4, .advance =   634 },   // 0x44 'D'
    [37] = { .data_offset =  2572, .w =   8, .h =  10, .offset_x =   0, .offset_y =   4, .advance =   497 },   // 0x45 'E'
    [38] = { .data_offset =  2652, .w =   8, .h =  10, .offset_x =   0, .offset_y =   4, .advance =   468 },   // 0x46 'F'
    [39] = { .data_offset =  2732, .w =  10, .h =  10, .offset_x =   0, .offset_y =   4, .advance =   612 },   // 0x47 'G'
    [40] = { .data_offset =  2832, .w =  10, .h =  10, .offset_x =   0, .offset_y =   4, .advance =   643 },   // 0x48 'H'
    [41] = { .data_offset =  2932, .w =   4, .h =  10, .offset_x =   0, .offset_y =   4, .advance =   235 },   // 0x49 'I'
    [42] = { .data_offset =  2972, .w =   5, .h =  10, .offset_x =   0, .offset_y =   4, .advance =   295 },   // 0x4A 'J'
    [43] = { .data_offset =  3022, .w =   9, .h =  10, .offset_x =   0, .offset_y =   4, .advance =   553 },   // 0x4B 'K'
    [44] = { .data_offset =  3112, .w =   8, .h =  10, .offset_x =   0, .offset_y =   4, .advance =   468 },   // 0x4C 'L'
    [45] = { .data_offset =  3192, .w =  11, .h =  10, .offset_x =   0, .offset_y =   4, .advance =   722 },   // 0x4D 'M'
    [46] = { .data_offset =  3302, .w =  10, .h =  10, .offset_x =   0, .offset_y =   4, .advance =   622 },   // 0x4E 'N'
    [47] = { .data_offset =  3402, .w =  10, .h =  10, .offset_x =   0, .offset_y =   4, .advance =   653 },   // 0x4F 'O'
    [48] = { .data_offset =  3502, .w =   8, .h =  10, .offset_x =   0, .offset_y =   4, .advance =   542 },   // 0x50 'P'
    [49] = { .data_offset =  3582, .w =  10, .h =  13, .offset_x =   0, .offset_y =   4, .advance =   653 },   // 0x51 'Q'
    [50] = { .data_offset =  3712, .w =   9, .h =  10, .offset_x =   0, .offset_y =   4, .advance =   571 },   // 0x52 'R'
    [51] = { .data_offset =  3802, .w =   8, .h =  10, .offset_x =   0, .offset_y =   4, .advance =   525 },   // 0x53 'S'
    [52] = { .data_offset =  3882, .w =   8, .h =  10, .offset_x =   0, .offset_y =   4, .advance =   517 },   // 0x54 'T'
    [53] = { .data_offset =  3962, .w =  10, .h =  10, .offset_x =   0, .offset_y =   4, .advance =   614 },   // 0x55 'U'
    [54] = { .data_offset =  4062, .w =  10, .h =  10, .offset_x =   0, .offset_y =   4, .advance =   593 },   // 0x56 'V'
    [55] = { .data_offset =  4162, .w =  15, .h =  10, .offset_x =   0, .offset_y =   4, .advance =   926 },   // 0x57 'W'
    [56] = { .data_offset =  4312, .w =   9, .h =  10, .offset_x =   0, .offset_y =   4, .advance =   559 },   // 0x58 'X'
    [57] = { .data_offset =  4402, .w =   8, .h =  10, .offset_x =   0, .offset_y =   4, .advance =   514 },   // 0x59 'Y'
    [58] = { .data_offset =  4482, .w =   8, .h =  10, .offset_x =   0, .offset_y =   4, .advance =   503 },   // 0x5A 'Z'
    [59] = { .data_offset =  4562, .w =   5, .h =  13, .offset_x =   0, .offset_y =   4, .advance =   295 },   // 0x5B '['
    [60] = { .data_offset =  4627, .w =   6, .h =  12, .offset_x =  -1, .offset_y =   3, .advance =   260 },   // 0x5C '\'
    [61] = { .data_offset =  4699, .w =   5, .h =  13, .offset_x =   0, .offset_y =   4, .advance =   295 },   // 0x5D ']'
    [62] = { .data_offset =  4764, .w =   8, .h =   9, .offset_x =   0, .offset_y =   5, .advance =   499 },   // 0x5E '^'
    [63] = { .data_offset =  4836, .w =   7, .h =   3, .offset_x =   0, .offset_y =  13, .advance =   416 },   // 0x5F '_'
    [64] = { .data_offset =  4857, .w =   5, .h =  11, .offset_x =   0, .offset_y =   3, .advance =   314 },   // 0x60 '`'
    [65] = { .data_offset =  4912, .w =   7, .h =   7, .offset_x =   0, .offset_y =   7, .advance =   455 },   // 0x61 'a'
    [66] = { .data_offset =  4961, .w =   8, .h =  10, .offset_x =   0, .offset_y =   4, .advance =   499 },   // 0x62 'b'
    [67] = { .data_offset =  5041, .w =   7, .h =   7, .offset_x =   0, .offset_y =   7, .advance =   393 },   // 0x63 'c'
    [68] = { .data_offset =  5090, .w =   8, .h =  10, .offset_x =   0, .offset_y =   4, .advance =   499 },   // 0x64 'd'
    [69] = { .data_offset =  5170, .w =   8, .h =   7, .offset_x =   0, .offset_y =   7, .advance =   451 },   // 0x65 'e'
    [70] = { .data_offset =  5226, .w =   6, .h =  11, .offset_x =  -1, .offset_y =   3, .advance =   303 },   // 0x66 'f'
    [71] = { .data_offset =  5292, .w =   8, .h =  10, .offset_x =   0, .offset_y =   7, .advance =   503 },   // 0x67 'g'
    [72] = { .data_offset =  5372, .w =   8, .h =  10, .offset_x =   0, .offset_y =   4, .advance =   487 },   // 0x68 'h'
    [73] = { .data_offset =  5452, .w =   3, .h =  10, .offset_x =   0, .offset_y =   4, .advance =   212 },   // 0x69 'i'
    [74] = { .data_offset =  5482, .w =   4, .h =  13, .offset_x =  -1, .offset_y =   4, .advance =   215 },   // 0x6A 'j'
    [75] = { .data_offset =  5534, .w =   7, .h =  10, .offset_x =   0, .offset_y =   4, .advance =   446 },   // 0x6B 'k'
    [76] = { .data_offset =  5604, .w =   5, .h =  10, .offset_x =   0, .offset_y =   4, .advance =   265 },   // 0x6C 'l'
    [77] = { .data_offset =  5654, .w =  11, .h =   7, .offset_x =   0, .offset_y =   7, .advance =   730 },   // 0x6D 'm'
    [78] = { .data_offset =  5731, .w =   8, .h =   7, .offset_x =   0, .offset_y =   7, .advance =   487 },   // 0x6E 'n'
    [79] = { .data_offset =  5787, .w =   8, .h =   7, .offset_x =   0, .offset_y =   7, .advance =   479 },   // 0x6F 'o'
    [80] = { .data_offset =  5843, .w =   8, .h =  10, .offset_x =   0, .offset_y =   7, .advance =   499 },   // 0x70 'p'
    [81] = { .data_offset =  5923, .w =   8, .h =  10, .offset_x =   0, .offset_y =   7, .advance =   499 },   // 0x71 'q'
    [82] = { .data_offset =  6003, .w =   6, .h =   8, .offset_x =   0, .offset_y =   6, .advance =   326 },   // 0x72 'r'
    [83] = { .data_offset =  6051, .w =   7, .h =   7, .offset_x =   0, .offset_y =   7, .advance =   406 },   // 0x73 's'
    [84] = { .data_offset =  6100, .w =   6, .h =   9, .offset_x =  -1, .offset_y =   5, .advance =   319 },   // 0x74 't'
    [85] = { .data_offset =  6154, .w =   8, .h =   7, .offset_x =   0, .offset_y =   7, .advance =   482 },   // 0x75 'u'
    [86] = { .data_offset =  6210, .w =   7, .h =   7, .offset_x =   0, .offset_y =   7, .advance =   438 },   // 0x76 'v'
    [87] = { .data_offset =  6259, .w =  11, .h =   7, .offset_x =   0, .offset_y =   7, .advance =   710 },   // 0x77 'w'
    [88] = { .data_offset =  6336, .w =   7, .h =   7, .offset_x =   0, .offset_y =   7, .advance =   454 },   // 0x78 'x'
    [89] = { .data_offset =  6385, .w =   7, .h =  10, .offset_x =   0, .offset_y =   7, .advance =   438 },   // 0x79 'y'
    [90] = { .data_offset =  6455, .w =   6, .h =   7, .offset_x =   0, .offset_y =   7, .advance =   394 },   // 0x7A 'z'
    [91] = { .data_offset =  6497, .w =   6, .h =  13, .offset_x =   0, .offset_y =   4, .advance =   325 },   // 0x7B '{'
    [92] = { .data_offset =  6575, .w =   4, .h =  13, .offset_x =   0, .offset_y =   4, .advance =   240 },   // 0x7C '|'
    [93] = { .data_offset =  6627, .w =   6, .h =  13, .offset_x =   0, .offset_y =   4, .advance =   325 },   // 0x7D '}'
    [94] = { .data_offset =  6705, .w =   8, .h =   6, .offset_x =   0, .offset_y =   8, .advance =   499 },   // 0x7E '~'
    [95] = { .data_offset =  6753, .w =   4, .h =   7, .offset_x =   0, .offset_y =   7, .advance =   239 },   // U+2039 '‹' (extra)
    [96] = { .data_offset =  6781, .w =   4, .h =   7, .offset_x =   0, .offset_y =   7, .advance =   239 },   // U+203A '›' (extra)
    [97] = { .data_offset =  6809, .w =   3, .h =   6, .offset_x =   0, .offset_y =   8, .advance =   206 },   // U+00B7 '·' (extra)
    [98] = { .data_offset =  6827, .w =   3, .h =  10, .offset_x =   0, .offset_y =   4, .advance =   206 },   // U+2018 '‘' (extra)
    [99] = { .data_offset =  6857, .w =   3, .h =  10, .offset_x =   0, .offset_y =   4, .advance =   206 },   // U+2019 '’' (extra)
    [100] = { .data_offset =  6887, .w =   6, .h =  10, .offset_x =   0, .offset_y =   4, .advance =   369 },   // U+201C '“' (extra)
    [101] = { .data_offset =  6947, .w =   6, .h =  10, .offset_x =   0, .offset_y =   4, .advance =   369 },   // U+201D '”' (extra)
    [102] = { .data_offset =  7007, .w =   8, .h =   5, .offset_x =  -1, .offset_y =   9, .advance =   416 },   // U+2013 '–' (extra)
    [103] = { .data_offset =  7047, .w =  15, .h =   5, .offset_x =  -1, .offset_y =   9, .advance =   832 },   // U+2014 '—' (extra)
    [104] = { .data_offset =  7122, .w =  10, .h =   3, .offset_x =   0, .offset_y =  11, .advance =   620 },   // U+2026 '…' (extra)
    [105] = { .data_offset =  7152, .w =   3, .h =  11, .offset_x =   0, .offset_y =   6, .advance =   206 },   // U+00A1 '¡' (extra)
    [106] = { .data_offset =  7185, .w =   8, .h =  11, .offset_x =   0, .offset_y =   5, .advance =   499 },   // U+00A2 '¢' (extra)
    [107] = { .data_offset =  7273, .w =   9, .h =  10, .offset_x =   0, .offset_y =   4, .advance =   499 },   // U+00A3 '£' (extra)
    [108] = { .data_offset =  7363, .w =   8, .h =   7, .offset_x =   0, .offset_y =   7, .advance =   499 },   // U+00A4 '¤' (extra)
    [109] = { .data_offset =  7419, .w =   8, .h =  10, .offset_x =   0, .offset_y =   4, .advance =   499 },   // U+00A5 '¥' (extra)
    [110] = { .data_offset =  7499, .w =   4, .h =  13, .offset_x =   0, .offset_y =   4, .advance =   240 },   // U+00A6 '¦' (extra)
    [111] = { .data_offset =  7551, .w =   8, .h =  13, .offset_x =   0, .offset_y =   4, .advance =   474 },   // U+00A7 '§' (extra)
    [112] = { .data_offset =  7655, .w =   7, .h =  11, .offset_x =   0, .offset_y =   3, .advance =   426 },   // U+00A8 '¨' (extra)
    [113] = { .data_offset =  7732, .w =  11, .h =  12, .offset_x =   0, .offset_y =   3, .advance =   678 },   // U+00A9 '©' (extra)
    [114] = { .data_offset =  7864, .w =   5, .h =   9, .offset_x =   0, .offset_y =   5, .advance =   282 },   // U+00AA 'ª' (extra)
    [115] = { .data_offset =  7909, .w =   6, .h =   7, .offset_x =   0, .offset_y =   7, .advance =   411 },   // U+00AB '«' (extra)
    [116] = { .data_offset =  7951, .w =   8, .h =   7, .offset_x =   0, .offset_y =   7, .advance =   499 },   // U+00AC '¬' (extra)
    [117] = { .data_offset =  8007, .w =  11, .h =  12, .offset_x =   0, .offset_y =   3, .advance =   678 },   // U+00AE '®' (extra)
    [118] = { .data_offset =  8139, .w =   7, .h =  11, .offset_x =   0, .offset_y =   3, .advance =   437 },   // U+00AF '¯' (extra)
    [119] = { .data_offset =  8216, .w =   5, .h =  11, .offset_x =   0, .offset_y =   3, .advance =   315 },   // U+00B0 '°' (extra)
    [120] = { .data_offset =  8271, .w =   8, .h =   8, .offset_x =   0, .offset_y =   6, .advance =   499 },   // U+00B1 '±' (extra)
    [121] = { .data_offset =  8335, .w =   5, .h =   9, .offset_x =   0, .offset_y =   5, .advance =   316 },   // U+00B2 '²' (extra)
    [122] = { .data_offset =  8380, .w =   5, .h =   9, .offset_x =   0, .offset_y =   5, .advance =   316 },   // U+00B3 '³' (extra)
    [123] = { .data_offset =  8425, .w =   5, .h =  11, .offset_x =   0, .offset_y =   3, .advance =   314 },   // U+00B4 '´' (extra)
    [124] = { .data_offset =  8480, .w =   8, .h =  10, .offset_x =   0, .offset_y =   7, .advance =   499 },   // U+00B5 'µ' (extra)
    [125] = { .data_offset =  8560, .w =   8, .h =  13, .offset_x =   0, .offset_y =   4, .advance =   519 },   // U+00B6 '¶' (extra)
    [126] = { .data_offset =  8664, .w =   5, .h =   4, .offset_x =   0, .offset_y =  13, .advance =   350 },   // U+00B8 '¸' (extra)
    [127] = { .data_offset =  8684, .w =   5, .h =   9, .offset_x =   0, .offset_y =   5, .advance =   316 },   // U+00B9 '¹' (extra)
    [128] = { .data_offset =  8729, .w =   6, .h =   9, .offset_x =   0, .offset_y =   5, .advance =   294 },   // U+00BA 'º' (extra)
    [129] = { .data_offset =  8783, .w =   6, .h =   7, .offset_x =   0, .offset_y =   7, .advance =   411 },   // U+00BB '»' (extra)
    [130] = { .data_offset =  8825, .w =  13, .h =  12, .offset_x =   0, .offset_y =   3, .advance =   759 },   // U+00BC '¼' (extra)
    [131] = { .data_offset =  8981, .w =  13, .h =  12, .offset_x =   0, .offset_y =   3, .advance =   799 },   // U+00BD '½' (extra)
    [132] = { .data_offset =  9137, .w =  12, .h =  12, .offset_x =   0, .offset_y =   3, .advance =   759 },   // U+00BE '¾' (extra)
    [133] = { .data_offset =  9281, .w =   7, .h =  11, .offset_x =   0, .offset_y =   6, .advance =   382 },   // U+00BF '¿' (extra)
    [134] = { .data_offset =  9358, .w =  10, .h =  14, .offset_x =   0, .offset_y =   0, .advance =   619 },   // U+00C0 'À' (extra)
    [135] = { .data_offset =  9498, .w =  10, .h =  14, .offset_x =   0, .offset_y =   0, .advance =   619 },   // U+00C1 'Á' (extra)
    [136] = { .data_offset =  9638, .w =  10, .h =  14, .offset_x =   0, .offset_y =   0, .advance =   619 },   // U+00C2 'Â' (extra)
    [137] = { .data_offset =  9778, .w =  10, .h =  14, .offset_x =   0, .offset_y =   0, .advance =   619 },   // U+00C3 'Ã' (extra)
    [138] = { .data_offset =  9918, .w =  10, .h =  14, .offset_x =   0, .offset_y =   0, .advance =   619 },   // U+00C4 'Ä' (extra)
    [139] = { .data_offset = 10058, .w =  10, .h =  15, .offset_x =   0, .offset_y =  -1, .advance =   619 },   // U+00C5 'Å' (extra)
    [140] = { .data_offset = 10208, .w =  14, .h =  10, .offset_x =  -1, .offset_y =   4, .advance =   826 },   // U+00C6 'Æ' (extra)
    [141] = { .data_offset = 10348, .w =   9, .h =  13, .offset_x =   0, .offset_y =   4, .advance =   566 },   // U+00C7 'Ç' (extra)
    [142] = { .data_offset = 10465, .w =   8, .h =  14, .offset_x =   0, .offset_y =   0, .advance =   497 },   // U+00C8 'È' (extra)
    [143] = { .data_offset = 10577, .w =   8, .h =  14, .offset_x =   0, .offset_y =   0, .advance =   497 },   // U+00C9 'É' (extra)
    [144] = { .data_offset = 10689, .w =   8, .h =  14, .offset_x =   0, .offset_y =   0, .advance =   497 },   // U+00CA 'Ê' (extra)
    [145] = { .data_offset = 10801, .w =   8, .h =  13, .offset_x =   0, .offset_y =   1, .advance =   497 },   // U+00CB 'Ë' (extra)
    [146] = { .data_offset = 10905, .w =   5, .h =  14, .offset_x =  -1, .offset_y =   0, .advance =   235 },   // U+00CC 'Ì' (extra)
    [147] = { .data_offset = 10975, .w =   4, .h =  14, .offset_x =   0, .offset_y =   0, .advance =   235 },   // U+00CD 'Í' (extra)
    [148] = { .data_offset = 11031, .w =   5, .h =  14, .offset_x =  -1, .offset_y =   0, .advance =   235 },   // U+00CE 'Î' (extra)
    [149] = { .data_offset = 11101, .w =   4, .h =  14, .offset_x =   0, .offset_y =   0, .advance =   235 },   // U+00CF 'Ï' (extra)
    [150] = { .data_offset = 11157, .w =  11, .h =  10, .offset_x =  -1, .offset_y =   4, .advance =   634 },   // U+00D0 'Ð' (extra)
    [151] = { .data_offset = 11267, .w =  10, .h =  14, .offset_x =   0, .offset_y =   0, .advance =   622 },   // U+00D1 'Ñ' (extra)
    [152] = { .data_offset = 11407, .w =  10, .h =  14, .offset_x =   0, .offset_y =   0, .advance =   653 },   // U+00D2 'Ò' (extra)
    [153] = { .data_offset = 11547, .w =  10, .h =  14, .offset_x =   0, .offset_y =   0, .advance =   653 },   // U+00D3 'Ó' (extra)
    [154] = { .data_offset = 11687, .w =  10, .h =  14, .offset_x =   0, .offset_y =   0, .advance =   653 },   // U+00D4 'Ô' (extra)
    [155] = { .data_offset = 11827, .w =  10, .h =  14, .offset_x =   0, .offset_y =   0, .advance =   653 },   // U+00D5 'Õ' (extra)
    [156] = { .data_offset = 11967, .w =  10, .h =  14, .offset_x =   0, .offset_y =   0, .advance =   653 },   // U+00D6 'Ö' (extra)
    [157] = { .data_offset = 12107, .w =   8, .h =   7, .offset_x =   0, .offset_y =   7, .advance =   499 },   // U+00D7 '×' (extra)
    [158] = { .data_offset = 12163, .w =  10, .h =  12, .offset_x =   0, .offset_y =   3, .advance =   653 },   // U+00D8 'Ø' (extra)
    [159] = { .data_offset = 12283, .w =  10, .h =  14, .offset_x =   0, .offset_y =   0, .advance =   614 },   // U+00D9 'Ù' (extra)
    [160] = { .data_offset = 12423, .w =  10, .h =  14, .offset_x =   0, .offset_y =   0, .advance =   614 },   // U+00DA 'Ú' (extra)
    [161] = { .data_offset = 12563, .w =  10, .h =  14, .offset_x =   0, .offset_y =   0, .advance =   614 },   // U+00DB 'Û' (extra)
    [162] = { .data_offset = 12703, .w =  10, .h =  14, .offset_x =   0, .offset_y =   0, .advance =   614 },   // U+00DC 'Ü' (extra)
    [163] = { .data_offset = 12843, .w =   8, .h =  14, .offset_x =   0, .offset_y =   0, .advance =   514 },   // U+00DD 'Ý' (extra)
    [164] = { .data_offset = 12955, .w =   9, .h =  10, .offset_x =   0, .offset_y =   4, .advance =   545 },   // U+00DE 'Þ' (extra)
    [165] = { .data_offset = 13045, .w =   9, .h =  10, .offset_x =   0, .offset_y =   4, .advance =   543 },   // U+00DF 'ß' (extra)
    [166] = { .data_offset = 13135, .w =   7, .h =  12, .offset_x =   0, .offset_y =   2, .advance =   455 },   // U+00E0 'à' (extra)
    [167] = { .data_offset = 13219, .w =   7, .h =  12, .offset_x =   0, .offset_y =   2, .advance =   455 },   // U+00E1 'á' (extra)
    [168] = { .data_offset = 13303, .w =   7, .h =  12, .offset_x =   0, .offset_y =   2, .advance =   455 },   // U+00E2 'â' (extra)
    [169] = { .data_offset = 13387, .w =   7, .h =  11, .offset_x =   0, .offset_y =   3, .advance =   455 },   // U+00E3 'ã' (extra)
    [170] = { .data_offset = 13464, .w =   7, .h =  10, .offset_x =   0, .offset_y =   4, .advance =   455 },   // U+00E4 'ä' (extra)
    [171] = { .data_offset = 13534, .w =   7, .h =  12, .offset_x =   0, .offset_y =   2, .advance =   455 },   // U+00E5 'å' (extra)
    [172] = { .data_offset = 13618, .w =  12, .h =   7, .offset_x =   0, .offset_y =   7, .advance =   720 },   // U+00E6 'æ' (extra)
    [173] = { .data_offset = 13702, .w =   7, .h =  10, .offset_x =   0, .offset_y =   7, .advance =   393 },   // U+00E7 'ç' (extra)
    [174] = { .data_offset = 13772, .w =   8, .h =  12, .offset_x =   0, .offset_y =   2, .advance =   451 },   // U+00E8 'è' (extra)
    [175] = { .data_offset = 13868, .w =   8, .h =  12, .offset_x =   0, .offset_y =   2, .advance =   451 },   // U+00E9 'é' (extra)
    [176] = { .data_offset = 13964, .w =   8, .h =  12, .offset_x =   0, .offset_y =   2, .advance =   451 },   // U+00EA 'ê' (extra)
    [177] = { .data_offset = 14060, .w =   8, .h =  10, .offset_x =   0, .offset_y =   4, .advance =   451 },   // U+00EB 'ë' (extra)
    [178] = { .data_offset = 14140, .w =   4, .h =  12, .offset_x =  -1, .offset_y =   2, .advance =   212 },   // U+00EC 'ì' (extra)
    [179] = { .data_offset = 14188, .w =   4, .h =  12, .offset_x =   0, .offset_y =   2, .advance =   212 },   // U+00ED 'í' (extra)
    [180] = { .data_offset = 14236, .w =   5, .h =  12, .offset_x =  -1, .offset_y =   2, .advance =   212 },   // U+00EE 'î' (extra)
    [181] = { .data_offset = 14296, .w =   4, .h =  10, .offset_x =   0, .offset_y =   4, .advance =   212 },   // U+00EF 'ï' (extra)
    [182] = { .data_offset = 14336, .w =   8, .h =  10, .offset_x =   0, .offset_y =   4, .advance =   483 },   // U+00F0 'ð' (extra)
    [183] = { .data_offset = 14416, .w =   8, .h =  11, .offset_x =   0, .offset_y =   3, .advance =   487 },   // U+00F1 'ñ' (extra)
    [184] = { .data_offset = 14504, .w =   8, .h =  12, .offset_x =   0, .offset_y =   2, .advance =   479 },   // U+00F2 'ò' (extra)
    [185] = { .data_offset = 14600, .w =   8, .h =  12, .offset_x =   0, .offset_y =   2, .advance =   479 },   // U+00F3 'ó' (extra)
    [186] = { .data_offset = 14696, .w =   8, .h =  12, .offset_x =   0, .offset_y =   2, .advance =   479 },   // U+00F4 'ô' (extra)
    [187] = { .data_offset = 14792, .w =   8, .h =  11, .offset_x =   0, .offset_y =   3, .advance =   479 },   // U+00F5 'õ' (extra)
    [188] = { .data_offset = 14880, .w =   8, .h =  10, .offset_x =   0, .offset_y =   4, .advance =   479 },   // U+00F6 'ö' (extra)
    [189] = { .data_offset = 14960, .w =   8, .h =   9, .offset_x =   0, .offset_y =   5, .advance =   499 },   // U+00F7 '÷' (extra)
    [190] = { .data_offset = 15032, .w =   8, .h =   9, .offset_x =   0, .offset_y =   6, .advance =   479 },   // U+00F8 'ø' (extra)
    [191] = { .data_offset = 15104, .w =   8, .h =  12, .offset_x =   0, .offset_y =   2, .advance =   482 },   // U+00F9 'ù' (extra)
    [192] = { .data_offset = 15200, .w =   8, .h =  12, .offset_x =   0, .offset_y =   2, .advance =   482 },   // U+00FA 'ú' (extra)
    [193] = { .data_offset = 15296, .w =   8, .h =  12, .offset_x =   0, .offset_y =   2, .advance =   482 },   // U+00FB 'û' (extra)
    [194] = { .data_offset = 15392, .w =   8, .h =  10, .offset_x =   0, .offset_y =   4, .advance =   482 },   // U+00FC 'ü' (extra)
    [195] = { .data_offset = 15472, .w =   7, .h =  15, .offset_x =   0, .offset_y =   2, .advance =   438 },   // U+00FD 'ý' (extra)
    [196] = { .data_offset = 15577, .w =   8, .h =  13, .offset_x =   0, .offset_y =   4, .advance =   499 },   // U+00FE 'þ' (extra)
    [197] = { .data_offset = 15681, .w =   8, .h =  13, .offset_x =  -1, .offset_y =   4, .advance =   438 },   // U+00FF 'ÿ' (extra)
};

const atlas_t NUNITO_BOLD_13 = {
    .glyphs      = NUNITO_BOLD_13_GLYPHS,
    .data        = NUNITO_BOLD_13_DATA,
    .ascent      = 14,
    .descent     = 5,
    .line_height = 19,
};
