// NUNITO_BOLD_11 — auto-generated by tools/atlas_gen.py.
// Source: Nunito-Bold.ttf @ 11px
// Edit the generator, not this file.

#include "../atlas.h"

static const uint8_t NUNITO_BOLD_11_DATA[] = {
    0x49, 0xe9, 0x07, 0x66, 0xff, 0x11, 0x53, 0xfd, 0x01, 0x41, 0xec, 0x00, 0x2e, 0xd9, 0x00, 0x13,
    0xb3, 0x00, 0x1b, 0xb5, 0x03, 0x25, 0xdd, 0x07, 0x45, 0xe6, 0x13, 0xe9, 0x36, 0x4c, 0xf6, 0x0a,
    0xff, 0x39, 0x24, 0xc5, 0x00, 0xd5, 0x15, 0x00, 0x00, 0x00, 0x00, 0x00, 0x00, 0x00, 0x00, 0x00,
    0x00, 0x00, 0x00, 0x00, 0x00, 0x00, 0x00, 0x00, 0x00, 0x00, 0x00, 0x00, 0x00, 0x00, 0x00, 0x00,
    0x00, 0x00, 0xba, 0x23, 0x68, 0x7b, 0x00, 0x38, 0xf9, 0xff, 0xf8, 0xff, 0xfa, 0x14, 0x00, 0x31,
    0xc4, 0x00, 0xdc, 0x17, 0x00, 0x00, 0x58, 0x9e, 0x05, 0xed, 0x00, 0x00, 0x00, 0x7f, 0x78, 0x28,
    0xcc, 0x00, 0x00, 0x76, 0xff, 0xfb, 0xf9, 0xff, 0xd1, 0x00, 0x0c, 0xe1, 0x43, 0x8f, 0x93, 0x18,
    0x00, 0x00, 0xd5, 0x01, 0x99, 0x3b, 0x00, 0x00, 0x00, 0x00, 0x29, 0xda, 0x07, 0x00, 0x00, 0x00,
    0x00, 0x48, 0xff, 0x18, 0x00, 0x00, 0x00, 0x51, 0xdd, 0xff, 0xe4, 0x7b, 0x00, 0x1b, 0xfa, 0x8b,
    0x2d, 0x52, 0x9d, 0x03, 0x3f, 0xff, 0x36, 0x00, 0x00, 0x00, 0x00, 0x0f, 0xeb, 0xec, 0x9f, 0x56,
    0x05, 0x00, 0x00, 0x1e, 0x83, 0xc9, 0xff, 0xb6, 0x00, 0x00, 0x00, 0x00, 0x00, 0x6d, 0xff, 0x0d,
    0x67, 0x88, 0x3d, 0x30, 0xa8, 0xe4, 0x02, 0x3c, 0xbe, 0xf7, 0xff, 0xca, 0x2f, 0x00, 0x00, 0x00,
    0x47, 0xff, 0x17, 0x00, 0x00, 0x00, 0x00, 0x0d, 0x65, 0x00, 0x00, 0x00, 0x00, 0x00, 0x00, 0x00,
    0x00, 0x00, 0x25, 0x70, 0x00, 0x00, 0x00, 0x00, 0x82, 0xe9, 0xe5, 0x5c, 0x00, 0xae, 0x80, 0x00,
    0x00, 0x00, 0x27, 0xff, 0x64, 0x8d, 0xf6, 0x3a, 0xec, 0x0e, 0x00, 0x00, 0x00, 0x35, 0xff, 0x46,
    0x6e, 0xfd, 0xc7, 0x75, 0x00, 0x00, 0x00, 0x00, 0x02, 0xb0, 0xff, 0xfc, 0xc2, 0xe5, 0x7b, 0xe8,
    0xda, 0x48, 0x00, 0x00, 0x00, 0x18, 0x0b, 0xc9, 0x7f, 0xfe, 0x73, 0x98, 0xe7, 0x00, 0x00, 0x00,
    0x00, 0x51, 0xdd, 0x43, 0xff, 0x1e, 0x4f, 0xff, 0x10, 0x00, 0x00, 0x02, 0xd5, 0x5c, 0x1c, 0xfc,
    0x6a, 0x97, 0xeb, 0x02, 0x00, 0x00, 0x48, 0xd3, 0x02, 0x00, 0x70, 0xec, 0xe6, 0x51, 0x00, 0x00,
    0x00, 0x07, 0x16, 0x00, 0x00, 0x00, 0x00, 0x00, 0x00, 0x00, 0x00, 0x01, 0x87, 0xe6, 0xee, 0x7b,
    0x00, 0x00, 0x00, 0x00, 0x38, 0xff, 0x64, 0x87, 0xfe, 0x09, 0x00, 0x00, 0x00, 0x1c, 0xfc, 0x75,
    0xb4, 0xca, 0x00, 0x00, 0x00, 0x00, 0x09, 0xce, 0xff, 0xd3, 0x14, 0x55, 0x9e, 0x00, 0x01, 0xc0,
    0xca, 0x86, 0xf9, 0x54, 0x9e, 0x8f, 0x00, 0x37, 0xff, 0x2e, 0x00, 0x65, 0xfa, 0xfe, 0x3a, 0x00,
    0x23, 0xfd, 0x8d, 0x2d, 0x55, 0xf6, 0xff, 0x51, 0x00, 0x00, 0x59, 0xd8, 0xfa, 0xe0, 0x70, 0x62,
    0xe1, 0x02, 0x45, 0xe6, 0x05, 0x4c, 0xf6, 0x00, 0x24, 0xc5, 0x00, 0x00, 0x00, 0x00, 0x00, 0x00,
    0x00, 0x00, 0x00, 0x00, 0x00, 0x00, 0x00, 0x00, 0x00, 0x00, 0x00, 0x0a, 0x6a, 0x00, 0x00, 0x68,
    0xcf, 0x00, 0x00, 0xca, 0x89, 0x00, 0x0b, 0xfc, 0x53, 0x00, 0x2f, 0xff, 0x2e, 0x00, 0x41, 0xff,
    0x20, 0x00, 0x3f, 0xff, 0x24, 0x00, 0x28, 0xff, 0x38, 0x00, 0x04, 0xf5, 0x65, 0x00, 0x00, 0xb0,
    0xa4, 0x00, 0x00, 0x47, 0xdc, 0x00, 0x00, 0x00, 0x21, 0x00, 0x04, 0x72, 0x00, 0x00, 0x05, 0xf7,
    0x40, 0x00, 0x00, 0xb9, 0x9c, 0x00, 0x00, 0x84, 0xdc, 0x00, 0x00, 0x5e, 0xfe, 0x07, 0x00, 0x4e,
    0xff, 0x16, 0x00, 0x51, 0xff, 0x0e, 0x00, 0x64, 0xf6, 0x00, 0x00, 0x8f, 0xc4, 0x00, 0x00, 0xcf,
    0x7e, 0x00, 0x0a, 0xfa, 0x1a, 0x00, 0x00, 0x22, 0x00, 0x00, 0x00, 0x56, 0x09, 0x55, 0x00, 0x00,
    0x92, 0xb9, 0x8f, 0x00, 0x86, 0xff, 0xff, 0xff, 0x7e, 0x00, 0x96, 0xb9, 0x8d, 0x00, 0x00, 0x56,
    0x09, 0x54, 0x00, 0x00, 0x00, 0x00, 0x00, 0x00, 0x00, 0x00, 0x00, 0x00, 0x00, 0x00, 0x00, 0x00,
    0x00, 0x00, 0x00, 0x00, 0x00, 0x00, 0x00, 0x00, 0x00, 0x37, 0xee, 0x11, 0x00, 0x00, 0x00, 0x00,
    0x48, 0xff, 0x1c, 0x00, 0x00, 0x6e, 0xf8, 0xfa, 0xff, 0xf8, 0xf7, 0x42, 0x0a, 0x28, 0x64, 0xff,
    0x3f, 0x27, 0x03, 0x00, 0x00, 0x48, 0xff, 0x1c, 0x00, 0x00, 0x00, 0x00, 0x32, 0xea, 0x0e, 0x00,
    0x00, 0x1b, 0xb7, 0x04, 0x24, 0xf9, 0x15, 0x02, 0xbb, 0x00, 0x06, 0x37, 0x00, 0x39, 0xf9, 0xfc,
    0xef, 0x07, 0x01, 0x25, 0x28, 0x1e, 0x00, 0x00, 0x00, 0x00, 0x00, 0x00, 0x00, 0x00, 0x00, 0x00,
    0x00, 0x1b, 0xb5, 0x03, 0x25, 0xdd, 0x07, 0x00, 0x00, 0x00, 0x7e, 0x72, 0x00, 0x00, 0x00, 0xd6,
    0x4e, 0x00, 0x00, 0x1f, 0xf8, 0x0b, 0x00, 0x00, 0x6a, 0xba, 0x00, 0x00, 0x00, 0xb4, 0x6f, 0x00,
    0x00, 0x08, 0xf5, 0x25, 0x00, 0x00, 0x48, 0xdb, 0x00, 0x00, 0x00, 0x92, 0x91, 0x00, 0x00, 0x00,
    0xdb, 0x46, 0x00, 0x00, 0x0a, 0xe0, 0x07, 0x00, 0x00, 0x00, 0x2c, 0xcd, 0xf7, 0xbc, 0x16, 0x00,
    0x00, 0xd1, 0xb1, 0x37, 0xd3, 0x9a, 0x00, 0x22, 0xff, 0x3f, 0x00, 0x6d, 0xee, 0x00, 0x40, 0xff,
    0x23, 0x00, 0x4f, 0xff, 0x0b, 0x3b, 0xff, 0x23, 0x00, 0x51, 0xff, 0x0e, 0x1d, 0xff, 0x40, 0x00,
    0x6e, 0xee, 0x01, 0x00, 0xc7, 0xb3, 0x37, 0xd4, 0x9e, 0x00, 0x00, 0x2c, 0xd0, 0xf7, 0xb7, 0x12,
    0x00, 0x00, 0x0c, 0x8a, 0xeb, 0x10, 0x00, 0x00, 0x09, 0xdf, 0xff, 0xff, 0x1c, 0x00, 0x00, 0x01,
    0x5b, 0x50, 0xff, 0x1c, 0x00, 0x00, 0x00, 0x00, 0x48, 0xff, 0x1c, 0x00, 0x00, 0x00, 0x00, 0x48,
    0xff, 0x1c, 0x00, 0x00, 0x00, 0x00, 0x48, 0xff, 0x1c, 0x00, 0x00, 0x00, 0x3d, 0x7b, 0xff, 0x5c,
    0x28, 0x00, 0x0c, 0xf4, 0xff, 0xff, 0xff, 0xb4, 0x00, 0x00, 0x6d, 0xd7, 0xf8, 0xdd, 0x51, 0x00,
    0x00, 0xa1, 0x5a, 0x2d, 0xa6, 0xf3, 0x06, 0x00, 0x00, 0x00, 0x00, 0x59, 0xff, 0x0e, 0x00, 0x00,
    0x00, 0x00, 0xb3, 0xc3, 0x00, 0x00, 0x00, 0x00, 0x82, 0xf4, 0x2d, 0x00, 0x00, 0x00, 0x6d, 0xfa,
    0x4a, 0x00, 0x00, 0x00, 0x57, 0xff, 0x7c, 0x24, 0x23, 0x04, 0x00, 0xb1, 0xff, 0xff, 0xff, 0xff,
    0x60, 0x00, 0x70, 0xd8, 0xf6, 0xd5, 0x5f, 0x00, 0x00, 0x9f, 0x56, 0x2b, 0x98, 0xfb, 0x0d, 0x00,
    0x00, 0x00, 0x03, 0x85, 0xe1, 0x02, 0x00, 0x00, 0xad, 0xfc, 0xf1, 0x34, 0x00, 0x00, 0x00, 0x12,
    0x2c, 0xa2, 0xd2, 0x00, 0x00, 0x00, 0x00, 0x00, 0x53, 0xff, 0x12, 0x3b, 0x9c, 0x40, 0x32, 0xbb,
    0xe3, 0x02, 0x1b, 0xa5, 0xea, 0xf8, 0xc7, 0x33, 0x00, 0x00, 0x00, 0x00, 0x53, 0xe8, 0x0d, 0x00,
    0x00, 0x00, 0x1f, 0xff, 0xff, 0x1c, 0x00, 0x00, 0x03, 0xc3, 0xc2, 0xff, 0x1c, 0x00, 0x00, 0x7e,
    0xc2, 0x4a, 0xff, 0x1c, 0x00, 0x37, 0xed, 0x1f, 0x48, 0xff, 0x1c, 0x00, 0xa8, 0xff, 0xf8, 0xfa,
    0xff, 0xf4, 0x2b, 0x0c, 0x28, 0x28, 0x64, 0xff, 0x3a, 0x01, 0x00, 0x00, 0x00, 0x2a, 0xe3, 0x09,
    0x00, 0x33, 0xfa, 0xff, 0xff, 0xff, 0x73, 0x00, 0x48, 0xff, 0x3c, 0x24, 0x23, 0x06, 0x00, 0x48,
    0xff, 0x1c, 0x00, 0x00, 0x00, 0x00, 0x48, 0xff, 0xc5, 0xec, 0xcc, 0x29, 0x00, 0x31, 0xd2, 0x5c,
    0x35, 0xbf, 0xdf, 0x01, 0x00, 0x00, 0x00, 0x00, 0x55, 0xff, 0x10, 0x2f, 0xa4, 0x44, 0x34, 0xbb,
    0xdb, 0x00, 0x14, 0x9e, 0xe8, 0xf8, 0xc4, 0x2c, 0x00, 0x00, 0x06, 0x8b, 0xed, 0xf1, 0xaa, 0x13,
    0x00, 0xa2, 0xd4, 0x47, 0x38, 0x8f, 0x1e, 0x11, 0xfd, 0x7b, 0xda, 0xd4, 0x30, 0x00, 0x34, 0xff,
    0xce, 0x40, 0xc7, 0xcd, 0x00, 0x41, 0xff, 0x73, 0x00, 0x5b, 0xff, 0x0d, 0x22, 0xff, 0x72, 0x00,
    0x5a, 0xfe, 0x0a, 0x00, 0xca, 0xd4, 0x3c, 0xc4, 0xc1, 0x00, 0x00, 0x22, 0xc1, 0xf7, 0xca, 0x24,
    0x00, 0x5c, 0xff, 0xff, 0xff, 0xff, 0xeb, 0x03, 0x04, 0x23, 0x24, 0x24, 0xd3, 0xc5, 0x00, 0x00,
    0x00, 0x00, 0x3f, 0xff, 0x44, 0x00, 0x00, 0x00, 0x00, 0xc3, 0xc1, 0x00, 0x00, 0x00, 0x00, 0x49,
    0xff, 0x3d, 0x00, 0x00, 0x00, 0x01, 0xcd, 0xba, 0x00, 0x00, 0x00, 0x00, 0x53, 0xff, 0x38, 0x00,
    0x00, 0x00, 0x00, 0x9b, 0xa4, 0x00, 0x00, 0x00, 0x00, 0x00, 0x6c, 0xd9, 0xf4, 0xcf, 0x55, 0x00,
    0x31, 0xff, 0x78, 0x2b, 0x9c, 0xf8, 0x09, 0x22, 0xfb, 0x52, 0x03, 0x81, 0xe6, 0x02, 0x00, 0x66,
    0xff, 0xfe, 0xff, 0x3e, 0x00, 0x0d, 0xe7, 0x8b, 0x31, 0xad, 0xcb, 0x00, 0x3c, 0xff, 0x24, 0x00,
    0x51, 0xff, 0x0e, 0x1e, 0xfe, 0x8a, 0x2d, 0xad, 0xe8, 0x02, 0x00, 0x61, 0xe0, 0xfa, 0xd2, 0x3e,
    0x00, 0x00, 0x43, 0xdf, 0xf3, 0xa8, 0x0d, 0x00, 0x12, 0xf3, 0x95, 0x3b, 0xe2, 0x97, 0x00, 0x40,
    0xff, 0x28, 0x00, 0x95, 0xee, 0x01, 0x23, 0xff, 0x72, 0x10, 0xd6, 0xff, 0x10, 0x00, 0x7e, 0xfe,
    0xf6, 0x9b, 0xfc, 0x05, 0x00, 0x00, 0x16, 0x09, 0x7c, 0xd9, 0x00, 0x3b, 0x82, 0x2f, 0x50, 0xed,
    0x67, 0x00, 0x29, 0xbd, 0xf5, 0xe5, 0x6f, 0x00, 0x00, 0x26, 0xdc, 0x07, 0x1b, 0xbd, 0x03, 0x00,
    0x00, 0x00, 0x00, 0x00, 0x00, 0x1b, 0xb5, 0x03, 0x25, 0xdd, 0x07, 0x26, 0xdc, 0x07, 0x1b, 0xbd,
    0x03, 0x00, 0x00, 0x00, 0x00, 0x00, 0x00, 0x1b, 0xb7, 0x04, 0x24, 0xf9, 0x15, 0x02, 0xbb, 0x00,
    0x06, 0x37, 0x00, 0x00, 0x00, 0x00, 0x00, 0x00, 0x1c, 0x1f, 0x00, 0x00, 0x00, 0x2b, 0xa0, 0xf2,
    0x5c, 0x00, 0x35, 0xb2, 0xed, 0x86, 0x17, 0x00, 0x00, 0xff, 0xca, 0x10, 0x00, 0x00, 0x00, 0x00,
    0x49, 0xca, 0xdf, 0x6d, 0x0a, 0x00, 0x00, 0x00, 0x00, 0x41, 0xb7, 0xec, 0x4f, 0x00, 0x00, 0x00,
    0x00, 0x00, 0x2c, 0x2c, 0x5b, 0xf7, 0xf8, 0xf8, 0xf8, 0xeb, 0x04, 0x07, 0x27, 0x28, 0x28, 0x28,
    0x1f, 0x00, 0x5c, 0xfb, 0xfc, 0xfc, 0xfc, 0xef, 0x04, 0x06, 0x27, 0x28, 0x28, 0x28, 0x1f, 0x00,
    0x00, 0x00, 0x00, 0x00, 0x00, 0x00, 0x00, 0x1f, 0x1d, 0x00, 0x00, 0x00, 0x00, 0x00, 0x5d, 0xf3,
    0xa1, 0x2b, 0x00, 0x00, 0x00, 0x00, 0x18, 0x86, 0xed, 0xb3, 0x35, 0x00, 0x00, 0x00, 0x00, 0x10,
    0xca, 0xff, 0x00, 0x00, 0x0a, 0x6d, 0xdf, 0xca, 0x49, 0x00, 0x50, 0xec, 0xb8, 0x41, 0x00, 0x00,
    0x00, 0x2c, 0x2d, 0x00, 0x00, 0x00, 0x00, 0x00, 0x3d, 0xbf, 0xf3, 0xdc, 0x5d, 0x00, 0x76, 0x79,
    0x32, 0x8f, 0xfb, 0x0b, 0x00, 0x00, 0x00, 0x83, 0xe4, 0x02, 0x00, 0x00, 0x51, 0xec, 0x35, 0x00,
    0x00, 0x00, 0xd9, 0x40, 0x00, 0x00, 0x00, 0x00, 0x5b, 0x00, 0x00, 0x00, 0x00, 0x1b, 0xb5, 0x03,
    0x00, 0x00, 0x00, 0x25, 0xdd, 0x07, 0x00, 0x00, 0x00, 0x00, 0x0e, 0x84, 0xd9, 0xf8, 0xeb, 0xae,
    0x31, 0x00, 0x00, 0x00, 0x16, 0xd8, 0xd2, 0x57, 0x2c, 0x41, 0xa8, 0xfa, 0x40, 0x00, 0x00, 0xaa,
    0xd9, 0x55, 0xdf, 0xe9, 0x9a, 0x69, 0xb0, 0xcf, 0x00, 0x11, 0xfd, 0x6b, 0xf0, 0xa9, 0x37, 0xfa,
    0x54, 0x58, 0xff, 0x0a, 0x3c, 0xff, 0x67, 0xff, 0x2a, 0x00, 0xd7, 0x2a, 0x58, 0xff, 0x0b, 0x3b,
    0xff, 0x54, 0xff, 0x43, 0x38, 0xff, 0x27, 0xa9, 0xc7, 0x00, 0x0e, 0xf5, 0x5a, 0x8d, 0xe1, 0xa6,
    0x66, 0xe1, 0xc6, 0x27, 0x00, 0x00, 0x7b, 0xd5, 0x0c, 0x00, 0x00, 0x00, 0x00, 0x00, 0x00, 0x00,
    0x00, 0x01, 0xb0, 0xd7, 0x5f, 0x2f, 0x39, 0x7a, 0xc6, 0x00, 0x00, 0x00, 0x00, 0x02, 0x68, 0xcd,
    0xf7, 0xf1, 0xab, 0x1f, 0x00, 0x00, 0x00, 0x00, 0x00, 0x97, 0xc6, 0x02, 0x00, 0x00, 0x00, 0x00,
    0x22, 0xf3, 0xda, 0x4f, 0x00, 0x00, 0x00, 0x00, 0x91, 0xa2, 0x72, 0xc2, 0x00, 0x00, 0x00, 0x0f,
    0xf3, 0x41, 0x15, 0xfa, 0x35, 0x00, 0x00, 0x75, 0xe1, 0x05, 0x04, 0xb1, 0xa9, 0x00, 0x04, 0xe2,
    0xff, 0xff, 0xff, 0xff, 0xfd, 0x20, 0x59, 0xfc, 0x48, 0x34, 0x34, 0x36, 0xea, 0x8f, 0x94, 0x8d,
    0x00, 0x00, 0x00, 0x00, 0x60, 0xca, 0x2a, 0xf4, 0xff, 0xff, 0xfb, 0xd8, 0x57, 0x00, 0x48, 0xff,
    0x3c, 0x24, 0x2d, 0xa1, 0xf8, 0x09, 0x48, 0xff, 0x1c, 0x00, 0x03, 0x81, 0xe6, 0x03, 0x48, 0xff,
    0xf8, 0xf8, 0xfd, 0xf8, 0x38, 0x00, 0x48, 0xff, 0x3f, 0x28, 0x32, 0xb4, 0xcc, 0x00, 0x48, 0xff,
    0x1c, 0x00, 0x00, 0x52, 0xff, 0x0d, 0x48, 0xff, 0x3c, 0x24, 0x2f, 0xb4, 0xe2, 0x00, 0x2b, 0xf5,
    0xff, 0xff, 0xf8, 0xcb, 0x38, 0x00, 0x00, 0x05, 0x83, 0xe0, 0xf8, 0xdc, 0x7e, 0x00, 0x00, 0x8e,
    0xee, 0x5d, 0x2c, 0x5a, 0xa1, 0x00, 0x0e, 0xfa, 0x64, 0x00, 0x00, 0x00, 0x00, 0x00, 0x35, 0xff,
    0x26, 0x00, 0x00, 0x00, 0x00, 0x00, 0x3d, 0xff, 0x26, 0x00, 0x00, 0x00, 0x00, 0x00, 0x13, 0xfc,
    0x64, 0x00, 0x00, 0x00, 0x00, 0x00, 0x00, 0x99, 0xed, 0x5b, 0x2b, 0x57, 0xa3, 0x02, 0x00, 0x05,
    0x82, 0xe0, 0xf8, 0xdb, 0x7b, 0x00, 0x2a, 0xf4, 0xff, 0xff, 0xf2, 0xbf, 0x4a, 0x00, 0x00, 0x48,
    0xff, 0x3c, 0x25, 0x40, 0x99, 0xff, 0x58, 0x00, 0x48, 0xff, 0x1c, 0x00, 0x00, 0x00, 0xa6, 0xdb,
    0x00, 0x48, 0xff, 0x1c, 0x00, 0x00, 0x00, 0x5c, 0xff, 0x0d, 0x48, 0xff, 0x1c, 0x00, 0x00, 0x00,
    0x5b, 0xff, 0x0d, 0x48, 0xff, 0x1c, 0x00, 0x00, 0x00, 0xa2, 0xda, 0x00, 0x48, 0xff, 0x3c, 0x25,
    0x3e, 0x95, 0xfe, 0x56, 0x00, 0x2b, 0xf5, 0xff, 0xff, 0xf2, 0xbe, 0x48, 0x00, 0x00, 0x2b, 0xf5,
    0xff, 0xff, 0xff, 0xe1, 0x00, 0x48, 0xff, 0x3c, 0x24, 0x24, 0x16, 0x00, 0x48, 0xff, 0x1c, 0x00,
    0x00, 0x00, 0x00, 0x48, 0xff, 0xf8, 0xf8, 0xf8, 0xa0, 0x00, 0x48, 0xff, 0x3f, 0x28, 0x28, 0x10,
    0x00, 0x48, 0xff, 0x1c, 0x00, 0x00, 0x00, 0x00, 0x48, 0xff, 0x3c, 0x24, 0x24, 0x16, 0x00, 0x2b,
    0xf6, 0xff, 0xff, 0xff, 0xe1, 0x00, 0x2c, 0xf6, 0xff, 0xff, 0xff, 0xbf, 0x48, 0xff, 0x3c, 0x24,
    0x24, 0x12, 0x48, 0xff, 0x1c, 0x00, 0x00, 0x00, 0x48, 0xff, 0xf8, 0xf8, 0xf8, 0x81, 0x48, 0xff,
    0x3f, 0x28, 0x28, 0x0b, 0x48, 0xff, 0x1c, 0x00, 0x00, 0x00, 0x48, 0xff, 0x1c, 0x00, 0x00, 0x00,
    0x2d, 0xe5, 0x0a, 0x00, 0x00, 0x00, 0x00, 0x01, 0x6a, 0xda, 0xf9, 0xe4, 0x98, 0x12, 0x00, 0x84,
    0xf0, 0x63, 0x2c, 0x49, 0xa0, 0x21, 0x0d, 0xf8, 0x68, 0x00, 0x00, 0x00, 0x00, 0x00, 0x34, 0xff,
    0x27, 0x02, 0xe8, 0xf8, 0xe7, 0x0a, 0x3c, 0xff, 0x2a, 0x00, 0x1c, 0x64, 0xff, 0x18, 0x12, 0xfb,
    0x64, 0x00, 0x00, 0x48, 0xff, 0x18, 0x00, 0x98, 0xeb, 0x5c, 0x2d, 0x97, 0xff, 0x16, 0x00, 0x05,
    0x82, 0xe0, 0xf9, 0xe2, 0x91, 0x01, 0x2e, 0xe7, 0x0d, 0x00, 0x00, 0x31, 0xe6, 0x09, 0x00, 0x48,
    0xff, 0x1c, 0x00, 0x00, 0x48, 0xff, 0x18, 0x00, 0x48, 0xff, 0x1c, 0x00, 0x00, 0x48, 0xff, 0x18,
    0x00, 0x48, 0xff, 0xf8, 0xf8, 0xf8, 0xfa, 0xff, 0x18, 0x00, 0x48, 0xff, 0x3f, 0x28, 0x28, 0x64,
    0xff, 0x18, 0x00, 0x48, 0xff, 0x1c, 0x00, 0x00, 0x48, 0xff, 0x18, 0x00, 0x48, 0xff, 0x1c, 0x00,
    0x00, 0x48, 0xff, 0x18, 0x00, 0x2f, 0xe4, 0x0a, 0x00, 0x00, 0x2b, 0xe4, 0x09, 0x00, 0x2e, 0xe5,
    0x0b, 0x48, 0xff, 0x1c, 0x48, 0xff, 0x1c, 0x48, 0xff, 0x1c, 0x48, 0xff, 0x1c, 0x48, 0xff, 0x1c,
    0x48, 0xff, 0x1c, 0x2f, 0xe7, 0x0c, 0x00, 0x00, 0x2e, 0xe5, 0x0b, 0x00, 0x00, 0x48, 0xff, 0x1c,
    0x00, 0x00, 0x48, 0xff, 0x1c, 0x00, 0x00, 0x48, 0xff, 0x1c, 0x00, 0x00, 0x48, 0xff, 0x1c, 0x00,
    0x00, 0x49, 0xff, 0x1a, 0x00, 0x1c, 0x9a, 0xf2, 0x02, 0x06, 0xee, 0xec, 0x58, 0x00, 0x2f, 0xe5,
    0x0c, 0x00, 0x0e, 0xc0, 0x7a, 0x48, 0xff, 0x1c, 0x0d, 0xc7, 0xcb, 0x10, 0x48, 0xff, 0x29, 0xc5,
    0xcb, 0x10, 0x00, 0x48, 0xff, 0xd5, 0xe6, 0x10, 0x00, 0x00, 0x48, 0xff, 0xc1, 0xf3, 0x32, 0x00,
    0x00, 0x48, 0xff, 0x20, 0xac, 0xed, 0x2e, 0x00, 0x48, 0xff, 0x1c, 0x04, 0xac, 0xea, 0x2b, 0x2f,
    0xe7, 0x0c, 0x00, 0x04, 0xa5, 0xa4, 0x2e, 0xe5, 0x0c, 0x00, 0x00, 0x00, 0x48, 0xff, 0x1c, 0x00,
    0x00, 0x00, 0x48, 0xff, 0x1c, 0x00, 0x00, 0x00, 0x48, 0xff, 0x1c, 0x00, 0x00, 0x00, 0x48, 0xff,
    0x1c, 0x00, 0x00, 0x00, 0x48, 0xff, 0x1c, 0x00, 0x00, 0x00, 0x48, 0xff, 0x63, 0x50, 0x50, 0x32,
    0x2d, 0xf7, 0xff, 0xff, 0xff, 0xca, 0x32, 0xe2, 0x15, 0x00, 0x00, 0x00, 0x30, 0xe8, 0x0b, 0x00,
    0x48, 0xff, 0x8a, 0x00, 0x00, 0x00, 0xb3, 0xff, 0x18, 0x00, 0x48, 0xff, 0xfe, 0x16, 0x00, 0x33,
    0xff, 0xff, 0x18, 0x00, 0x48, 0xff, 0xa3, 0x8d, 0x00, 0xb4, 0xa0, 0xff, 0x18, 0x00, 0x48, 0xff,
    0x30, 0xea, 0x4c, 0xd9, 0x4a, 0xff, 0x18, 0x00, 0x48, 0xff, 0x1c, 0x8b, 0xff, 0x60, 0x48, 0xff,
    0x18, 0x00, 0x48, 0xff, 0x1c, 0x16, 0xae, 0x04, 0x48, 0xff, 0x18, 0x00, 0x31, 0xe9, 0x0d, 0x00,
    0x00, 0x00, 0x30, 0xe7, 0x0b, 0x00, 0x31, 0xdf, 0x1c, 0x00, 0x00, 0x30, 0xe5, 0x0b, 0x48, 0xff,
    0xc1, 0x03, 0x00, 0x48, 0xff, 0x18, 0x48, 0xff, 0xef, 0x81, 0x00, 0x48, 0xff, 0x18, 0x48, 0xff,
    0x48, 0xf4, 0x3f, 0x48, 0xff, 0x18, 0x48, 0xff, 0x1c, 0x68, 0xe4, 0x5b, 0xff, 0x18, 0x48, 0xff,
    0x1c, 0x00, 0xad, 0xf5, 0xff, 0x18, 0x48, 0xff, 0x1c, 0x00, 0x11, 0xe1, 0xff, 0x18, 0x30, 0xe9,
    0x0d, 0x00, 0x00, 0x39, 0xe7, 0x0c, 0x00, 0x01, 0x70, 0xe0, 0xf8, 0xd3, 0x5c, 0x00, 0x00, 0x00,
    0x84, 0xee, 0x59, 0x2f, 0x75, 0xfa, 0x5e, 0x00, 0x10, 0xf8, 0x67, 0x00, 0x00, 0x00, 0x97, 0xd9,
    0x00, 0x3d, 0xff, 0x27, 0x00, 0x00, 0x00, 0x58, 0xff, 0x0b, 0x3c, 0xff, 0x2b, 0x00, 0x00, 0x00,
    0x54, 0xff, 0x0d, 0x10, 0xf9, 0x6b, 0x00, 0x00, 0x00, 0x94, 0xd7, 0x00, 0x00, 0x8d, 0xef, 0x60,
    0x2d, 0x70, 0xfa, 0x53, 0x00, 0x00, 0x02, 0x7a, 0xdf, 0xf9, 0xd6, 0x51, 0x00, 0x00, 0x2d, 0xf6,
    0xff, 0xff, 0xf6, 0xc4, 0x30, 0x00, 0x48, 0xff, 0x3c, 0x24, 0x35, 0xbf, 0xda, 0x00, 0x48, 0xff,
    0x1c, 0x00, 0x00, 0x53, 0xff, 0x0c, 0x48, 0xff, 0x1c, 0x00, 0x0a, 0xa4, 0xe7, 0x00, 0x48, 0xff,
    0xf8, 0xf8, 0xfe, 0xe8, 0x47, 0x00, 0x48, 0xff, 0x3f, 0x28, 0x1d, 0x02, 0x00, 0x00, 0x48, 0xff,
    0x1c, 0x00, 0x00, 0x00, 0x00, 0x00, 0x2e, 0xe7, 0x0d, 0x00, 0x00, 0x00, 0x00, 0x00, 0x00, 0x01,
    0x70, 0xe0, 0xf8, 0xd3, 0x5c, 0x00, 0x00, 0x00, 0x84, 0xee, 0x59, 0x2f, 0x75, 0xfa, 0x5e, 0x00,
    0x10, 0xf8, 0x67, 0x00, 0x00, 0x00, 0x97, 0xd9, 0x00, 0x3d, 0xff, 0x27, 0x00, 0x00, 0x00, 0x58,
    0xff, 0x0b, 0x3c, 0xff, 0x2b, 0x00, 0x00, 0x00, 0x54, 0xff, 0x0d, 0x10, 0xf9, 0x6b, 0x00, 0x00,
    0x00, 0x94, 0xd7, 0x00, 0x00, 0x8d, 0xef, 0x60, 0x2d, 0x70, 0xfa, 0x53, 0x00, 0x00, 0x02, 0x7a,
    0xdf, 0xff, 0xff, 0x70, 0x00, 0x00, 0x00, 0x00, 0x00, 0x00, 0x0a, 0xa0, 0xe6, 0x0f, 0x00, 0x00,
    0x00, 0x00, 0x00, 0x00, 0x12, 0xed, 0x6d, 0x00, 0x00, 0x00, 0x00, 0x00, 0x00, 0x00, 0x23, 0x10,
    0x00, 0x2d, 0xf6, 0xff, 0xff, 0xf6, 0xc3, 0x2e, 0x00, 0x48, 0xff, 0x3c, 0x24, 0x36, 0xbf, 0xd7,
    0x00, 0x48, 0xff, 0x1c, 0x00, 0x00, 0x53, 0xff, 0x0d, 0x48, 0xff, 0x1c, 0x00, 0x0e, 0xa6, 0xec,
    0x02, 0x48, 0xff, 0xfc, 0xfc, 0xff, 0xff, 0x50, 0x00, 0x48, 0xff, 0x3f, 0x33, 0xca, 0xff, 0x4d,
    0x00, 0x48, 0xff, 0x1c, 0x00, 0x12, 0xeb, 0xc4, 0x00, 0x2e, 0xe8, 0x0d, 0x00, 0x00, 0x5a, 0xe9,
    0x03, 0x00, 0x3e, 0xc7, 0xf4, 0xe7, 0x9d, 0x12, 0x00, 0x12, 0xf2, 0x99, 0x31, 0x42, 0x9d, 0x29,
    0x00, 0x3b, 0xff, 0x33, 0x00, 0x00, 0x00, 0x00, 0x00, 0x0b, 0xdc, 0xef, 0xaa, 0x75, 0x30, 0x00,
    0x00, 0x00, 0x0e, 0x69, 0xa9, 0xde, 0xff, 0x98, 0x00, 0x00, 0x00, 0x00, 0x00, 0x00, 0x72, 0xff,
    0x0a, 0x00, 0xac, 0x78, 0x35, 0x31, 0xad, 0xda, 0x00, 0x00, 0x5b, 0xcc, 0xf7, 0xf1, 0xba, 0x2a,
    0x00, 0x00, 0xe6, 0xff, 0xff, 0xff, 0xff, 0xff, 0xbb, 0x00, 0x16, 0x24, 0x61, 0xff, 0x3c, 0x24,
    0x10, 0x00, 0x00, 0x00, 0x48, 0xff, 0x1c, 0x00, 0x00, 0x00, 0x00, 0x00, 0x48, 0xff, 0x1c, 0x00,
    0x00, 0x00, 0x00, 0x00, 0x48, 0xff, 0x1c, 0x00, 0x00, 0x00, 0x00, 0x00, 0x48, 0xff, 0x1c, 0x00,
    0x00, 0x00, 0x00, 0x00, 0x48, 0xff, 0x1c, 0x00, 0x00, 0x00, 0x00, 0x00, 0x2e, 0xe5, 0x0b, 0x00,
    0x00, 0x2f, 0xe5, 0x0b, 0x00, 0x00, 0x2e, 0xe5, 0x0a, 0x48, 0xff, 0x1c, 0x00, 0x00, 0x48, 0xff,
    0x18, 0x48, 0xff, 0x1c, 0x00, 0x00, 0x48, 0xff, 0x18, 0x48, 0xff, 0x1c, 0x00, 0x00, 0x48, 0xff,
    0x18, 0x46, 0xff, 0x1d, 0x00, 0x00, 0x49, 0xff, 0x16, 0x2d, 0xff, 0x39, 0x00, 0x00, 0x65, 0xfc,
    0x05, 0x05, 0xd9, 0xc2, 0x37, 0x43, 0xdc, 0xb2, 0x00, 0x00, 0x27, 0xb6, 0xef, 0xf0, 0xa8, 0x15,
    0x00, 0xb4, 0x80, 0x00, 0x00, 0x00, 0x00, 0x9a, 0x8f, 0x80, 0xf0, 0x0b, 0x00, 0x00, 0x1c, 0xfb,
    0x57, 0x17, 0xf8, 0x69, 0x00, 0x00, 0x85, 0xe3, 0x04, 0x00, 0x9f, 0xd6, 0x00, 0x07, 0xea, 0x76,
    0x00, 0x00, 0x2e, 0xff, 0x45, 0x5f, 0xf4, 0x11, 0x00, 0x00, 0x00, 0xbd, 0xb2, 0xcc, 0x94, 0x00,
    0x00, 0x00, 0x00, 0x4c, 0xff, 0xff, 0x25, 0x00, 0x00, 0x00, 0x00, 0x01, 0xc5, 0x9f, 0x00, 0x00,
    0x00, 0x6b, 0xc1, 0x00, 0x00, 0x00, 0x6f, 0xc1, 0x00, 0x00, 0x00, 0x6d, 0xad, 0x45, 0xff, 0x2a,
    0x00, 0x00, 0xd9, 0xff, 0x2a, 0x00, 0x00, 0xd4, 0x87, 0x03, 0xe7, 0x80, 0x00, 0x33, 0xfa, 0xdf,
    0x80, 0x00, 0x2b, 0xff, 0x2d, 0x00, 0x91, 0xd6, 0x00, 0x8c, 0xb4, 0x72, 0xd7, 0x00, 0x83, 0xd2,
    0x00, 0x00, 0x37, 0xff, 0x2d, 0xe3, 0x59, 0x1a, 0xfd, 0x2e, 0xd9, 0x77, 0x00, 0x00, 0x00, 0xdb,
    0xc1, 0xf4, 0x0b, 0x00, 0xbf, 0xb6, 0xfe, 0x1e, 0x00, 0x00, 0x00, 0x82, 0xff, 0xa5, 0x00, 0x00,
    0x65, 0xff, 0xc1, 0x00, 0x00, 0x00, 0x00, 0x22, 0xeb, 0x3f, 0x00, 0x00, 0x10, 0xe3, 0x57, 0x00,
    0x00, 0x4d, 0xd8, 0x15, 0x00, 0x00, 0x8d, 0xaf, 0x0d, 0xdb, 0xb2, 0x00, 0x50, 0xfe, 0x4e, 0x00,
    0x33, 0xf9, 0x84, 0xec, 0x91, 0x00, 0x00, 0x00, 0x72, 0xff, 0xdb, 0x06, 0x00, 0x00, 0x00, 0x87,
    0xff, 0xe3, 0x0e, 0x00, 0x00, 0x46, 0xfd, 0x63, 0xdf, 0xa9, 0x00, 0x18, 0xe9, 0x9a, 0x00, 0x39,
    0xfb, 0x66, 0x69, 0xcb, 0x0a, 0x00, 0x00, 0x71, 0xc9, 0x9f, 0x9f, 0x00, 0x00, 0x02, 0xb6, 0x7c,
    0x45, 0xfe, 0x5d, 0x00, 0x79, 0xf4, 0x26, 0x00, 0x8f, 0xf0, 0x51, 0xfa, 0x66, 0x00, 0x00, 0x07,
    0xd3, 0xff, 0xb2, 0x00, 0x00, 0x00, 0x00, 0x61, 0xff, 0x2f, 0x00, 0x00, 0x00, 0x00, 0x48, 0xff,
    0x1c, 0x00, 0x00, 0x00, 0x00, 0x48, 0xff, 0x1c, 0x00, 0x00, 0x00, 0x00, 0x2f, 0xe7, 0x0c, 0x00,
    0x00, 0x73, 0xff, 0xff, 0xff, 0xff, 0xfa, 0x35, 0x06, 0x23, 0x24, 0x24, 0xc2, 0xe1, 0x0c, 0x00,
    0x00, 0x00, 0x56, 0xfd, 0x3e, 0x00, 0x00, 0x00, 0x1d, 0xef, 0x86, 0x00, 0x00, 0x00, 0x02, 0xbf,
    0xcb, 0x05, 0x00, 0x00, 0x00, 0x78, 0xf4, 0x26, 0x00, 0x00, 0x00, 0x2e, 0xff, 0x89, 0x24, 0x24,
    0x23, 0x04, 0x6d, 0xff, 0xff, 0xff, 0xff, 0xff, 0x61, 0x34, 0xfb, 0xff, 0x4a, 0x48, 0xff, 0x3b,
    0x02, 0x48, 0xff, 0x1c, 0x00, 0x48, 0xff, 0x1c, 0x00, 0x48, 0xff, 0x1c, 0x00, 0x48, 0xff, 0x1c,
    0x00, 0x48, 0xff, 0x1c, 0x00, 0x48, 0xff, 0x1c, 0x00, 0x48, 0xff, 0x3b, 0x02, 0x34, 0xfb, 0xff,
    0x4b, 0x08, 0xdd, 0x07, 0x00, 0x00, 0x00, 0xdb, 0x45, 0x00, 0x00, 0x00, 0x92, 0x90, 0x00, 0x00,
    0x00, 0x48, 0xda, 0x00, 0x00, 0x00, 0x08, 0xf5, 0x25, 0x00, 0x00, 0x00, 0xb4, 0x6f, 0x00, 0x00,
    0x00, 0x6a, 0xba, 0x00, 0x00, 0x00, 0x20, 0xf8, 0x0b, 0x00, 0x00, 0x00, 0xd7, 0x4f, 0x00, 0x00,
    0x00, 0x81, 0x72, 0x7a, 0xff, 0xf2, 0x0f, 0x08, 0x61, 0xff, 0x1c, 0x00, 0x48, 0xff, 0x1c, 0x00,
    0x48, 0xff, 0x1c, 0x00, 0x48, 0xff, 0x1c, 0x00, 0x48, 0xff, 0x1c, 0x00, 0x48, 0xff, 0x1c, 0x00,
    0x48, 0xff, 0x1c, 0x08, 0x61, 0xff, 0x1c, 0x7a, 0xff, 0xf2, 0x0f, 0x00, 0x00, 0x54, 0xff, 0x08,
    0x00, 0x00, 0x00, 0x00, 0xc5, 0xe6, 0x5d, 0x00, 0x00, 0x00, 0x29, 0xdc, 0x45, 0xc2, 0x00, 0x00,
    0x00, 0x8e, 0x7a, 0x01, 0xdf, 0x28, 0x00, 0x06, 0xe8, 0x1b, 0x00, 0x7f, 0x8e, 0x00, 0x34, 0xaa,
    0x00, 0x00, 0x1d, 0xc3, 0x00, 0x00, 0x00, 0x00, 0x00, 0x00, 0x00, 0x00, 0x00, 0x00, 0x00, 0x00,
    0x00, 0x00, 0x00, 0xc2, 0xfc, 0xfc, 0xfc, 0xfb, 0x45, 0x17, 0x28, 0x28, 0x28, 0x27, 0x04, 0x00,
    0x2e, 0x03, 0x00, 0x00, 0xc4, 0x64, 0x00, 0x00, 0x3a, 0xd5, 0x00, 0x00, 0x00, 0x4b, 0x00, 0x00,
    0x00, 0x00, 0x00, 0x00, 0x00, 0x00, 0x00, 0x00, 0x00, 0x00, 0x00, 0x00, 0x00, 0x00, 0x00, 0x00,
    0x00, 0x00, 0x00, 0x00, 0x00, 0x00, 0x00, 0x00, 0x38, 0xc9, 0xf7, 0xe3, 0x59, 0x00, 0x00, 0x3c,
    0x66, 0x2d, 0x91, 0xf2, 0x04, 0x00, 0x7a, 0xd3, 0xef, 0xff, 0xff, 0x15, 0x34, 0xff, 0x7b, 0x30,
    0x75, 0xff, 0x18, 0x2b, 0xff, 0x78, 0x36, 0xc4, 0xff, 0x18, 0x00, 0x71, 0xef, 0xe4, 0x7d, 0xe5,
    0x09, 0x30, 0xe8, 0x0e, 0x00, 0x00, 0x00, 0x00, 0x48, 0xff, 0x1c, 0x00, 0x00, 0x00, 0x00, 0x48,
    0xff, 0x9f, 0xf3, 0xd8, 0x34, 0x00, 0x48, 0xff, 0xa9, 0x34, 0xc4, 0xce, 0x00, 0x48, 0xff, 0x2e,
    0x00, 0x57, 0xff, 0x0d, 0x48, 0xff, 0x2c, 0x00, 0x5e, 0xff, 0x0c, 0x48, 0xff, 0xab, 0x35, 0xc7,
    0xcd, 0x00, 0x30, 0xe5, 0x78, 0xf1, 0xd8, 0x32, 0x00, 0x00, 0x39, 0xcc, 0xf5, 0xc5, 0x20, 0x0a,
    0xe8, 0xaf, 0x31, 0x64, 0x1b, 0x36, 0xff, 0x2d, 0x00, 0x00, 0x00, 0x3a, 0xff, 0x2e, 0x00, 0x00,
    0x00, 0x08, 0xea, 0xb0, 0x2f, 0x60, 0x16, 0x00, 0x39, 0xcf, 0xf7, 0xc5, 0x1c, 0x00, 0x00, 0x00,
    0x00, 0x33, 0xe5, 0x0a, 0x00, 0x00, 0x00, 0x00, 0x48, 0xff, 0x18, 0x00, 0x55, 0xe6, 0xeb, 0xa5,
    0xff, 0x18, 0x0d, 0xf4, 0xa6, 0x34, 0xc7, 0xff, 0x18, 0x3d, 0xff, 0x2e, 0x00, 0x57, 0xff, 0x18,
    0x3c, 0xff, 0x2c, 0x00, 0x5e, 0xff, 0x18, 0x0c, 0xf3, 0xa4, 0x35, 0xd1, 0xff, 0x18, 0x00, 0x54,
    0xe6, 0xe8, 0x7b, 0xe6, 0x0a, 0x00, 0x3a, 0xd4, 0xf2, 0xa5, 0x09, 0x07, 0xe9, 0xaa, 0x34, 0xb0,
    0x75, 0x3a, 0xff, 0xff, 0xf8, 0xff, 0xa9, 0x39, 0xff, 0x55, 0x28, 0x28, 0x12, 0x06, 0xe3, 0xb1,
    0x31, 0x46, 0x77, 0x00, 0x2c, 0xc2, 0xf7, 0xe2, 0x71, 0x00, 0x00, 0x14, 0x72, 0x74, 0x00, 0x06,
    0xdb, 0xc6, 0x63, 0x00, 0x37, 0xff, 0x26, 0x00, 0x3c, 0xff, 0xff, 0xff, 0x7a, 0x01, 0x5f, 0xff,
    0x3c, 0x08, 0x00, 0x48, 0xff, 0x1c, 0x00, 0x00, 0x48, 0xff, 0x1c, 0x00, 0x00, 0x48, 0xff, 0x1c,
    0x00, 0x00, 0x2e, 0xe6, 0x0b, 0x00, 0x00, 0x4c, 0xe0, 0xe5, 0x75, 0xe3, 0x09, 0x0c, 0xef, 0xab,
    0x35, 0xcf, 0xff, 0x18, 0x38, 0xff, 0x2f, 0x00, 0x58, 0xff, 0x18, 0x3c, 0xff, 0x2c, 0x00, 0x5e,
    0xff, 0x18, 0x0c, 0xf3, 0xa5, 0x36, 0xcc, 0xff, 0x18, 0x00, 0x54, 0xe7, 0xea, 0xa3, 0xff, 0x0c,
    0x09, 0x86, 0x40, 0x2d, 0xaa, 0xd4, 0x00, 0x07, 0x9f, 0xea, 0xf6, 0xc7, 0x30, 0x00, 0x30, 0xe8,
    0x0e, 0x00, 0x00, 0x00, 0x00, 0x48, 0xff, 0x1c, 0x00, 0x00, 0x00, 0x00, 0x48, 0xff, 0x94, 0xec,
    0xef, 0x6b, 0x00, 0x48, 0xff, 0xa7, 0x2f, 0x9d, 0xf5, 0x05, 0x48, 0xff, 0x24, 0x00, 0x4a, 0xff,
    0x16, 0x48, 0xff, 0x1c, 0x00, 0x48, 0xff, 0x18, 0x48, 0xff, 0x1c, 0x00, 0x48, 0xff, 0x18, 0x30,
    0xe7, 0x0b, 0x00, 0x2e, 0xe5, 0x09, 0x00, 0x10, 0x00, 0x28, 0xe8, 0x06, 0x00, 0x00, 0x00, 0x2b,
    0xe1, 0x0a, 0x48, 0xff, 0x1c, 0x48, 0xff, 0x1c, 0x48, 0xff, 0x1c, 0x48, 0xff, 0x1c, 0x2c, 0xe3,
    0x0a, 0x00, 0x00, 0x10, 0x00, 0x00, 0x28, 0xe9, 0x07, 0x00, 0x00, 0x00, 0x00, 0x00, 0x2e, 0xe5,
    0x0b, 0x00, 0x48, 0xff, 0x1c, 0x00, 0x48, 0xff, 0x1c, 0x00, 0x48, 0xff, 0x1c, 0x00, 0x48, 0xff,
    0x1c, 0x00, 0x48, 0xff, 0x1b, 0x01, 0x7b, 0xfa, 0x09, 0x8d, 0xf2, 0x6e, 0x00, 0x05, 0x04, 0x00,
    0x00, 0x30, 0xe7, 0x0d, 0x00, 0x00, 0x00, 0x48, 0xff, 0x1c, 0x00, 0x00, 0x00, 0x48, 0xff, 0x1c,
    0x24, 0xdc, 0x3b, 0x48, 0xff, 0x31, 0xdb, 0xb4, 0x03, 0x48, 0xff, 0xda, 0xe2, 0x0b, 0x00, 0x48,
    0xff, 0xc9, 0xee, 0x22, 0x00, 0x48, 0xff, 0x26, 0xc8, 0xd6, 0x10, 0x30, 0xe7, 0x0b, 0x14, 0xd0,
    0x65, 0x30, 0xe6, 0x0d, 0x00, 0x48, 0xff, 0x1c, 0x00, 0x48, 0xff, 0x1c, 0x00, 0x48, 0xff, 0x1c,
    0x00, 0x48, 0xff, 0x1c, 0x00, 0x47, 0xff, 0x1d, 0x00, 0x33, 0xff, 0x85, 0x1c, 0x01, 0xa8, 0xf7,
    0x67, 0x2d, 0xe5, 0x92, 0xf6, 0x95, 0xa9, 0xf7, 0x8b, 0x00, 0x00, 0x48, 0xff, 0x87, 0x89, 0xff,
    0x7d, 0x89, 0xfb, 0x07, 0x00, 0x48, 0xff, 0x21, 0x49, 0xff, 0x1d, 0x49, 0xff, 0x16, 0x00, 0x48,
    0xff, 0x1c, 0x48, 0xff, 0x18, 0x48, 0xff, 0x18, 0x00, 0x48, 0xff, 0x1c, 0x48, 0xff, 0x18, 0x48,
    0xff, 0x18, 0x00, 0x2e, 0xe6, 0x0c, 0x2d, 0xe5, 0x09, 0x2e, 0xe4, 0x09, 0x00, 0x2d, 0xe0, 0x73,
    0xea, 0xef, 0x6b, 0x00, 0x48, 0xff, 0xaa, 0x2f, 0x9d, 0xf5, 0x05, 0x48, 0xff, 0x24, 0x00, 0x4a,
    0xff, 0x16, 0x48, 0xff, 0x1c, 0x00, 0x48, 0xff, 0x18, 0x48, 0xff, 0x1c, 0x00, 0x48, 0xff, 0x18,
    0x2e, 0xe6, 0x0b, 0x00, 0x2e, 0xe5, 0x09, 0x00, 0x3c, 0xcf, 0xf6, 0xc2, 0x22, 0x00, 0x0a, 0xe8,
    0xa6, 0x34, 0xc4, 0xc3, 0x00, 0x36, 0xff, 0x2e, 0x00, 0x57, 0xff, 0x0b, 0x3a, 0xff, 0x2c, 0x00,
    0x5e, 0xfd, 0x07, 0x08, 0xec, 0xa4, 0x35, 0xc7, 0xbf, 0x00, 0x00, 0x40, 0xd6, 0xf5, 0xbd, 0x21,
    0x00, 0x2e, 0xe4, 0x77, 0xf0, 0xd8, 0x34, 0x00, 0x48, 0xff, 0xae, 0x34, 0xc4, 0xce, 0x00, 0x48,
    0xff, 0x2e, 0x00, 0x57, 0xff, 0x0d, 0x48, 0xff, 0x2c, 0x00, 0x5e, 0xff, 0x0c, 0x48, 0xff, 0xa7,
    0x35, 0xc7, 0xcd, 0x00, 0x48, 0xff, 0x9a, 0xf3, 0xd9, 0x33, 0x00, 0x48, 0xff, 0x1c, 0x00, 0x00,
    0x00, 0x00, 0x2e, 0xe7, 0x0d, 0x00, 0x00, 0x00, 0x00, 0x00, 0x55, 0xe6, 0xe8, 0x7b, 0xe3, 0x09,
    0x0d, 0xf4, 0xa6, 0x34, 0xce, 0xff, 0x18, 0x3d, 0xff, 0x2e, 0x00, 0x57, 0xff, 0x18, 0x3c, 0xff,
    0x2c, 0x00, 0x5e, 0xff, 0x18, 0x0c, 0xf3, 0xa4, 0x35, 0xcb, 0xff, 0x18, 0x00, 0x54, 0xe6, 0xeb,
    0xa5, 0xff, 0x18, 0x00, 0x00, 0x00, 0x00, 0x48, 0xff, 0x18, 0x00, 0x00, 0x00, 0x00, 0x30, 0xe5,
    0x09, 0x00, 0x00, 0x00, 0x00, 0x00, 0x2d, 0xdd, 0x7b, 0xf4, 0x30, 0x48, 0xff, 0xbc, 0x48, 0x03,
    0x48, 0xff, 0x29, 0x00, 0x00, 0x48, 0xff, 0x1c, 0x00, 0x00, 0x48, 0xff, 0x1c, 0x00, 0x00, 0x2e,
    0xe6, 0x0c, 0x00, 0x00, 0x00, 0x4e, 0xd8, 0xf5, 0xbf, 0x20, 0x00, 0xef, 0x82, 0x2e, 0x73, 0x22,
    0x00, 0xc7, 0xc0, 0x65, 0x23, 0x00, 0x00, 0x09, 0x51, 0x8f, 0xf5, 0x45, 0x09, 0x84, 0x3d, 0x32,
    0xe4, 0x6d, 0x05, 0x9c, 0xed, 0xf4, 0xb1, 0x0d, 0x00, 0x2c, 0xe3, 0x0a, 0x00, 0x00, 0x48, 0xff,
    0x1c, 0x00, 0x4c, 0xff, 0xff, 0xff, 0xb4, 0x03, 0x61, 0xff, 0x3c, 0x11, 0x00, 0x48, 0xff, 0x1c,
    0x00, 0x00, 0x45, 0xff, 0x1d, 0x00, 0x00, 0x24, 0xff, 0x6e, 0x27, 0x00, 0x00, 0x85, 0xf4, 0xd5,
    0x2e, 0xe5, 0x0b, 0x00, 0x2e, 0xe4, 0x09, 0x48, 0xff, 0x1c, 0x00, 0x48, 0xff, 0x18, 0x48, 0xff,
    0x1c, 0x00, 0x48, 0xff, 0x18, 0x46, 0xff, 0x1d, 0x00, 0x51, 0xff, 0x18, 0x29, 0xff, 0x77, 0x33,
    0xd1, 0xff, 0x18, 0x00, 0x8d, 0xf4, 0xe6, 0x7b, 0xe5, 0x09, 0xa1, 0x83, 0x00, 0x00, 0x9d, 0x75,
    0x78, 0xeb, 0x05, 0x14, 0xf9, 0x44, 0x17, 0xfa, 0x50, 0x70, 0xdb, 0x01, 0x00, 0xac, 0xaf, 0xd1,
    0x75, 0x00, 0x00, 0x46, 0xff, 0xfc, 0x15, 0x00, 0x00, 0x01, 0xc5, 0x91, 0x00, 0x00, 0x8b, 0x8f,
    0x00, 0x01, 0xd1, 0x4f, 0x00, 0x21, 0xe3, 0x02, 0x68, 0xef, 0x06, 0x3a, 0xff, 0xaf, 0x00, 0x7d,
    0xc8, 0x00, 0x12, 0xf9, 0x4b, 0x91, 0xc8, 0xf7, 0x0d, 0xd4, 0x6c, 0x00, 0x00, 0xaf, 0xa3, 0xe6,
    0x3c, 0xda, 0x83, 0xfb, 0x15, 0x00, 0x00, 0x53, 0xff, 0xe2, 0x01, 0x81, 0xff, 0xb5, 0x00, 0x00,
    0x00, 0x07, 0xd7, 0x75, 0x00, 0x20, 0xe8, 0x49, 0x00, 0x00, 0x40, 0xdc, 0x17, 0x12, 0xd6, 0x45,
    0x07, 0xcf, 0xb8, 0xb2, 0xd5, 0x0a, 0x00, 0x24, 0xff, 0xff, 0x2a, 0x00, 0x00, 0x3b, 0xff, 0xff,
    0x3d, 0x00, 0x12, 0xe2, 0x9b, 0x9a, 0xe4, 0x14, 0x5c, 0xcd, 0x0a, 0x09, 0xca, 0x60, 0xa2, 0x83,
    0x00, 0x00, 0xa0, 0x75, 0x78, 0xec, 0x06, 0x17, 0xfb, 0x42, 0x16, 0xf9, 0x54, 0x76, 0xd7, 0x00,
    0x00, 0xa7, 0xb5, 0xd7, 0x6f, 0x00, 0x00, 0x3e, 0xff, 0xf8, 0x10, 0x00, 0x00, 0x00, 0xf1, 0x9c,
    0x00, 0x00, 0x00, 0x30, 0xff, 0x32, 0x00, 0x00, 0x00, 0x65, 0xb7, 0x00, 0x00, 0x00, 0x71, 0xff,
    0xff, 0xff, 0xbe, 0x00, 0x07, 0x24, 0x33, 0xf5, 0x6e, 0x00, 0x00, 0x00, 0xa7, 0xb7, 0x01, 0x00,
    0x00, 0x60, 0xe9, 0x17, 0x00, 0x00, 0x22, 0xfb, 0x6d, 0x24, 0x18, 0x00, 0x68, 0xff, 0xff, 0xff,
    0xe8, 0x00, 0x00, 0x17, 0xdd, 0xfe, 0x4a, 0x00, 0x46, 0xff, 0x48, 0x03, 0x00, 0x48, 0xff, 0x1c,
    0x00, 0x00, 0x65, 0xff, 0x13, 0x00, 0x5c, 0xff, 0xa0, 0x00, 0x00, 0x07, 0x8a, 0xf3, 0x07, 0x00,
    0x00, 0x48, 0xff, 0x1c, 0x00, 0x00, 0x48, 0xff, 0x1c, 0x00, 0x00, 0x42, 0xff, 0x4a, 0x02, 0x00,
    0x10, 0xd2, 0xfe, 0x4a, 0x30, 0xe7, 0x0c, 0x48, 0xff, 0x1c, 0x48, 0xff, 0x1c, 0x48, 0xff, 0x1c,
    0x48, 0xff, 0x1c, 0x48, 0xff, 0x1c, 0x48, 0xff, 0x1c, 0x48, 0xff, 0x1c, 0x48, 0xff, 0x1c, 0x30,
    0xe8, 0x0c, 0x79, 0xfe, 0xbe, 0x01, 0x00, 0x09, 0x6e, 0xff, 0x1a, 0x00, 0x00, 0x48, 0xff, 0x1c,
    0x00, 0x00, 0x3f, 0xff, 0x37, 0x00, 0x00, 0x05, 0xc8, 0xfc, 0x31, 0x00, 0x29, 0xfe, 0x62, 0x01,
    0x00, 0x48, 0xff, 0x1c, 0x00, 0x00, 0x48, 0xff, 0x1c, 0x00, 0x09, 0x70, 0xff, 0x17, 0x00, 0x79,
    0xfe, 0xb8, 0x01, 0x00, 0x07, 0xb4, 0xdc, 0x63, 0x10, 0x6e, 0x00, 0x29, 0x84, 0x47, 0xca, 0xff,
    0x8d, 0x00, 0x00, 0x00, 0x00, 0x01, 0x17, 0x00, 0x00, 0x00, 0x00, 0x00, 0x00, 0x00, 0x00, 0x00,
    0x00, 0x00, 0x00, 0x00, 0x00, 0x00, 0x00, 0x00, 0x26, 0x29, 0x01, 0xca, 0x6b, 0x47, 0xf9, 0x10,
    0x24, 0xfa, 0x30, 0x00, 0x8a, 0x75, 0x00, 0x00, 0x00, 0x19, 0x36, 0x00, 0x43, 0xe7, 0x0c, 0x01,
    0xdc, 0x6f, 0x11, 0xf5, 0x47, 0x4d, 0xb5, 0x00, 0x00, 0x01, 0x00, 0x1b, 0xbd, 0x03, 0x26, 0xdd,
    0x07, 0x00, 0x00, 0x00, 0x00, 0x00, 0x00, 0x00, 0x22, 0x00, 0x0e, 0xb2, 0x00, 0x3e, 0xd6, 0x02,
    0x20, 0xe1, 0x07, 0x00, 0x00, 0x00, 0x00, 0x00, 0x00, 0x00, 0x00, 0x00, 0x00, 0x00, 0x00, 0x00,
    0x00, 0x00, 0x25, 0xe4, 0x08, 0x19, 0xeb, 0x13, 0x06, 0xba, 0x00, 0x02, 0x1e, 0x00, 0x00, 0x00,
    0x00, 0x00, 0x00, 0x00, 0x00, 0x00, 0x00, 0x00, 0x00, 0x00, 0x00, 0x22, 0x00, 0x22, 0x00, 0x0e,
    0xb2, 0x0e, 0xaf, 0x00, 0x3e, 0xd6, 0x41, 0xd2, 0x01, 0x20, 0xe1, 0x27, 0xdf, 0x05, 0x00, 0x00,
    0x00, 0x00, 0x00, 0x00, 0x00, 0x00, 0x00, 0x00, 0x00, 0x00, 0x00, 0x00, 0x00, 0x00, 0x00, 0x00,
    0x00, 0x00, 0x00, 0x00, 0x00, 0x00, 0x00, 0x25, 0xe4, 0x2e, 0xe2, 0x06, 0x19, 0xeb, 0x2c, 0xec,
    0x0f, 0x06, 0xba, 0x07, 0xb9, 0x00, 0x02, 0x1e, 0x03, 0x1e, 0x00, 0x00, 0x00, 0x00, 0x00, 0x00,
    0x00, 0x00, 0x00, 0x00, 0x00, 0x00, 0x00, 0x00, 0x00, 0x00, 0x00, 0x00, 0x00, 0x00, 0x00, 0x07,
    0xf3, 0xfc, 0xfc, 0xfc, 0xfc, 0x7d, 0x00, 0x20, 0x28, 0x28, 0x28, 0x28, 0x0c, 0x00, 0x00, 0x00,
    0x00, 0x00, 0x00, 0x00, 0x00, 0x00, 0x00, 0x00, 0x00, 0x00, 0x00, 0x07, 0xf3, 0xfc, 0xfc, 0xfc,
    0xfc, 0xfc, 0xfc, 0xfc, 0xfc, 0xfc, 0xf3, 0x07, 0x00, 0x20, 0x28, 0x28, 0x28, 0x28, 0x28, 0x28,
    0x28, 0x28, 0x28, 0x20, 0x00, 0x00, 0x00, 0x00, 0x00, 0x00, 0x00, 0x00, 0x00, 0x00, 0x00, 0x00,
    0x00, 0x00, 0x00, 0x00, 0x00, 0x00, 0x00, 0x00, 0x00, 0x00, 0x00, 0x00, 0x00, 0x00, 0x00, 0x1b,
    0xb5, 0x03, 0x1b, 0xb3, 0x02, 0x1b, 0xb3, 0x02, 0x25, 0xdd, 0x07, 0x25, 0xdb, 0x05, 0x25, 0xdb,
    0x05, 0x26, 0xdc, 0x07, 0x1b, 0xbd, 0x03, 0x00, 0x00, 0x00, 0x15, 0xb9, 0x00, 0x33, 0xe2, 0x00,
    0x4a, 0xf7, 0x00, 0x61, 0xff, 0x0d, 0x4b, 0xe2, 0x09, 0x00, 0x00, 0x0d, 0x65, 0x00, 0x00, 0x00,
    0x00, 0x00, 0x47, 0xff, 0x17, 0x00, 0x00, 0x00, 0x2e, 0xd6, 0xff, 0xe0, 0x4a, 0x00, 0x07, 0xe2,
    0xbd, 0x35, 0x51, 0x41, 0x00, 0x36, 0xff, 0x31, 0x00, 0x00, 0x00, 0x00, 0x3a, 0xff, 0x32, 0x00,
    0x00, 0x00, 0x00, 0x07, 0xdf, 0xbc, 0x32, 0x4f, 0x3e, 0x00, 0x00, 0x30, 0xdc, 0xff, 0xde, 0x45,
    0x00, 0x00, 0x00, 0x46, 0xff, 0x16, 0x00, 0x00, 0x00, 0x00, 0x0d, 0x63, 0x00, 0x00, 0x00, 0x00,
    0x00, 0x76, 0xe7, 0xf5, 0xc7, 0x40, 0x00, 0x2a, 0xff, 0x78, 0x2c, 0x5d, 0x49, 0x00, 0x47, 0xff,
    0x1c, 0x00, 0x00, 0x00, 0x30, 0xff, 0xff, 0xfe, 0xe1, 0x00, 0x00, 0x01, 0x69, 0xff, 0x3f, 0x1b,
    0x00, 0x00, 0x00, 0x48, 0xff, 0x1c, 0x00, 0x00, 0x00, 0x00, 0x64, 0xff, 0x3c, 0x24, 0x23, 0x05,
    0x2d, 0xfc, 0xff, 0xff, 0xff, 0xff, 0x6c, 0x30, 0xc3, 0xb5, 0xf2, 0xaa, 0xce, 0x14, 0x03, 0xd8,
    0xb5, 0x3d, 0xd4, 0xae, 0x00, 0x32, 0xff, 0x34, 0x00, 0x60, 0xfc, 0x06, 0x33, 0xff, 0x33, 0x00,
    0x60, 0xfb, 0x06, 0x03, 0xd8, 0xb4, 0x3c, 0xd3, 0xad, 0x00, 0x2f, 0xc1, 0xb9, 0xf3, 0xa9, 0xc7,
    0x12, 0x74, 0xbc, 0x04, 0x00, 0x12, 0xd7, 0x4c, 0x15, 0xe4, 0x87, 0x00, 0xb2, 0xc7, 0x05, 0x00,
    0x3b, 0xf9, 0xae, 0xed, 0x1e, 0x00, 0x1d, 0xe7, 0xff, 0xff, 0xfe, 0xda, 0x01, 0x00, 0x18, 0x5c,
    0xff, 0x34, 0x13, 0x00, 0x20, 0xf3, 0xfa, 0xff, 0xf8, 0xe7, 0x01, 0x00, 0x23, 0x64, 0xff, 0x3f,
    0x1d, 0x00, 0x00, 0x00, 0x2f, 0xe7, 0x0c, 0x00, 0x00, 0x2f, 0xe5, 0x0c, 0x48, 0xff, 0x1c, 0x48,
    0xff, 0x1c, 0x2f, 0xe6, 0x0c, 0x00, 0x00, 0x00, 0x00, 0x00, 0x00, 0x2e, 0xe3, 0x0b, 0x48, 0xff,
    0x1c, 0x48, 0xff, 0x1c, 0x2f, 0xe7, 0x0c, 0x00, 0x5f, 0xe3, 0xf5, 0xc6, 0x34, 0x00, 0x29, 0xff,
    0x74, 0x2f, 0x6c, 0x3f, 0x00, 0x25, 0xfb, 0x53, 0x00, 0x00, 0x00, 0x00, 0x08, 0xe2, 0xda, 0xbd,
    0x4e, 0x00, 0x00, 0x38, 0xff, 0x36, 0x6a, 0xed, 0xac, 0x00, 0x0b, 0xd3, 0xe1, 0x54, 0x5e, 0xfe,
    0x09, 0x00, 0x07, 0x6a, 0xd2, 0xdd, 0xbc, 0x00, 0x00, 0x00, 0x00, 0x00, 0x83, 0xeb, 0x05, 0x00,
    0x62, 0x57, 0x2d, 0x9c, 0xf2, 0x05, 0x00, 0x62, 0xdc, 0xf6, 0xcf, 0x4c, 0x00, 0x28, 0xe4, 0x31,
    0xe4, 0x05, 0x00, 0x00, 0x15, 0x00, 0x15, 0x00, 0x00, 0x00, 0x00, 0x00, 0x00, 0x00, 0x00, 0x00,
    0x00, 0x00, 0x00, 0x00, 0x00, 0x00, 0x00, 0x00, 0x00, 0x00, 0x00, 0x00, 0x00, 0x00, 0x00, 0x00,
    0x00, 0x00, 0x00, 0x00, 0x00, 0x00, 0x00, 0x00, 0x00, 0x00, 0x00, 0x00, 0x00, 0x00, 0x00, 0x2c,
    0xaf, 0xec, 0xe6, 0x99, 0x17, 0x00, 0x00, 0x00, 0x38, 0xf4, 0xaa, 0x38, 0x41, 0xc6, 0xe1, 0x17,
    0x00, 0x00, 0xd1, 0xb6, 0x46, 0xcf, 0xed, 0x92, 0xdd, 0x9e, 0x00, 0x26, 0xff, 0x5a, 0xf3, 0x92,
    0x34, 0x57, 0x76, 0xf1, 0x02, 0x42, 0xff, 0x62, 0xff, 0x21, 0x00, 0x00, 0x52, 0xff, 0x11, 0x2f,
    0xff, 0x5a, 0xfb, 0x6d, 0x04, 0x27, 0x6e, 0xf8, 0x04, 0x02, 0xe3, 0x9d, 0x69, 0xf7, 0xfe, 0xb1,
    0xcb, 0xb2, 0x00, 0x00, 0x55, 0xfc, 0x7d, 0x1c, 0x39, 0x9f, 0xf4, 0x2b, 0x00, 0x00, 0x00, 0x46,
    0xe0, 0xff, 0xff, 0xc9, 0x28, 0x00, 0x00, 0x00, 0x00, 0x00, 0x01, 0x1d, 0x17, 0x00, 0x00, 0x00,
    0x00, 0x16, 0xcf, 0xdc, 0x75, 0x37, 0xc8, 0xfb, 0xe7, 0x94, 0x9b, 0x3d, 0xf0, 0x36, 0xd3, 0x7f,
    0xbd, 0x00, 0x00, 0x00, 0x00, 0x00, 0x00, 0x00, 0x00, 0x00, 0x00, 0x00, 0x00, 0x00, 0x00, 0x00,
    0x00, 0x00, 0x26, 0x29, 0x0a, 0x45, 0x01, 0xca, 0x6b, 0x84, 0xb3, 0x47, 0xf9, 0x1b, 0xf6, 0x51,
    0x24, 0xfa, 0x32, 0xd5, 0x78, 0x00, 0x8a, 0x75, 0x44, 0xbb, 0x00, 0x00, 0x00, 0x00, 0x01, 0x9c,
    0xfc, 0xfc, 0xfc, 0xfc, 0xec, 0x0f, 0x11, 0x28, 0x28, 0x28, 0x64, 0xff, 0x1c, 0x00, 0x00, 0x00,
    0x00, 0x48, 0xff, 0x1c, 0x00, 0x00, 0x00, 0x00, 0x1c, 0x95, 0x06, 0x00, 0x00, 0x00, 0x00, 0x00,
    0x00, 0x00, 0x00, 0x00, 0x2c, 0xaf, 0xec, 0xe6, 0x99, 0x17, 0x00, 0x00, 0x00, 0x38, 0xf4, 0xaa,
    0x38, 0x41, 0xc6, 0xe1, 0x17, 0x00, 0x00, 0xd1, 0xe1, 0xef, 0xf8, 0xe8, 0x6d, 0xdd, 0x9e, 0x00,
    0x26, 0xff, 0x8f, 0xff, 0x39, 0x8e, 0xf7, 0x7b, 0xf1, 0x02, 0x42, 0xff, 0x6d, 0xff, 0x14, 0x6c,
    0xfe, 0x5d, 0xff, 0x11, 0x2f, 0xff, 0x87, 0xff, 0xfc, 0xff, 0xc1, 0x6e, 0xf8, 0x04, 0x02, 0xe3,
    0xe3, 0xff, 0x3e, 0xd6, 0x7f, 0xcb, 0xb2, 0x00, 0x00, 0x55, 0xff, 0xd3, 0x17, 0x3e, 0xc9, 0xf4,
    0x2b, 0x00, 0x00, 0x00, 0x46, 0xe0, 0xff, 0xff, 0xc9, 0x28, 0x00, 0x00, 0x00, 0x00, 0x00, 0x01,
    0x1d, 0x17, 0x00, 0x00, 0x00, 0x00, 0x00, 0xce, 0xfc, 0xfc, 0x94, 0x00, 0x00, 0x19, 0x28, 0x28,
    0x10, 0x00, 0x00, 0x00, 0x00, 0x00, 0x00, 0x00, 0x00, 0x00, 0x00, 0x00, 0x00, 0x00, 0x00, 0x00,
    0x00, 0x00, 0x00, 0x00, 0x00, 0x00, 0x00, 0x00, 0x00, 0x00, 0x00, 0x00, 0x00, 0x00, 0x00, 0x00,
    0x00, 0x00, 0x00, 0x00, 0x00, 0x00, 0x00, 0x91, 0xed, 0x68, 0x00, 0x28, 0xff, 0xa0, 0xf5, 0x03,
    0x32, 0xff, 0x86, 0xfa, 0x07, 0x03, 0xc1, 0xff, 0x93, 0x00, 0x00, 0x03, 0x1d, 0x00, 0x00, 0x00,
    0x00, 0x00, 0x00, 0x00, 0x00, 0x00, 0x00, 0x00, 0x00, 0x00, 0x00, 0x00, 0x00, 0x00, 0x00, 0x00,
    0x00, 0x00, 0x00, 0x00, 0x00, 0x33, 0xea, 0x0e, 0x00, 0x00, 0x00, 0x00, 0x48, 0xff, 0x1c, 0x00,
    0x00, 0x6e, 0xf8, 0xfa, 0xff, 0xf8, 0xf7, 0x42, 0x0a, 0x28, 0x64, 0xff, 0x3f, 0x27, 0x03, 0x00,
    0x00, 0x35, 0xec, 0x10, 0x00, 0x00, 0x05, 0x23, 0x24, 0x24, 0x24, 0x1a, 0x00, 0x5f, 0xff, 0xff,
    0xff, 0xff, 0xf3, 0x04, 0x1a, 0xc9, 0xe1, 0x87, 0x00, 0x00, 0x08, 0x45, 0xf0, 0x00, 0x00, 0x01,
    0xaf, 0xa1, 0x00, 0x00, 0x86, 0xd0, 0x0d, 0x00, 0x07, 0xf5, 0xe4, 0xd1, 0x25, 0x00, 0x00, 0x00,
    0x00, 0x00, 0x00, 0x00, 0x00, 0x00, 0x00, 0x00, 0x00, 0x00, 0x00, 0x00, 0x1f, 0xcc, 0xe4, 0x9a,
    0x00, 0x06, 0x2e, 0xee, 0x00, 0x6b, 0xe9, 0x8f, 0x02, 0x07, 0x0d, 0xf1, 0x28, 0xcf, 0xde, 0x99,
    0x00, 0x00, 0x00, 0x00, 0x00, 0x00, 0x00, 0x00, 0x00, 0x00, 0x00, 0x00, 0x00, 0x00, 0x32, 0x00,
    0x00, 0x3f, 0xe9, 0x00, 0x00, 0xb6, 0x5c, 0x00, 0x00, 0x4c, 0x00, 0x00, 0x00, 0x00, 0x00, 0x00,
    0x00, 0x00, 0x00, 0x00, 0x00, 0x00, 0x00, 0x00, 0x00, 0x00, 0x00, 0x00, 0x00, 0x00, 0x00, 0x00,
    0x00, 0x00, 0x00, 0x00, 0x2e, 0xe5, 0x0b, 0x00, 0x2e, 0xe4, 0x09, 0x48, 0xff, 0x1c, 0x00, 0x48,
    0xff, 0x18, 0x48, 0xff, 0x1c, 0x00, 0x48, 0xff, 0x18, 0x48, 0xff, 0x1d, 0x00, 0x51, 0xff, 0x18,
    0x48, 0xff, 0x77, 0x33, 0xc3, 0xff, 0x18, 0x48, 0xff, 0xcd, 0xef, 0x81, 0xe6, 0x09, 0x48, 0xff,
    0x12, 0x00, 0x00, 0x00, 0x00, 0x2e, 0xe6, 0x0b, 0x00, 0x00, 0x00, 0x00, 0x0c, 0xaf, 0xf9, 0xff,
    0xff, 0xed, 0x0a, 0x97, 0xff, 0xff, 0xff, 0x79, 0xff, 0x18, 0xc0, 0xff, 0xff, 0xff, 0x64, 0xff,
    0x18, 0x7e, 0xff, 0xff, 0xff, 0x64, 0xff, 0x18, 0x01, 0x7d, 0xd6, 0xff, 0x64, 0xff, 0x18, 0x00,
    0x00, 0x48, 0xff, 0x64, 0xff, 0x18, 0x00, 0x00, 0x48, 0xff, 0x64, 0xff, 0x18, 0x00, 0x00, 0x48,
    0xff, 0x64, 0xff, 0x18, 0x00, 0x00, 0x48, 0xff, 0x64, 0xff, 0x18, 0x00, 0x00, 0x36, 0xef, 0x47,
    0xee, 0x0e, 0x00, 0x00, 0xba, 0x00, 0x00, 0x00, 0x22, 0x61, 0x5c, 0x00, 0x00, 0x3b, 0xd0, 0xa0,
    0x00, 0x06, 0x89, 0xd8, 0x00, 0x26, 0xa5, 0xf8, 0x00, 0x00, 0x20, 0xf0, 0x00, 0x00, 0x20, 0xf0,
    0x00, 0x29, 0xeb, 0xfe, 0xae, 0x00, 0x00, 0x00, 0x00, 0x00, 0x00, 0x00, 0x00, 0x00, 0x00, 0x00,
    0x00, 0x00, 0x8b, 0xdc, 0x62, 0x0c, 0xf6, 0x33, 0xd9, 0x08, 0xf5, 0x3a, 0xd3, 0x00, 0x73, 0xce,
    0x4f, 0x00, 0x00, 0x00, 0x00, 0x00, 0x00, 0x00, 0x00, 0x00, 0x00, 0x00, 0x00, 0x00, 0x00, 0x00,
    0x00, 0x19, 0x36, 0x02, 0x4d, 0x00, 0x43, 0xe7, 0x14, 0xf3, 0x3c, 0x01, 0xdc, 0x6f, 0x99, 0xb7,
    0x11, 0xf5, 0x47, 0xc1, 0x8f, 0x4d, 0xb5, 0x0c, 0xe5, 0x12, 0x00, 0x01, 0x00, 0x01, 0x00, 0x00,
    0x23, 0x71, 0x05, 0x00, 0x00, 0x11, 0x81, 0x00, 0x00, 0x34, 0xff, 0xff, 0x1c, 0x00, 0x00, 0x89,
    0xa4, 0x00, 0x00, 0x02, 0x51, 0xff, 0x1c, 0x00, 0x1a, 0xf1, 0x23, 0x00, 0x00, 0x00, 0x48, 0xff,
    0x1c, 0x00, 0x99, 0x96, 0x00, 0x00, 0x00, 0x4f, 0xee, 0xff, 0xda, 0x25, 0xf1, 0x19, 0x88, 0xea,
    0x0c, 0x02, 0x17, 0x18, 0x10, 0xa8, 0x88, 0x29, 0xdb, 0xff, 0x18, 0x00, 0x00, 0x00, 0x31, 0xee,
    0x14, 0xc1, 0x69, 0xff, 0x18, 0x00, 0x00, 0x00, 0xb8, 0x79, 0x49, 0xff, 0xfa, 0xff, 0xa4, 0x00,
    0x00, 0x25, 0xe7, 0x0a, 0x03, 0x26, 0x51, 0xeb, 0x1e, 0x00, 0x00, 0x01, 0x17, 0x00, 0x00, 0x00,
    0x00, 0x00, 0x00, 0x00, 0x0c, 0x47, 0x00, 0x00, 0x00, 0x11, 0x81, 0x00, 0x00, 0x00, 0x2a, 0xfb,
    0xff, 0x19, 0x00, 0x00, 0x89, 0xa4, 0x00, 0x00, 0x00, 0x0c, 0x69, 0xff, 0x1c, 0x00, 0x1a, 0xf1,
    0x23, 0x00, 0x00, 0x00, 0x00, 0x48, 0xff, 0x1c, 0x00, 0x99, 0x96, 0x00, 0x00, 0x00, 0x00, 0x00,
    0x48, 0xff, 0x1c, 0x25, 0xf1, 0x42, 0xcb, 0xe5, 0x4e, 0x00, 0x4f, 0xee, 0xff, 0xda, 0xa9, 0x88,
    0x23, 0x4a, 0x96, 0xa8, 0x00, 0x02, 0x17, 0x18, 0x41, 0xee, 0x11, 0x00, 0x00, 0xb0, 0x56, 0x00,
    0x00, 0x00, 0x00, 0xb8, 0x79, 0x00, 0x00, 0x82, 0x96, 0x00, 0x00, 0x00, 0x00, 0x25, 0xe7, 0x0a,
    0x00, 0x2b, 0xff, 0xfe, 0xe4, 0x00, 0x00, 0x00, 0x01, 0x17, 0x00, 0x00, 0x01, 0x25, 0x28, 0x1d,
    0x00, 0x01, 0xa4, 0xec, 0xb9, 0x08, 0x00, 0x00, 0x11, 0x81, 0x00, 0x00, 0x00, 0x58, 0x3a, 0xf7,
    0x2a, 0x00, 0x00, 0x89, 0xa4, 0x00, 0x00, 0x00, 0x4f, 0xfb, 0xc6, 0x00, 0x00, 0x1a, 0xf1, 0x23,
    0x00, 0x00, 0x00, 0x05, 0x30, 0xd9, 0x1d, 0x00, 0x99, 0x96, 0x00, 0x00, 0x00, 0x01, 0x2c, 0x0a,
    0xd6, 0x2a, 0x25, 0xf1, 0x19, 0x72, 0xea, 0x0e, 0x07, 0xd8, 0xfe, 0xcd, 0x05, 0xa8, 0x88, 0x29,
    0xff, 0xff, 0x1c, 0x00, 0x03, 0x1c, 0x01, 0x31, 0xee, 0x14, 0xc2, 0x8b, 0xff, 0x1c, 0x00, 0x00,
    0x00, 0x00, 0xb8, 0x79, 0x49, 0xff, 0xfa, 0xff, 0xa8, 0x00, 0x00, 0x00, 0x25, 0xe7, 0x0a, 0x03,
    0x26, 0x51, 0xec, 0x20, 0x00, 0x00, 0x00, 0x01, 0x17, 0x00, 0x00, 0x00, 0x00, 0x00, 0x00, 0x00,
    0x00, 0x02, 0x3a, 0x00, 0x00, 0x00, 0x00, 0x35, 0xfd, 0x07, 0x00, 0x00, 0x00, 0x09, 0x5f, 0x00,
    0x00, 0x00, 0x00, 0x1b, 0x35, 0x00, 0x00, 0x00, 0x00, 0x93, 0x78, 0x00, 0x00, 0x00, 0x6e, 0xe1,
    0x13, 0x00, 0x00, 0x1c, 0xfc, 0x42, 0x00, 0x00, 0x00, 0x36, 0xff, 0x91, 0x5b, 0xa9, 0x5d, 0x00,
    0x84, 0xe8, 0xef, 0xae, 0x22, 0x00, 0x00, 0x1f, 0x13, 0x00, 0x00, 0x00, 0x00, 0x00, 0x00, 0x79,
    0xb8, 0x00, 0x00, 0x00, 0x00, 0x00, 0x00, 0x03, 0xb4, 0x2e, 0x00, 0x00, 0x00, 0x00, 0x00, 0x00,
    0x00, 0x00, 0x00, 0x00, 0x00, 0x00, 0x00, 0x00, 0x97, 0xc6, 0x02, 0x00, 0x00, 0x00, 0x00, 0x22,
    0xf3, 0xda, 0x4f, 0x00, 0x00, 0x00, 0x00, 0x91, 0xa2, 0x72, 0xc2, 0x00, 0x00, 0x00, 0x0f, 0xf3,
    0x41, 0x15, 0xfa, 0x35, 0x00, 0x00, 0x75, 0xe1, 0x05, 0x04, 0xb1, 0xa9, 0x00, 0x04, 0xe2, 0xff,
    0xff, 0xff, 0xff, 0xfd, 0x20, 0x59, 0xfc, 0x48, 0x34, 0x34, 0x36, 0xea, 0x8f, 0x94, 0x8d, 0x00,
    0x00, 0x00, 0x00, 0x60, 0xca, 0x00, 0x00, 0x00, 0x00, 0x05, 0x2d, 0x00, 0x00, 0x00, 0x00, 0x00,
    0x00, 0x81, 0xaf, 0x00, 0x00, 0x00, 0x00, 0x00, 0x05, 0xcc, 0x14, 0x00, 0x00, 0x00, 0x00, 0x00,
    0x00, 0x00, 0x00, 0x00, 0x00, 0x00, 0x00, 0x00, 0x97, 0xc6, 0x02, 0x00, 0x00, 0x00, 0x00, 0x22,
    0xf3, 0xda, 0x4f, 0x00, 0x00, 0x00, 0x00, 0x91, 0xa2, 0x72, 0xc2, 0x00, 0x00, 0x00, 0x0f, 0xf3,
    0x41, 0x15, 0xfa, 0x35, 0x00, 0x00, 0x75, 0xe1, 0x05, 0x04, 0xb1, 0xa9, 0x00, 0x04, 0xe2, 0xff,
    0xff, 0xff, 0xff, 0xfd, 0x20, 0x59, 0xfc, 0x48, 0x34, 0x34, 0x36, 0xea, 0x8f, 0x94, 0x8d, 0x00,
    0x00, 0x00, 0x00, 0x60, 0xca, 0x00, 0x00, 0x00, 0x36, 0x50, 0x00, 0x00, 0x00, 0x00, 0x00, 0x15,
    0xe5, 0xe2, 0x3a, 0x00, 0x00, 0x00, 0x00, 0x75, 0x67, 0x39, 0xa3, 0x00, 0x00, 0x00, 0x00, 0x00,
    0x00, 0x00, 0x00, 0x00, 0x00, 0x00, 0x00, 0x00, 0x97, 0xc6, 0x02, 0x00, 0x00, 0x00, 0x00, 0x22,
    0xf3, 0xda, 0x4f, 0x00, 0x00, 0x00, 0x00, 0x91, 0xa2, 0x72, 0xc2, 0x00, 0x00, 0x00, 0x0f, 0xf3,
    0x41, 0x15, 0xfa, 0x35, 0x00, 0x00, 0x75, 0xe1, 0x05, 0x04, 0xb1, 0xa9, 0x00, 0x04, 0xe2, 0xff,
    0xff, 0xff, 0xff, 0xfd, 0x20, 0x59, 0xfc, 0x48, 0x34, 0x34, 0x36, 0xea, 0x8f, 0x94, 0x8d, 0x00,
    0x00, 0x00, 0x00, 0x60, 0xca, 0x00, 0x00, 0x00, 0x00, 0x00, 0x00, 0x00, 0x00, 0x00, 0x04, 0xb3,
    0xd2, 0x54, 0x61, 0x6e, 0x00, 0x00, 0x3c, 0x92, 0x44, 0xc3, 0xd0, 0x19, 0x00, 0x00, 0x00, 0x00,
    0x00, 0x00, 0x00, 0x00, 0x00, 0x00, 0x00, 0x00, 0x97, 0xc6, 0x02, 0x00, 0x00, 0x00, 0x00, 0x22,
    0xf3, 0xda, 0x4f, 0x00, 0x00, 0x00, 0x00, 0x91, 0xa2, 0x72, 0xc2, 0x00, 0x00, 0x00, 0x0f, 0xf3,
    0x41, 0x15, 0xfa, 0x35, 0x00, 0x00, 0x75, 0xe1, 0x05, 0x04, 0xb1, 0xa9, 0x00, 0x04, 0xe2, 0xff,
    0xff, 0xff, 0xff, 0xfd, 0x20, 0x59, 0xfc, 0x48, 0x34, 0x34, 0x36, 0xea, 0x8f, 0x94, 0x8d, 0x00,
    0x00, 0x00, 0x00, 0x60, 0xca, 0x00, 0x00, 0x27, 0xe0, 0x30, 0xdf, 0x05, 0x00, 0x00, 0x00, 0x00,
    0x00, 0x15, 0x00, 0x15, 0x00, 0x00, 0x00, 0x00, 0x00, 0x00, 0x00, 0x00, 0x00, 0x00, 0x00, 0x00,
    0x00, 0x00, 0x00, 0x4e, 0xe8, 0x25, 0x00, 0x00, 0x00, 0x00, 0x00, 0x00, 0xce, 0xd1, 0x9b, 0x00,
    0x00, 0x00, 0x00, 0x00, 0x40, 0xeb, 0x2e, 0xf7, 0x16, 0x00, 0x00, 0x00, 0x00, 0xb1, 0x91, 0x00,
    0xc8, 0x80, 0x00, 0x00, 0x00, 0x24, 0xff, 0x35, 0x04, 0x6b, 0xeb, 0x08, 0x00, 0x00, 0x94, 0xff,
    0xff, 0xff, 0xff, 0xff, 0x65, 0x00, 0x10, 0xf4, 0x87, 0x34, 0x34, 0x34, 0xb3, 0xd6, 0x01, 0x42,
    0xd7, 0x07, 0x00, 0x00, 0x00, 0x23, 0xeb, 0x1b, 0x00, 0x00, 0x00, 0x00, 0x10, 0x00, 0x00, 0x00,
    0x00, 0x00, 0x00, 0x0b, 0xcf, 0xff, 0xaa, 0x00, 0x00, 0x00, 0x00, 0x00, 0x36, 0xff, 0x9e, 0xfd,
    0x08, 0x00, 0x00, 0x00, 0x00, 0x05, 0xab, 0xef, 0x87, 0x00, 0x00, 0x00, 0x00, 0x00, 0x00, 0x00,
    0x00, 0x00, 0x00, 0x00, 0x00, 0x00, 0x00, 0x00, 0x6d, 0xee, 0x41, 0x00, 0x00, 0x00, 0x00, 0x00,
    0x0d, 0xef, 0xc5, 0xc9, 0x00, 0x00, 0x00, 0x00, 0x00, 0x75, 0xd7, 0x17, 0xf6, 0x42, 0x00, 0x00,
    0x00, 0x06, 0xe5, 0x64, 0x00, 0x97, 0xbb, 0x00, 0x00, 0x00, 0x65, 0xeb, 0x0b, 0x04, 0x27, 0xff,
    0x35, 0x00, 0x02, 0xda, 0xff, 0xff, 0xff, 0xff, 0xff, 0xae, 0x00, 0x55, 0xfc, 0x48, 0x34, 0x34,
    0x34, 0x70, 0xfe, 0x29, 0x94, 0x8d, 0x00, 0x00, 0x00, 0x00, 0x00, 0xc0, 0x6a, 0x00, 0x00, 0x00,
    0x00, 0x07, 0xcf, 0xff, 0xff, 0xff, 0xff, 0xff, 0x52, 0x00, 0x00, 0x00, 0x00, 0x7e, 0xdd, 0xff,
    0x30, 0x24, 0x24, 0x23, 0x03, 0x00, 0x00, 0x00, 0x22, 0xf5, 0x37, 0xfa, 0x44, 0x00, 0x00, 0x00,
    0x00, 0x00, 0x00, 0x00, 0xb5, 0xa3, 0x00, 0xce, 0xff, 0xf8, 0xf8, 0xf1, 0x1a, 0x00, 0x00, 0x51,
    0xf8, 0x20, 0x00, 0x9b, 0xce, 0x28, 0x28, 0x22, 0x00, 0x00, 0x0b, 0xe1, 0xff, 0xf8, 0xf8, 0xff,
    0xe5, 0x00, 0x00, 0x00, 0x00, 0x00, 0x89, 0xe8, 0x35, 0x28, 0x28, 0x5b, 0xff, 0x3a, 0x24, 0x23,
    0x03, 0x00, 0xe3, 0x53, 0x00, 0x00, 0x00, 0x05, 0xe6, 0xff, 0xff, 0xff, 0x52, 0x00, 0x05, 0x83,
    0xe0, 0xf8, 0xdc, 0x7e, 0x00, 0x00, 0x8e, 0xee, 0x5d, 0x2c, 0x5a, 0xa1, 0x00, 0x0e, 0xfa, 0x64,
    0x00, 0x00, 0x00, 0x00, 0x00, 0x35, 0xff, 0x26, 0x00, 0x00, 0x00, 0x00, 0x00, 0x3d, 0xff, 0x26,
    0x00, 0x00, 0x00, 0x00, 0x00, 0x13, 0xfc, 0x64, 0x00, 0x00, 0x00, 0x00, 0x00, 0x00, 0x99, 0xed,
    0x5b, 0x2b, 0x57, 0xa3, 0x02, 0x00, 0x05, 0x82, 0xe2, 0xff, 0xdb, 0x7b, 0x00, 0x00, 0x00, 0x00,
    0x25, 0xdd, 0x41, 0x00, 0x00, 0x00, 0x00, 0x00, 0x79, 0xb7, 0x68, 0x00, 0x00, 0x00, 0x00, 0x32,
    0x00, 0x00, 0x00, 0x00, 0x00, 0x0b, 0xeb, 0x3a, 0x00, 0x00, 0x00, 0x00, 0x00, 0x3f, 0xa6, 0x00,
    0x00, 0x00, 0x00, 0x00, 0x00, 0x00, 0x00, 0x00, 0x00, 0x2b, 0xf5, 0xff, 0xff, 0xff, 0xe1, 0x00,
    0x48, 0xff, 0x3c, 0x24, 0x24, 0x16, 0x00, 0x48, 0xff, 0x1c, 0x00, 0x00, 0x00, 0x00, 0x48, 0xff,
    0xf8, 0xf8, 0xf8, 0xa0, 0x00, 0x48, 0xff, 0x3f, 0x28, 0x28, 0x10, 0x00, 0x48, 0xff, 0x1c, 0x00,
    0x00, 0x00, 0x00, 0x48, 0xff, 0x3c, 0x24, 0x24, 0x16, 0x00, 0x2b, 0xf6, 0xff, 0xff, 0xff, 0xe1,
    0x00, 0x00, 0x00, 0x00, 0x00, 0x28, 0x0a, 0x00, 0x00, 0x00, 0x00, 0x14, 0xe9, 0x33, 0x00, 0x00,
    0x00, 0x00, 0x75, 0x72, 0x00, 0x00, 0x00, 0x00, 0x00, 0x00, 0x00, 0x00, 0x00, 0x2b, 0xf5, 0xff,
    0xff, 0xff, 0xe1, 0x00, 0x48, 0xff, 0x3c, 0x24, 0x24, 0x16, 0x00, 0x48, 0xff, 0x1c, 0x00, 0x00,
    0x00, 0x00, 0x48, 0xff, 0xf8, 0xf8, 0xf8, 0xa0, 0x00, 0x48, 0xff, 0x3f, 0x28, 0x28, 0x10, 0x00,
    0x48, 0xff, 0x1c, 0x00, 0x00, 0x00, 0x00, 0x48, 0xff, 0x3c, 0x24, 0x24, 0x16, 0x00, 0x2b, 0xf6,
    0xff, 0xff, 0xff, 0xe1, 0x00, 0x00, 0x00, 0x0a, 0x6d, 0x0d, 0x00, 0x00, 0x00, 0x00, 0x99, 0xdc,
    0xa2, 0x00, 0x00, 0x00, 0x13, 0xc5, 0x0b, 0xbf, 0x19, 0x00, 0x00, 0x00, 0x00, 0x00, 0x00, 0x00,
    0x00, 0x2b, 0xf5, 0xff, 0xff, 0xff, 0xe1, 0x00, 0x48, 0xff, 0x3c, 0x24, 0x24, 0x16, 0x00, 0x48,
    0xff, 0x1c, 0x00, 0x00, 0x00, 0x00, 0x48, 0xff, 0xf8, 0xf8, 0xf8, 0xa0, 0x00, 0x48, 0xff, 0x3f,
    0x28, 0x28, 0x10, 0x00, 0x48, 0xff, 0x1c, 0x00, 0x00, 0x00, 0x00, 0x48, 0xff, 0x3c, 0x24, 0x24,
    0x16, 0x00, 0x2b, 0xf6, 0xff, 0xff, 0xff, 0xe1, 0x00, 0x00, 0x29, 0xe0, 0x2e, 0xdf, 0x05, 0x00,
    0x00, 0x00, 0x15, 0x00, 0x15, 0x00, 0x00, 0x00, 0x00, 0x00, 0x00, 0x00, 0x00, 0x00, 0x2b, 0xf5,
    0xff, 0xff, 0xff, 0xe1, 0x00, 0x48, 0xff, 0x3c, 0x24, 0x24, 0x16, 0x00, 0x48, 0xff, 0x1c, 0x00,
    0x00, 0x00, 0x00, 0x48, 0xff, 0xf8, 0xf8, 0xf8, 0xa0, 0x00, 0x48, 0xff, 0x3f, 0x28, 0x28, 0x10,
    0x00, 0x48, 0xff, 0x1c, 0x00, 0x00, 0x00, 0x00, 0x48, 0xff, 0x3c, 0x24, 0x24, 0x16, 0x00, 0x2b,
    0xf6, 0xff, 0xff, 0xff, 0xe1, 0x00, 0x02, 0x31, 0x00, 0x00, 0x14, 0xef, 0x30, 0x00, 0x00, 0x4d,
    0x9b, 0x00, 0x00, 0x00, 0x00, 0x00, 0x00, 0x2e, 0xe5, 0x0b, 0x00, 0x48, 0xff, 0x1c, 0x00, 0x48,
    0xff, 0x1c, 0x00, 0x48, 0xff, 0x1c, 0x00, 0x48, 0xff, 0x1c, 0x00, 0x48, 0xff, 0x1c, 0x00, 0x48,
    0xff, 0x1c, 0x00, 0x2f, 0xe7, 0x0c, 0x00, 0x00, 0x2c, 0x06, 0x00, 0x1c, 0xee, 0x28, 0x00, 0x82,
    0x64, 0x00, 0x00, 0x00, 0x00, 0x00, 0x2e, 0xe5, 0x0b, 0x00, 0x48, 0xff, 0x1c, 0x00, 0x48, 0xff,
    0x1c, 0x00, 0x48, 0xff, 0x1c, 0x00, 0x48, 0xff, 0x1c, 0x00, 0x48, 0xff, 0x1c, 0x00, 0x48, 0xff,
    0x1c, 0x00, 0x2f, 0xe7, 0x0c, 0x00, 0x00, 0x12, 0x6c, 0x07, 0x00, 0x00, 0xb0, 0xdc, 0x8a, 0x00,
    0x27, 0xb6, 0x0d, 0xc9, 0x09, 0x00, 0x00, 0x00, 0x00, 0x00, 0x00, 0x2e, 0xe5, 0x0b, 0x00, 0x00,
    0x48, 0xff, 0x1c, 0x00, 0x00, 0x48, 0xff, 0x1c, 0x00, 0x00, 0x48, 0xff, 0x1c, 0x00, 0x00, 0x48,
    0xff, 0x1c, 0x00, 0x00, 0x48, 0xff, 0x1c, 0x00, 0x00, 0x48, 0xff, 0x1c, 0x00, 0x00, 0x2f, 0xe7,
    0x0c, 0x00, 0x27, 0xe0, 0x30, 0xe0, 0x05, 0x00, 0x15, 0x00, 0x15, 0x00, 0x00, 0x00, 0x00, 0x00,
    0x00, 0x00, 0x2f, 0xe5, 0x09, 0x00, 0x00, 0x48, 0xff, 0x18, 0x00, 0x00, 0x48, 0xff, 0x18, 0x00,
    0x00, 0x48, 0xff, 0x18, 0x00, 0x00, 0x48, 0xff, 0x18, 0x00, 0x00, 0x48, 0xff, 0x18, 0x00, 0x00,
    0x48, 0xff, 0x18, 0x00, 0x00, 0x2f, 0xe5, 0x09, 0x00, 0x00, 0x2a, 0xf4, 0xff, 0xff, 0xf2, 0xbf,
    0x4a, 0x00, 0x00, 0x00, 0x48, 0xff, 0x3c, 0x25, 0x40, 0x99, 0xff, 0x58, 0x00, 0x00, 0x48, 0xff,
    0x1c, 0x00, 0x00, 0x00, 0xa6, 0xdb, 0x00, 0x19, 0xff, 0xff, 0xff, 0xf7, 0x52, 0x00, 0x5c, 0xff,
    0x0d, 0x00, 0x6a, 0xff, 0x44, 0x27, 0x05, 0x00, 0x5b, 0xff, 0x0d, 0x00, 0x48, 0xff, 0x1c, 0x00,
    0x00, 0x00, 0xa2, 0xda, 0x00, 0x00, 0x48, 0xff, 0x3c, 0x25, 0x3e, 0x95, 0xfe, 0x56, 0x00, 0x00,
    0x2b, 0xf5, 0xff, 0xff, 0xf2, 0xbe, 0x48, 0x00, 0x00, 0x00, 0x00, 0x00, 0x00, 0x00, 0x00, 0x00,
    0x00, 0x00, 0x08, 0xbe, 0xc3, 0x3d, 0xa1, 0x19, 0x00, 0x00, 0x46, 0x80, 0x57, 0xd6, 0xa0, 0x00,
    0x00, 0x00, 0x00, 0x00, 0x00, 0x00, 0x00, 0x00, 0x00, 0x31, 0xdf, 0x1c, 0x00, 0x00, 0x30, 0xe5,
    0x0b, 0x48, 0xff, 0xc1, 0x03, 0x00, 0x48, 0xff, 0x18, 0x48, 0xff, 0xef, 0x81, 0x00, 0x48, 0xff,
    0x18, 0x48, 0xff, 0x48, 0xf4, 0x3f, 0x48, 0xff, 0x18, 0x48, 0xff, 0x1c, 0x68, 0xe4, 0x5b, 0xff,
    0x18, 0x48, 0xff, 0x1c, 0x00, 0xad, 0xf5, 0xff, 0x18, 0x48, 0xff, 0x1c, 0x00, 0x11, 0xe1, 0xff,
    0x18, 0x30, 0xe9, 0x0d, 0x00, 0x00, 0x39, 0xe7, 0x0c, 0x00, 0x00, 0x0f, 0x23, 0x00, 0x00, 0x00,
    0x00, 0x00, 0x00, 0x00, 0x45, 0xe2, 0x0b, 0x00, 0x00, 0x00, 0x00, 0x00, 0x00, 0x00, 0x83, 0x63,
    0x00, 0x00, 0x00, 0x00, 0x00, 0x00, 0x00, 0x00, 0x00, 0x00, 0x00, 0x00, 0x00, 0x00, 0x01, 0x70,
    0xe0, 0xf8, 0xd3, 0x5c, 0x00, 0x00, 0x00, 0x84, 0xee, 0x59, 0x2f, 0x75, 0xfa, 0x5e, 0x00, 0x10,
    0xf8, 0x67, 0x00, 0x00, 0x00, 0x97, 0xd9, 0x00, 0x3d, 0xff, 0x27, 0x00, 0x00, 0x00, 0x58, 0xff,
    0x0b, 0x3c, 0xff, 0x2b, 0x00, 0x00, 0x00, 0x54, 0xff, 0x0d, 0x10, 0xf9, 0x6b, 0x00, 0x00, 0x00,
    0x94, 0xd7, 0x00, 0x00, 0x8d, 0xef, 0x60, 0x2d, 0x70, 0xfa, 0x53, 0x00, 0x00, 0x02, 0x7a, 0xdf,
    0xf9, 0xd6, 0x51, 0x00, 0x00, 0x00, 0x00, 0x00, 0x00, 0x00, 0x32, 0x00, 0x00, 0x00, 0x00, 0x00,
    0x00, 0x00, 0x4d, 0xe2, 0x02, 0x00, 0x00, 0x00, 0x00, 0x00, 0x00, 0xb5, 0x32, 0x00, 0x00, 0x00,
    0x00, 0x00, 0x00, 0x00, 0x00, 0x00, 0x00, 0x00, 0x00, 0x00, 0x01, 0x70, 0xe0, 0xf8, 0xd3, 0x5c,
    0x00, 0x00, 0x00, 0x84, 0xee, 0x59, 0x2f, 0x75, 0xfa, 0x5e, 0x00, 0x10, 0xf8, 0x67, 0x00, 0x00,
    0x00, 0x97, 0xd9, 0x00, 0x3d, 0xff, 0x27, 0x00, 0x00, 0x00, 0x58, 0xff, 0x0b, 0x3c, 0xff, 0x2b,
    0x00, 0x00, 0x00, 0x54, 0xff, 0x0d, 0x10, 0xf9, 0x6b, 0x00, 0x00, 0x00, 0x94, 0xd7, 0x00, 0x00,
    0x8d, 0xef, 0x60, 0x2d, 0x70, 0xfa, 0x53, 0x00, 0x00, 0x02, 0x7a, 0xdf, 0xf9, 0xd6, 0x51, 0x00,
    0x00, 0x00, 0x00, 0x00, 0x15, 0x6b, 0x06, 0x00, 0x00, 0x00, 0x00, 0x00, 0x00, 0xb4, 0xdc, 0x86,
    0x00, 0x00, 0x00, 0x00, 0x00, 0x2b, 0xb2, 0x0e, 0xc9, 0x06, 0x00, 0x00, 0x00, 0x00, 0x00, 0x00,
    0x00, 0x00, 0x00, 0x00, 0x00, 0x00, 0x01, 0x70, 0xe0, 0xf8, 0xd3, 0x5c, 0x00, 0x00, 0x00, 0x84,
    0xee, 0x59, 0x2f, 0x75, 0xfa, 0x5e, 0x00, 0x10, 0xf8, 0x67, 0x00, 0x00, 0x00, 0x97, 0xd9, 0x00,
    0x3d, 0xff, 0x27, 0x00, 0x00, 0x00, 0x58, 0xff, 0x0b, 0x3c, 0xff, 0x2b, 0x00, 0x00, 0x00, 0x54,
    0xff, 0x0d, 0x10, 0xf9, 0x6b, 0x00, 0x00, 0x00, 0x94, 0xd7, 0x00, 0x00, 0x8d, 0xef, 0x60, 0x2d,
    0x70, 0xfa, 0x53, 0x00, 0x00, 0x02, 0x7a, 0xdf, 0xf9, 0xd6, 0x51, 0x00, 0x00, 0x00, 0x00, 0x00,
    0x00, 0x00, 0x00, 0x00, 0x00, 0x00, 0x00, 0x00, 0x7c, 0xe0, 0x7f, 0x2f, 0xb1, 0x00, 0x00, 0x00,
    0x03, 0xc1, 0x31, 0xa1, 0xe2, 0x57, 0x00, 0x00, 0x00, 0x00, 0x00, 0x00, 0x00, 0x00, 0x00, 0x00,
    0x00, 0x00, 0x01, 0x70, 0xe0, 0xf8, 0xd3, 0x5c, 0x00, 0x00, 0x00, 0x84, 0xee, 0x59, 0x2f, 0x75,
    0xfa, 0x5e, 0x00, 0x10, 0xf8, 0x67, 0x00, 0x00, 0x00, 0x97, 0xd9, 0x00, 0x3d, 0xff, 0x27, 0x00,
    0x00, 0x00, 0x58, 0xff, 0x0b, 0x3c, 0xff, 0x2b, 0x00, 0x00, 0x00, 0x54, 0xff, 0x0d, 0x10, 0xf9,
    0x6b, 0x00, 0x00, 0x00, 0x94, 0xd7, 0x00, 0x00, 0x8d, 0xef, 0x60, 0x2d, 0x70, 0xfa, 0x53, 0x00,
    0x00, 0x02, 0x7a, 0xdf, 0xf9, 0xd6, 0x51, 0x00, 0x00, 0x00, 0x00, 0x29, 0xe0, 0x2e, 0xdf, 0x05,
    0x00, 0x00, 0x00, 0x00, 0x00, 0x15, 0x00, 0x15, 0x00, 0x00, 0x00, 0x00, 0x00, 0x00, 0x00, 0x00,
    0x00, 0x00, 0x00, 0x00, 0x00, 0x01, 0x70, 0xe0, 0xf8, 0xd3, 0x5c, 0x00, 0x00, 0x00, 0x84, 0xee,
    0x59, 0x2f, 0x75, 0xfa, 0x5e, 0x00, 0x10, 0xf8, 0x67, 0x00, 0x00, 0x00, 0x97, 0xd9, 0x00, 0x3d,
    0xff, 0x27, 0x00, 0x00, 0x00, 0x58, 0xff, 0x0b, 0x3c, 0xff, 0x2b, 0x00, 0x00, 0x00, 0x54, 0xff,
    0x0d, 0x10, 0xf9, 0x6b, 0x00, 0x00, 0x00, 0x94, 0xd7, 0x00, 0x00, 0x8d, 0xef, 0x60, 0x2d, 0x70,
    0xfa, 0x53, 0x00, 0x00, 0x02, 0x7a, 0xdf, 0xf9, 0xd6, 0x51, 0x00, 0x00, 0x16, 0xca, 0x14, 0x00,
    0x5a, 0xa1, 0x00, 0x00, 0x8a, 0xca, 0x52, 0xea, 0x2e, 0x00, 0x00, 0x00, 0xaa, 0xff, 0x45, 0x00,
    0x00, 0x00, 0x21, 0xe4, 0xcc, 0xa3, 0x01, 0x00, 0x07, 0xd9, 0x6a, 0x09, 0xc4, 0x7f, 0x00, 0x05,
    0x53, 0x00, 0x00, 0x10, 0x42, 0x00, 0x00, 0x00, 0x00, 0x00, 0x00, 0x00, 0x0b, 0x00, 0x00, 0x00,
    0x00, 0x00, 0x00, 0x00, 0x14, 0xee, 0x12, 0x00, 0x00, 0x01, 0x70, 0xe0, 0xf8, 0xff, 0xff, 0x00,
    0x00, 0x00, 0x84, 0xee, 0x59, 0x4a, 0xff, 0xff, 0x5e, 0x00, 0x10, 0xf8, 0x67, 0x00, 0x9b, 0x97,
    0x97, 0xd9, 0x00, 0x3d, 0xff, 0x27, 0x27, 0xf2, 0x19, 0x58, 0xff, 0x0b, 0x3c, 0xff, 0x2b, 0xad,
    0x86, 0x00, 0x54, 0xff, 0x0d, 0x10, 0xf9, 0xa2, 0xec, 0x0f, 0x00, 0x94, 0xd7, 0x00, 0x00, 0x8d,
    0xff, 0xd4, 0x2d, 0x70, 0xfa, 0x53, 0x00, 0x00, 0x4c, 0xff, 0xe8, 0xf9, 0xd6, 0x51, 0x00, 0x00,
    0x00, 0x3f, 0x4c, 0x00, 0x00, 0x00, 0x00, 0x00, 0x00, 0x00, 0x00, 0x22, 0x11, 0x00, 0x00, 0x00,
    0x00, 0x00, 0x00, 0x81, 0xb0, 0x00, 0x00, 0x00, 0x00, 0x00, 0x00, 0x05, 0xbb, 0x26, 0x00, 0x00,
    0x00, 0x00, 0x00, 0x00, 0x00, 0x00, 0x00, 0x00, 0x00, 0x2f, 0xe5, 0x0b, 0x00, 0x00, 0x2e, 0xe5,
    0x0a, 0x48, 0xff, 0x1c, 0x00, 0x00, 0x48, 0xff, 0x18, 0x48, 0xff, 0x1c, 0x00, 0x00, 0x48, 0xff,
    0x18, 0x48, 0xff, 0x1c, 0x00, 0x00, 0x48, 0xff, 0x18, 0x46, 0xff, 0x1d, 0x00, 0x00, 0x49, 0xff,
    0x16, 0x2d, 0xff, 0x39, 0x00, 0x00, 0x65, 0xfc, 0x05, 0x05, 0xd9, 0xc2, 0x37, 0x43, 0xdc, 0xb2,
    0x00, 0x00, 0x27, 0xb6, 0xef, 0xf0, 0xa8, 0x15, 0x00, 0x00, 0x00, 0x00, 0x00, 0x06, 0x2b, 0x00,
    0x00, 0x00, 0x00, 0x00, 0x00, 0x89, 0xa7, 0x00, 0x00, 0x00, 0x00, 0x00, 0x0a, 0xcb, 0x10, 0x00,
    0x00, 0x00, 0x00, 0x00, 0x00, 0x00, 0x00, 0x00, 0x00, 0x2f, 0xe5, 0x0b, 0x00, 0x00, 0x2e, 0xe5,
    0x0a, 0x48, 0xff, 0x1c, 0x00, 0x00, 0x48, 0xff, 0x18, 0x48, 0xff, 0x1c, 0x00, 0x00, 0x48, 0xff,
    0x18, 0x48, 0xff, 0x1c, 0x00, 0x00, 0x48, 0xff, 0x18, 0x46, 0xff, 0x1d, 0x00, 0x00, 0x49, 0xff,
    0x16, 0x2d, 0xff, 0x39, 0x00, 0x00, 0x65, 0xfc, 0x05, 0x05, 0xd9, 0xc2, 0x37, 0x43, 0xdc, 0xb2,
    0x00, 0x00, 0x27, 0xb6, 0xef, 0xf0, 0xa8, 0x15, 0x00, 0x00, 0x00, 0x00, 0x4c, 0x3a, 0x00, 0x00,
    0x00, 0x00, 0x00, 0x31, 0xe3, 0xe8, 0x1a, 0x00, 0x00, 0x00, 0x00, 0x9c, 0x3f, 0x60, 0x7d, 0x00,
    0x00, 0x00, 0x00, 0x00, 0x00, 0x00, 0x00, 0x00, 0x00, 0x2f, 0xe5, 0x0c, 0x00, 0x00, 0x2f, 0xe5,
    0x0a, 0x48, 0xff, 0x1c, 0x00, 0x00, 0x48, 0xff, 0x18, 0x48, 0xff, 0x1c, 0x00, 0x00, 0x48, 0xff,
    0x18, 0x48, 0xff, 0x1c, 0x00, 0x00, 0x48, 0xff, 0x18, 0x46, 0xff, 0x1e, 0x00, 0x00, 0x4a, 0xff,
    0x16, 0x2d, 0xff, 0x44, 0x00, 0x00, 0x71, 0xfc, 0x05, 0x05, 0xd9, 0xdc, 0x66, 0x72, 0xed, 0xb2,
    0x00, 0x00, 0x27, 0xb6, 0xef, 0xf0, 0xa8, 0x15, 0x00, 0x00, 0x00, 0x29, 0xdf, 0x2e, 0xdf, 0x04,
    0x00, 0x00, 0x00, 0x00, 0x15, 0x00, 0x15, 0x00, 0x00, 0x00, 0x00, 0x00, 0x00, 0x00, 0x00, 0x00,
    0x00, 0x2f, 0xe5, 0x0b, 0x00, 0x00, 0x00, 0xc5, 0x0b, 0x48, 0xff, 0x1c, 0x00, 0x00, 0x00, 0xe8,
    0x18, 0x48, 0xff, 0x1c, 0x00, 0x00, 0x00, 0xe8, 0x18, 0x48, 0xff, 0x1c, 0x00, 0x00, 0x00, 0xe8,
    0x18, 0x46, 0xff, 0x1d, 0x00, 0x00, 0x00, 0xe9, 0x16, 0x2d, 0xff, 0x3c, 0x00, 0x00, 0x0b, 0xf9,
    0x05, 0x05, 0xd9, 0xca, 0x3e, 0x34, 0xa9, 0xb2, 0x00, 0x00, 0x27, 0xb6, 0xef, 0xf0, 0xa8, 0x15,
    0x00, 0x00, 0x00, 0x00, 0x00, 0x31, 0x00, 0x00, 0x00, 0x00, 0x00, 0x37, 0xec, 0x0c, 0x00, 0x00,
    0x00, 0x00, 0xa4, 0x42, 0x00, 0x00, 0x00, 0x00, 0x00, 0x00, 0x00, 0x00, 0x00, 0x9f, 0x9f, 0x00,
    0x00, 0x02, 0xb6, 0x7c, 0x45, 0xfe, 0x5d, 0x00, 0x79, 0xf4, 0x26, 0x00, 0x8f, 0xf0, 0x51, 0xfa,
    0x66, 0x00, 0x00, 0x07, 0xd3, 0xff, 0xb2, 0x00, 0x00, 0x00, 0x00, 0x61, 0xff, 0x2f, 0x00, 0x00,
    0x00, 0x00, 0x48, 0xff, 0x1c, 0x00, 0x00, 0x00, 0x00, 0x48, 0xff, 0x1c, 0x00, 0x00, 0x00, 0x00,
    0x2f, 0xe7, 0x0c, 0x00, 0x00, 0x2d, 0xea, 0x11, 0x00, 0x00, 0x00, 0x00, 0x00, 0x48, 0xff, 0xf8,
    0xf8, 0xed, 0xba, 0x2a, 0x00, 0x48, 0xff, 0x3f, 0x28, 0x38, 0xc0, 0xd6, 0x00, 0x48, 0xff, 0x1c,
    0x00, 0x00, 0x53, 0xff, 0x0c, 0x48, 0xff, 0x1c, 0x00, 0x0a, 0xa2, 0xe6, 0x00, 0x48, 0xff, 0xf8,
    0xf8, 0xfe, 0xe7, 0x45, 0x00, 0x48, 0xff, 0x3f, 0x28, 0x1d, 0x02, 0x00, 0x00, 0x2e, 0xe4, 0x0a,
    0x00, 0x00, 0x00, 0x00, 0x00, 0x00, 0x3f, 0xce, 0xf5, 0xd1, 0x36, 0x00, 0x0d, 0xed, 0xaa, 0x31,
    0xae, 0xa5, 0x00, 0x3a, 0xff, 0x26, 0x0d, 0xd0, 0x5a, 0x00, 0x48, 0xff, 0x1c, 0x9f, 0x8f, 0x00,
    0x00, 0x48, 0xff, 0x1c, 0xa6, 0xd6, 0x5b, 0x03, 0x48, 0xff, 0x1c, 0x0a, 0x73, 0xe3, 0x85, 0x48,
    0xff, 0x2d, 0x80, 0x30, 0xa1, 0xa2, 0x30, 0xe8, 0x18, 0xaa, 0xf3, 0xd4, 0x2f, 0x00, 0x5f, 0x5e,
    0x00, 0x00, 0x00, 0x00, 0x00, 0x3f, 0xe2, 0x05, 0x00, 0x00, 0x00, 0x00, 0x00, 0x96, 0x3a, 0x00,
    0x00, 0x00, 0x00, 0x00, 0x00, 0x00, 0x00, 0x00, 0x00, 0x00, 0x38, 0xc9, 0xf7, 0xe3, 0x59, 0x00,
    0x00, 0x3c, 0x66, 0x2d, 0x91, 0xf2, 0x04, 0x00, 0x7a, 0xd3, 0xef, 0xff, 0xff, 0x15, 0x34, 0xff,
    0x7b, 0x30, 0x75, 0xff, 0x18, 0x2b, 0xff, 0x78, 0x36, 0xc4, 0xff, 0x18, 0x00, 0x71, 0xef, 0xe4,
    0x7d, 0xe5, 0x09, 0x00, 0x00, 0x00, 0x41, 0x7d, 0x00, 0x00, 0x00, 0x00, 0x00, 0xc5, 0x65, 0x00,
    0x00, 0x00, 0x00, 0x1c, 0xba, 0x01, 0x00, 0x00, 0x00, 0x00, 0x00, 0x00, 0x00, 0x00, 0x00, 0x00,
    0x38, 0xc9, 0xf7, 0xe3, 0x59, 0x00, 0x00, 0x3c, 0x66, 0x2d, 0x91, 0xf2, 0x04, 0x00, 0x7a, 0xd3,
    0xef, 0xff, 0xff, 0x15, 0x34, 0xff, 0x7b, 0x30, 0x75, 0xff, 0x18, 0x2b, 0xff, 0x78, 0x36, 0xc4,
    0xff, 0x18, 0x00, 0x71, 0xef, 0xe4, 0x7d, 0xe5, 0x09, 0x00, 0x00, 0x16, 0xc3, 0x37, 0x00, 0x00,
    0x00, 0x00, 0x8f, 0xae, 0xc0, 0x00, 0x00, 0x00, 0x00, 0xbd, 0x05, 0xa6, 0x1d, 0x00, 0x00, 0x00,
    0x00, 0x00, 0x00, 0x00, 0x00, 0x00, 0x38, 0xc9, 0xf7, 0xe3, 0x59, 0x00, 0x00, 0x3c, 0x66, 0x2d,
    0x91, 0xf2, 0x04, 0x00, 0x7a, 0xd3, 0xef, 0xff, 0xff, 0x15, 0x34, 0xff, 0x7b, 0x30, 0x75, 0xff,
    0x18, 0x2b, 0xff, 0x78, 0x36, 0xc4, 0xff, 0x18, 0x00, 0x71, 0xef, 0xe4, 0x7d, 0xe5, 0x09, 0x00,
    0x00, 0x00, 0x00, 0x00, 0x00, 0x00, 0x00, 0x82, 0xd4, 0x45, 0xa9, 0x17, 0x00, 0x00, 0xbe, 0x3e,
    0xcc, 0x9b, 0x00, 0x00, 0x00, 0x00, 0x00, 0x00, 0x00, 0x00, 0x00, 0x00, 0x38, 0xc9, 0xf7, 0xe3,
    0x59, 0x00, 0x00, 0x3c, 0x66, 0x2d, 0x91, 0xf2, 0x04, 0x00, 0x7a, 0xd3, 0xef, 0xff, 0xff, 0x15,
    0x34, 0xff, 0x7b, 0x30, 0x75, 0xff, 0x18, 0x2b, 0xff, 0x78, 0x36, 0xc4, 0xff, 0x18, 0x00, 0x71,
    0xef, 0xe4, 0x7d, 0xe5, 0x09, 0x00, 0x00, 0x10, 0x00, 0x10, 0x00, 0x00, 0x00, 0x2a, 0xe8, 0x30,
    0xe8, 0x05, 0x00, 0x00, 0x00, 0x00, 0x00, 0x00, 0x00, 0x00, 0x00, 0x38, 0xc9, 0xf7, 0xe3, 0x59,
    0x00, 0x00, 0x3c, 0x66, 0x2d, 0x91, 0xf2, 0x04, 0x00, 0x7b, 0xd5, 0xf0, 0xff, 0xff, 0x15, 0x34,
    0xff, 0x7e, 0x2f, 0x71, 0xff, 0x18, 0x2b, 0xff, 0x78, 0x36, 0xc4, 0xff, 0x18, 0x00, 0x71, 0xef,
    0xe4, 0x7d, 0xe5, 0x09, 0x00, 0x00, 0x00, 0x10, 0x00, 0x00, 0x00, 0x0a, 0xce, 0xff, 0xa9, 0x00,
    0x00, 0x36, 0xff, 0x9b, 0xfd, 0x08, 0x00, 0x06, 0xaf, 0xf0, 0x8a, 0x00, 0x00, 0x00, 0x00, 0x00,
    0x00, 0x00, 0x38, 0xc9, 0xf7, 0xe3, 0x5b, 0x00, 0x3c, 0x66, 0x2d, 0x91, 0xf4, 0x05, 0x01, 0x8b,
    0xdf, 0xff, 0xff, 0x19, 0x36, 0xff, 0x75, 0x7b, 0xff, 0x1c, 0x28, 0xff, 0x69, 0xa6, 0xff, 0x1c,
    0x00, 0x91, 0xf5, 0x94, 0xdd, 0x0c, 0x00, 0x37, 0xc7, 0xf7, 0xdf, 0x72, 0xd8, 0xea, 0x5b, 0x00,
    0x00, 0x3b, 0x67, 0x2d, 0x91, 0xff, 0x97, 0x3c, 0xdd, 0x0a, 0x00, 0x79, 0xd2, 0xef, 0xff, 0xff,
    0xff, 0xf8, 0xff, 0x2b, 0x34, 0xff, 0x7b, 0x30, 0x75, 0xff, 0x51, 0x28, 0x26, 0x02, 0x2a, 0xff,
    0x78, 0x36, 0xc5, 0xf1, 0xab, 0x2f, 0x4b, 0x70, 0x00, 0x6a, 0xeb, 0xf0, 0x88, 0x1e, 0xbc, 0xf6,
    0xdf, 0x64, 0x00, 0x39, 0xcc, 0xf5, 0xc5, 0x20, 0x0a, 0xe8, 0xaf, 0x31, 0x64, 0x1b, 0x36, 0xff,
    0x2d, 0x00, 0x00, 0x00, 0x3a, 0xff, 0x2e, 0x00, 0x00, 0x00, 0x08, 0xea, 0xb0, 0x2f, 0x60, 0x16,
    0x00, 0x39, 0xd4, 0xff, 0xc5, 0x1c, 0x00, 0x00, 0x1d, 0xdd, 0x41, 0x00, 0x00, 0x00, 0x72, 0xb7,
    0x6a, 0x00, 0x00, 0x56, 0x68, 0x00, 0x00, 0x00, 0x00, 0x34, 0xe9, 0x0a, 0x00, 0x00, 0x00, 0x00,
    0x88, 0x48, 0x00, 0x00, 0x00, 0x00, 0x00, 0x00, 0x00, 0x00, 0x00, 0x3a, 0xd4, 0xf2, 0xa5, 0x09,
    0x07, 0xe9, 0xaa, 0x34, 0xb0, 0x75, 0x3a, 0xff, 0xff, 0xf8, 0xff, 0xa9, 0x39, 0xff, 0x55, 0x28,
    0x28, 0x12, 0x06, 0xe3, 0xb1, 0x31, 0x46, 0x77, 0x00, 0x2c, 0xc2, 0xf7, 0xe2, 0x71, 0x00, 0x00,
    0x00, 0x36, 0x87, 0x00, 0x00, 0x00, 0x00, 0xb7, 0x71, 0x00, 0x00, 0x00, 0x0e, 0xc1, 0x03, 0x00,
    0x00, 0x00, 0x00, 0x00, 0x00, 0x00, 0x00, 0x3a, 0xd4, 0xf2, 0xa5, 0x09, 0x07, 0xe9, 0xaa, 0x34,
    0xb0, 0x75, 0x3a, 0xff, 0xff, 0xf8, 0xff, 0xa9, 0x39, 0xff, 0x55, 0x28, 0x28, 0x12, 0x06, 0xe3,
    0xb1, 0x31, 0x46, 0x77, 0x00, 0x2c, 0xc2, 0xf7, 0xe2, 0x71, 0x00, 0x00, 0x32, 0xc4, 0x1a, 0x00,
    0x00, 0x00, 0xbb, 0xaf, 0x94, 0x00, 0x00, 0x19, 0xa9, 0x04, 0xbd, 0x00, 0x00, 0x00, 0x00, 0x00,
    0x00, 0x00, 0x00, 0x3a, 0xd4, 0xf2, 0xa5, 0x09, 0x07, 0xe9, 0xaa, 0x34, 0xb0, 0x75, 0x3a, 0xff,
    0xff, 0xf8, 0xff, 0xa9, 0x39, 0xff, 0x55, 0x28, 0x28, 0x12, 0x06, 0xe3, 0xb1, 0x31, 0x46, 0x77,
    0x00, 0x2c, 0xc2, 0xf7, 0xe2, 0x71, 0x00, 0x00, 0x10, 0x00, 0x10, 0x00, 0x00, 0x2a, 0xea, 0x30,
    0xe9, 0x05, 0x00, 0x00, 0x00, 0x00, 0x00, 0x00, 0x00, 0x3a, 0xd4, 0xf2, 0xa5, 0x09, 0x07, 0xe9,
    0xaa, 0x34, 0xaa, 0x75, 0x3a, 0xff, 0xff, 0xf8, 0xff, 0xa9, 0x39, 0xff, 0x55, 0x28, 0x28, 0x12,
    0x06, 0xe3, 0xb1, 0x31, 0x46, 0x77, 0x00, 0x2c, 0xc2, 0xf7, 0xe2, 0x71, 0x20, 0x9c, 0x00, 0x00,
    0x0a, 0xdf, 0x3c, 0x00, 0x00, 0x48, 0x88, 0x00, 0x00, 0x00, 0x00, 0x00, 0x00, 0x2b, 0xe1, 0x0a,
    0x00, 0x48, 0xff, 0x1c, 0x00, 0x48, 0xff, 0x1c, 0x00, 0x48, 0xff, 0x1c, 0x00, 0x48, 0xff, 0x1c,
    0x00, 0x2c, 0xe3, 0x0a, 0x00, 0x0b, 0xae, 0x04, 0x00, 0x72, 0xb8, 0x00, 0x00, 0xb4, 0x20, 0x00,
    0x00, 0x00, 0x00, 0x00, 0x2b, 0xe1, 0x0a, 0x00, 0x48, 0xff, 0x1c, 0x00, 0x48, 0xff, 0x1c, 0x00,
    0x48, 0xff, 0x1c, 0x00, 0x48, 0xff, 0x1c, 0x00, 0x2c, 0xe3, 0x0a, 0x00, 0x00, 0x32, 0xc0, 0x17,
    0x00, 0x00, 0xbe, 0xaf, 0x8f, 0x00, 0x1d, 0xa6, 0x05, 0xbd, 0x00, 0x00, 0x00, 0x00, 0x00, 0x00,
    0x00, 0x2b, 0xe1, 0x0a, 0x00, 0x00, 0x48, 0xff, 0x1c, 0x00, 0x00, 0x48, 0xff, 0x1c, 0x00, 0x00,
    0x48, 0xff, 0x1c, 0x00, 0x00, 0x48, 0xff, 0x1c, 0x00, 0x00, 0x2c, 0xe3, 0x0a, 0x00, 0x00, 0x10,
    0x00, 0x10, 0x00, 0x29, 0xea, 0x31, 0xe8, 0x05, 0x00, 0x00, 0x00, 0x00, 0x00, 0x00, 0x2b, 0xe0,
    0x08, 0x00, 0x00, 0x48, 0xff, 0x18, 0x00, 0x00, 0x48, 0xff, 0x18, 0x00, 0x00, 0x48, 0xff, 0x18,
    0x00, 0x00, 0x48, 0xff, 0x18, 0x00, 0x00, 0x2c, 0xe2, 0x08, 0x00, 0x00, 0x3a, 0xaa, 0x48, 0x7c,
    0x54, 0x00, 0x00, 0x0f, 0xd1, 0xff, 0xcd, 0x11, 0x00, 0x00, 0x69, 0x97, 0x42, 0xef, 0x40, 0x00,
    0x00, 0x41, 0xd6, 0xe3, 0xdf, 0xbb, 0x00, 0x08, 0xeb, 0xac, 0x39, 0xee, 0xf8, 0x02, 0x3b, 0xff,
    0x30, 0x00, 0x58, 0xff, 0x0f, 0x3a, 0xff, 0x2c, 0x00, 0x5c, 0xf3, 0x00, 0x07, 0xea, 0xa5, 0x37,
    0xc9, 0x9e, 0x00, 0x00, 0x3e, 0xd7, 0xf2, 0xac, 0x11, 0x00, 0x00, 0x00, 0x00, 0x00, 0x00, 0x00,
    0x00, 0x00, 0x5d, 0xdc, 0x5b, 0x87, 0x41, 0x00, 0x00, 0xb4, 0x35, 0xb8, 0xba, 0x06, 0x00, 0x00,
    0x00, 0x00, 0x00, 0x00, 0x00, 0x00, 0x2d, 0xe0, 0x73, 0xea, 0xef, 0x6b, 0x00, 0x48, 0xff, 0xaa,
    0x2f, 0x9d, 0xf5, 0x05, 0x48, 0xff, 0x24, 0x00, 0x4a, 0xff, 0x16, 0x48, 0xff, 0x1c, 0x00, 0x48,
    0xff, 0x18, 0x48, 0xff, 0x1c, 0x00, 0x48, 0xff, 0x18, 0x2e, 0xe6, 0x0b, 0x00, 0x2e, 0xe5, 0x09,
    0x00, 0x4c, 0x71, 0x00, 0x00, 0x00, 0x00, 0x00, 0x2b, 0xed, 0x10, 0x00, 0x00, 0x00, 0x00, 0x00,
    0x7f, 0x52, 0x00, 0x00, 0x00, 0x00, 0x00, 0x00, 0x00, 0x00, 0x00, 0x00, 0x00, 0x3c, 0xcf, 0xf6,
    0xc2, 0x22, 0x00, 0x0a, 0xe8, 0xa6, 0x34, 0xc4, 0xc3, 0x00, 0x36, 0xff, 0x2e, 0x00, 0x57, 0xff,
    0x0b, 0x3a, 0xff, 0x2c, 0x00, 0x5e, 0xfd, 0x07, 0x08, 0xec, 0xa4, 0x35, 0xc7, 0xbf, 0x00, 0x00,
    0x40, 0xd6, 0xf5, 0xbd, 0x21, 0x00, 0x00, 0x00, 0x00, 0x2e, 0x90, 0x00, 0x00, 0x00, 0x00, 0x00,
    0xab, 0x7d, 0x00, 0x00, 0x00, 0x00, 0x07, 0xc6, 0x06, 0x00, 0x00, 0x00, 0x00, 0x00, 0x00, 0x00,
    0x00, 0x00, 0x00, 0x3c, 0xcf, 0xf6, 0xc2, 0x22, 0x00, 0x0a, 0xe8, 0xa6, 0x34, 0xc4, 0xc3, 0x00,
    0x36, 0xff, 0x2e, 0x00, 0x57, 0xff, 0x0b, 0x3a, 0xff, 0x2c, 0x00, 0x5e, 0xfd, 0x07, 0x08, 0xec,
    0xa4, 0x35, 0xc7, 0xbf, 0x00, 0x00, 0x40, 0xd6, 0xf5, 0xbd, 0x21, 0x00, 0x00, 0x00, 0x37, 0xc3,
    0x18, 0x00, 0x00, 0x00, 0x00, 0xc1, 0xaf, 0x90, 0x00, 0x00, 0x00, 0x1f, 0xa5, 0x05, 0xbc, 0x00,
    0x00, 0x00, 0x00, 0x00, 0x00, 0x00, 0x00, 0x00, 0x00, 0x3c, 0xcf, 0xf6, 0xc2, 0x22, 0x00, 0x0a,
    0xe8, 0xa6, 0x34, 0xc4, 0xc3, 0x00, 0x36, 0xff, 0x2e, 0x00, 0x57, 0xff, 0x0b, 0x3a, 0xff, 0x2c,
    0x00, 0x5e, 0xfd, 0x07, 0x08, 0xec, 0xa4, 0x35, 0xc7, 0xbf, 0x00, 0x00, 0x40, 0xd6, 0xf5, 0xbd,
    0x21, 0x00, 0x00, 0x00, 0x00, 0x00, 0x00, 0x00, 0x00, 0x00, 0x6c, 0xd9, 0x51, 0x95, 0x30, 0x00,
    0x00, 0xb9, 0x37, 0xc2, 0xae, 0x02, 0x00, 0x00, 0x00, 0x00, 0x00, 0x00, 0x00, 0x00, 0x00, 0x3c,
    0xcf, 0xf6, 0xc2, 0x22, 0x00, 0x0a, 0xe8, 0xa6, 0x34, 0xc4, 0xc3, 0x00, 0x36, 0xff, 0x2e, 0x00,
    0x57, 0xff, 0x0b, 0x3a, 0xff, 0x2c, 0x00, 0x5e, 0xfd, 0x07, 0x08, 0xec, 0xa4, 0x35, 0xc7, 0xbf,
    0x00, 0x00, 0x40, 0xd6, 0xf5, 0xbd, 0x21, 0x00, 0x00, 0x00, 0x10, 0x00, 0x10, 0x00, 0x00, 0x00,
    0x2a, 0xea, 0x30, 0xe9, 0x05, 0x00, 0x00, 0x00, 0x00, 0x00, 0x00, 0x00, 0x00, 0x00, 0x3c, 0xcf,
    0xf6, 0xc2, 0x22, 0x00, 0x0a, 0xe8, 0xa6, 0x34, 0xc4, 0xc3, 0x00, 0x36, 0xff, 0x2e, 0x00, 0x57,
    0xff, 0x0b, 0x3a, 0xff, 0x2c, 0x00, 0x5e, 0xfd, 0x07, 0x08, 0xec, 0xa4, 0x35, 0xc7, 0xbf, 0x00,
    0x00, 0x40, 0xd6, 0xf5, 0xbd, 0x21, 0x00, 0x00, 0x00, 0x40, 0xaf, 0x00, 0x00, 0x00, 0x00, 0x00,
    0x02, 0x11, 0x00, 0x00, 0x00, 0x00, 0x00, 0x00, 0x00, 0x00, 0x00, 0x00, 0x5b, 0xf7, 0xf8, 0xf8,
    0xf8, 0xeb, 0x04, 0x07, 0x27, 0x28, 0x28, 0x28, 0x1f, 0x00, 0x00, 0x00, 0x41, 0xb1, 0x00, 0x00,
    0x00, 0x00, 0x00, 0x02, 0x11, 0x00, 0x00, 0x00, 0x00, 0x00, 0x00, 0x00, 0x44, 0x17, 0x00, 0x00,
    0x3c, 0xcf, 0xff, 0xff, 0x3a, 0x00, 0x0a, 0xe8, 0xa6, 0xb5, 0xff, 0xc3, 0x00, 0x36, 0xff, 0x44,
    0xe0, 0x66, 0xff, 0x0b, 0x3a, 0xff, 0xbe, 0x71, 0x5e, 0xfd, 0x07, 0x08, 0xff, 0xff, 0x3c, 0xc7,
    0xbf, 0x00, 0x00, 0xe4, 0xff, 0xf5, 0xbd, 0x21, 0x00, 0x00, 0x75, 0x02, 0x00, 0x00, 0x00, 0x00,
    0x00, 0x49, 0x73, 0x00, 0x00, 0x00, 0x00, 0x00, 0x28, 0xed, 0x11, 0x00, 0x00, 0x00, 0x00, 0x00,
    0x7c, 0x56, 0x00, 0x00, 0x00, 0x00, 0x00, 0x00, 0x00, 0x00, 0x00, 0x00, 0x2e, 0xe5, 0x0b, 0x00,
    0x2e, 0xe4, 0x09, 0x48, 0xff, 0x1c, 0x00, 0x48, 0xff, 0x18, 0x48, 0xff, 0x1c, 0x00, 0x48, 0xff,
    0x18, 0x46, 0xff, 0x1d, 0x00, 0x51, 0xff, 0x18, 0x29, 0xff, 0x77, 0x33, 0xd1, 0xff, 0x18, 0x00,
    0x8d, 0xf4, 0xe6, 0x7b, 0xe5, 0x09, 0x00, 0x00, 0x00, 0x2b, 0x92, 0x00, 0x00, 0x00, 0x00, 0x00,
    0xa9, 0x81, 0x00, 0x00, 0x00, 0x00, 0x07, 0xc9, 0x07, 0x00, 0x00, 0x00, 0x00, 0x00, 0x00, 0x00,
    0x00, 0x00, 0x2e, 0xe5, 0x0b, 0x00, 0x2e, 0xe4, 0x09, 0x48, 0xff, 0x1c, 0x00, 0x48, 0xff, 0x18,
    0x48, 0xff, 0x1c, 0x00, 0x48, 0xff, 0x18, 0x46, 0xff, 0x1d, 0x00, 0x51, 0xff, 0x18, 0x29, 0xff,
    0x77, 0x33, 0xd1, 0xff, 0x18, 0x00, 0x8d, 0xf4, 0xe6, 0x7b, 0xe5, 0x09, 0x00, 0x00, 0x30, 0xc1,
    0x19, 0x00, 0x00, 0x00, 0x00, 0xba, 0xaf, 0x93, 0x00, 0x00, 0x00, 0x19, 0xaa, 0x04, 0xbe, 0x01,
    0x00, 0x00, 0x00, 0x00, 0x00, 0x00, 0x00, 0x00, 0x2e, 0xe5, 0x0b, 0x00, 0x2e, 0xe4, 0x09, 0x48,
    0xff, 0x1c, 0x00, 0x48, 0xff, 0x18, 0x48, 0xff, 0x1c, 0x00, 0x48, 0xff, 0x18, 0x46, 0xff, 0x1e,
    0x00, 0x52, 0xff, 0x18, 0x29, 0xff, 0x7f, 0x3f, 0xd8, 0xff, 0x18, 0x00, 0x8d, 0xf4, 0xe5, 0x76,
    0xe5, 0x09, 0x00, 0x00, 0x11, 0x00, 0x11, 0x00, 0x00, 0x00, 0x2b, 0xe8, 0x30, 0xe8, 0x05, 0x00,
    0x00, 0x00, 0x00, 0x00, 0x00, 0x00, 0x00, 0x2e, 0xe5, 0x0b, 0x00, 0x2e, 0xe4, 0x09, 0x48, 0xff,
    0x1c, 0x00, 0x48, 0xff, 0x18, 0x48, 0xff, 0x1c, 0x00, 0x48, 0xff, 0x18, 0x46, 0xff, 0x1d, 0x00,
    0x51, 0xff, 0x18, 0x29, 0xff, 0x77, 0x33, 0xd1, 0xff, 0x18, 0x00, 0x8d, 0xf4, 0xe5, 0x7b, 0xe5,
    0x09, 0x00, 0x00, 0x00, 0x62, 0x5b, 0x00, 0x00, 0x00, 0x07, 0xe6, 0x3b, 0x00, 0x00, 0x00, 0x41,
    0x92, 0x00, 0x00, 0x00, 0x00, 0x00, 0x00, 0x00, 0x00, 0xa2, 0x83, 0x00, 0x00, 0xa0, 0x75, 0x78,
    0xec, 0x06, 0x17, 0xfb, 0x42, 0x16, 0xf9, 0x54, 0x76, 0xd7, 0x00, 0x00, 0xa7, 0xb5, 0xd7, 0x6f,
    0x00, 0x00, 0x3e, 0xff, 0xf8, 0x10, 0x00, 0x00, 0x00, 0xf1, 0x9c, 0x00, 0x00, 0x00, 0x30, 0xff,
    0x32, 0x00, 0x00, 0x00, 0x65, 0xb7, 0x00, 0x00, 0x00, 0x30, 0xe8, 0x0e, 0x00, 0x00, 0x00, 0x00,
    0x48, 0xff, 0x1c, 0x00, 0x00, 0x00, 0x00, 0x48, 0xff, 0xa3, 0xf4, 0xd7, 0x33, 0x00, 0x48, 0xff,
    0xaa, 0x34, 0xc4, 0xce, 0x00, 0x48, 0xff, 0x2e, 0x00, 0x57, 0xff, 0x0d, 0x48, 0xff, 0x2c, 0x00,
    0x5e, 0xff, 0x0c, 0x48, 0xff, 0xa7, 0x35, 0xc7, 0xcd, 0x00, 0x48, 0xff, 0x9f, 0xf4, 0xd9, 0x33,
    0x00, 0x48, 0xff, 0x1c, 0x00, 0x00, 0x00, 0x00, 0x30, 0xe8, 0x0d, 0x00, 0x00, 0x00, 0x00, 0x00,
    0x00, 0x10, 0x00, 0x10, 0x00, 0x00, 0x00, 0x29, 0xea, 0x31, 0xe9, 0x05, 0x00, 0x00, 0x00, 0x00,
    0x00, 0x00, 0x00, 0x00, 0x1e, 0xe9, 0x1c, 0x00, 0x27, 0xe8, 0x06, 0x05, 0xe7, 0x7b, 0x00, 0x8f,
    0xc6, 0x00, 0x00, 0x84, 0xd6, 0x06, 0xeb, 0x5c, 0x00, 0x00, 0x1e, 0xfc, 0x86, 0xeb, 0x07, 0x00,
    0x00, 0x00, 0xb2, 0xff, 0x89, 0x00, 0x00, 0x00, 0x00, 0x66, 0xfd, 0x22, 0x00, 0x00, 0x00, 0x00,
    0xa5, 0xb6, 0x00, 0x00, 0x00, 0x00, 0x00, 0xd3, 0x42, 0x00, 0x00, 0x00,
};

static const atlas_glyph_t NUNITO_BOLD_11_GLYPHS[198] = {
    [ 0] = { .data_offset =     0, .w =   0, .h =   0, .offset_x =   0, .offset_y =   0, .advance =   191 },   // 0x20 ' '
    [ 1] = { .data_offset =     0, .w =   3, .h =   8, .offset_x =   0, .offset_y =   4, .advance =   175 },   // 0x21 '!'
    [ 2] = { .data_offset =    24, .w =   5, .h =   8, .offset_x =   0, .offset_y =   4, .advance =   315 },   // 0x22 '"'
    [ 3] = { .data_offset =    64, .w =   7, .h =   8, .offset_x =   0, .offset_y =   4, .advance =   422 },   // 0x23 '#'
    [ 4] = { .data_offset =   120, .w =   7, .h =  12, .offset_x =   0, .offset_y =   2, .advance =   422 },   // 0x24 '$'
    [ 5] = { .data_offset =   204, .w =  11, .h =  10, .offset_x =   0, .offset_y =   3, .advance =   665 },   // 0x25 '%'
    [ 6] = { .data_offset =   314, .w =   9, .h =   8, .offset_x =   0, .offset_y =   4, .advance =   511 },   // 0x26 '&'
    [ 7] = { .data_offset =   386, .w =   3, .h =   8, .offset_x =   0, .offset_y =   4, .advance =   171 },   // 0x27 '''
    [ 8] = { .data_offset =   410, .w =   4, .h =  12, .offset_x =   0, .offset_y =   3, .advance =   252 },   // 0x28 '('
    [ 9] = { .data_offset =   458, .w =   4, .h =  12, .offset_x =   0, .offset_y =   3, .advance =   252 },   // 0x29 ')'
    [10] = { .data_offset =   506, .w =   5, .h =   9, .offset_x =   0, .offset_y =   3, .advance =   319 },   // 0x2A '*'
    [11] = { .data_offset =   551, .w =   7, .h =   6, .offset_x =   0, .offset_y =   6, .advance =   422 },   // 0x2B '+'
    [12] = { .data_offset =   593, .w =   3, .h =   4, .offset_x =   0, .offset_y =  10, .advance =   175 },   // 0x2C ','
    [13] = { .data_offset =   605, .w =   5, .h =   4, .offset_x =   0, .offset_y =   8, .advance =   306 },   // 0x2D '-'
    [14] = { .data_offset =   625, .w =   3, .h =   2, .offset_x =   0, .offset_y =  10, .advance =   175 },   // 0x2E '.'
    [15] = { .data_offset =   631, .w =   5, .h =  10, .offset_x =  -1, .offset_y =   3, .advance =   220 },   // 0x2F '/'
    [16] = { .data_offset =   681, .w =   7, .h =   8, .offset_x =   0, .offset_y =   4, .advance =   422 },   // 0x30 '0'
    [17] = { .data_offset =   737, .w =   7, .h =   8, .offset_x =   0, .offset_y =   4, .advance =   422 },   // 0x31 '1'
    [18] = { .data_offset =   793, .w =   7, .h =   8, .offset_x =   0, .offset_y =   4, .advance =   422 },   // 0x32 '2'
    [19] = { .data_offset =   849, .w =   7, .h =   8, .offset_x =   0, .offset_y =   4, .advance =   422 },   // 0x33 '3'
    [20] = { .data_offset =   905, .w =   7, .h =   8, .offset_x =   0, .offset_y =   4, .advance =   422 },   // 0x34 '4'
    [21] = { .data_offset =   961, .w =   7, .h =   8, .offset_x =   0, .offset_y =   4, .advance =   422 },   // 0x35 '5'
    [22] = { .data_offset =  1017, .w =   7, .h =   8, .offset_x =   0, .offset_y =   4, .advance =   422 },   // 0x36 '6'
    [23] = { .data_offset =  1073, .w =   7, .h =   8, .offset_x =   0, .offset_y =   4, .advance =   422 },   // 0x37 '7'
    [24] = { .data_offset =  1129, .w =   7, .h =   8, .offset_x =   0, .offset_y =   4, .advance =   422 },   // 0x38 '8'
    [25] = { .data_offset =  1185, .w =   7, .h =   8, .offset_x =   0, .offset_y =   4, .advance =   422 },   // 0x39 '9'
    [26] = { .data_offset =  1241, .w =   3, .h =   6, .offset_x =   0, .offset_y =   6, .advance =   175 },   // 0x3A ':'
    [27] = { .data_offset =  1259, .w =   3, .h =   8, .offset_x =   0, .offset_y =   6, .advance =   175 },   // 0x3B ';'
    [28] = { .data_offset =  1283, .w =   7, .h =   7, .offset_x =   0, .offset_y =   5, .advance =   422 },   // 0x3C '<'
    [29] = { .data_offset =  1332, .w =   7, .h =   5, .offset_x =   0, .offset_y =   7, .advance =   422 },   // 0x3D '='
    [30] = { .data_offset =  1367, .w =   7, .h =   7, .offset_x =   0, .offset_y =   5, .advance =   422 },   // 0x3E '>'
    [31] = { .data_offset =  1416, .w =   6, .h =   8, .offset_x =   0, .offset_y =   4, .advance =   323 },   // 0x3F '?'
    [32] = { .data_offset =  1464, .w =  11, .h =  10, .offset_x =   0, .offset_y =   4, .advance =   669 },   // 0x40 '@'
    [33] = { .data_offset =  1574, .w =   8, .h =   8, .offset_x =   0, .offset_y =   4, .advance =   524 },   // 0x41 'A'
    [34] = { .data_offset =  1638, .w =   8, .h =   8, .offset_x =   0, .offset_y =   4, .advance =   484 },   // 0x42 'B'
    [35] = { .data_offset =  1702, .w =   8, .h =   8, .offset_x =   0, .offset_y =   4, .advance =   479 },   // 0x43 'C'
    [36] = { .data_offset =  1766, .w =   9, .h =   8, .offset_x =   0, .offset_y =   4, .advance =   536 },   // 0x44 'D'
    [37] = { .data_offset =  1838, .w =   7, .h =   8, .offset_x =   0, .offset_y =   4, .advance =   420 },   // 0x45 'E'
    [38] = { .data_offset =  1894, .w =   6, .h =   8, .offset_x =   0, .offset_y =   4, .advance =   396 },   // 0x46 'F'
    [39] = { .data_offset =  1942, .w =   8, .h =   8, .offset_x =   0, .offset_y =   4, .advance =   518 },   // 0x47 'G'
    [40] = { .data_offset =  2006, .w =   9, .h =   8, .offset_x =   0, .offset_y =   4, .advance =   544 },   // 0x48 'H'
    [41] = { .data_offset =  2078, .w =   3, .h =   8, .offset_x =   0, .offset_y =   4, .advance =   199 },   // 0x49 'I'
    [42] = { .data_offset =  2102, .w =   5, .h =   8, .offset_x =  -1, .offset_y =   4, .advance =   249 },   // 0x4A 'J'
    [43] = { .data_offset =  2142, .w =   7, .h =   8, .offset_x =   0, .offset_y =   4, .advance =   468 },   // 0x4B 'K'
    [44] = { .data_offset =  2198, .w =   6, .h =   8, .offset_x =   0, .offset_y =   4, .advance =   396 },   // 0x4C 'L'
    [45] = { .data_offset =  2246, .w =  10, .h =   8, .offset_x =   0, .offset_y =   4, .advance =   611 },   // 0x4D 'M'
    [46] = { .data_offset =  2326, .w =   8, .h =   8, .offset_x =   0, .offset_y =   4, .advance =   527 },   // 0x4E 'N'
    [47] = { .data_offset =  2390, .w =   9, .h =   8, .offset_x =   0, .offset_y =   4, .advance =   553 },   // 0x4F 'O'
    [48] = { .data_offset =  2462, .w =   8, .h =   8, .offset_x =   0, .offset_y =   4, .advance =   459 },   // 0x50 'P'
    [49] = { .data_offset =  2526, .w =   9, .h =  11, .offset_x =   0, .offset_y =   4, .advance =   553 },   // 0x51 'Q'
    [50] = { .data_offset =  2625, .w =   8, .h =   8, .offset_x =   0, .offset_y =   4, .advance =   483 },   // 0x52 'R'
    [51] = { .data_offset =  2689, .w =   8, .h =   8, .offset_x =   0, .offset_y =   4, .advance =   444 },   // 0x53 'S'
    [52] = { .data_offset =  2753, .w =   8, .h =   8, .offset_x =  -1, .offset_y =   4, .advance =   437 },   // 0x54 'T'
    [53] = { .data_offset =  2817, .w =   8, .h =   8, .offset_x =   0, .offset_y =   4, .advance =   520 },   // 0x55 'U'
    [54] = { .data_offset =  2881, .w =   8, .h =   8, .offset_x =   0, .offset_y =   4, .advance =   502 },   // 0x56 'V'
    [55] = { .data_offset =  2945, .w =  12, .h =   8, .offset_x =   0, .offset_y =   4, .advance =   784 },   // 0x57 'W'
    [56] = { .data_offset =  3041, .w =   7, .h =   8, .offset_x =   0, .offset_y =   4, .advance =   473 },   // 0x58 'X'
    [57] = { .data_offset =  3097, .w =   7, .h =   8, .offset_x =   0, .offset_y =   4, .advance =   435 },   // 0x59 'Y'
    [58] = { .data_offset =  3153, .w =   7, .h =   8, .offset_x =   0, .offset_y =   4, .advance =   426 },   // 0x5A 'Z'
    [59] = { .data_offset =  3209, .w =   4, .h =  10, .offset_x =   0, .offset_y =   4, .advance =   249 },   // 0x5B '['
    [60] = { .data_offset =  3249, .w =   5, .h =  10, .offset_x =  -1, .offset_y =   3, .advance =   220 },   // 0x5C '\'
    [61] = { .data_offset =  3299, .w =   4, .h =  10, .offset_x =   0, .offset_y =   4, .advance =   249 },   // 0x5D ']'
    [62] = { .data_offset =  3339, .w =   7, .h =   8, .offset_x =   0, .offset_y =   4, .advance =   422 },   // 0x5E '^'
    [63] = { .data_offset =  3395, .w =   6, .h =   2, .offset_x =   0, .offset_y =  12, .advance =   352 },   // 0x5F '_'
    [64] = { .data_offset =  3407, .w =   4, .h =  10, .offset_x =   0, .offset_y =   2, .advance =   265 },   // 0x60 '`'
    [65] = { .data_offset =  3447, .w =   7, .h =   6, .offset_x =   0, .offset_y =   6, .advance =   385 },   // 0x61 'a'
    [66] = { .data_offset =  3489, .w =   7, .h =   8, .offset_x =   0, .offset_y =   4, .advance =   422 },   // 0x62 'b'
    [67] = { .data_offset =  3545, .w =   6, .h =   6, .offset_x =   0, .offset_y =   6, .advance =   332 },   // 0x63 'c'
    [68] = { .data_offset =  3581, .w =   7, .h =   8, .offset_x =   0, .offset_y =   4, .advance =   422 },   // 0x64 'd'
    [69] = { .data_offset =  3637, .w =   6, .h =   6, .offset_x =   0, .offset_y =   6, .advance =   382 },   // 0x65 'e'
    [70] = { .data_offset =  3673, .w =   5, .h =   9, .offset_x =  -1, .offset_y =   3, .advance =   256 },   // 0x66 'f'
    [71] = { .data_offset =  3718, .w =   7, .h =   8, .offset_x =   0, .offset_y =   6, .advance =   425 },   // 0x67 'g'
    [72] = { .data_offset =  3774, .w =   7, .h =   8, .offset_x =   0, .offset_y =   4, .advance =   412 },   // 0x68 'h'
    [73] = { .data_offset =  3830, .w =   3, .h =   9, .offset_x =   0, .offset_y =   3, .advance =   180 },   // 0x69 'i'
    [74] = { .data_offset =  3857, .w =   4, .h =  12, .offset_x =  -1, .offset_y =   3, .advance =   182 },   // 0x6A 'j'
    [75] = { .data_offset =  3905, .w =   6, .h =   8, .offset_x =   0, .offset_y =   4, .advance =   377 },   // 0x6B 'k'
    [76] = { .data_offset =  3953, .w =   4, .h =   8, .offset_x =   0, .offset_y =   4, .advance =   225 },   // 0x6C 'l'
    [77] = { .data_offset =  3985, .w =  10, .h =   6, .offset_x =   0, .offset_y =   6, .advance =   617 },   // 0x6D 'm'
    [78] = { .data_offset =  4045, .w =   7, .h =   6, .offset_x =   0, .offset_y =   6, .advance =   412 },   // 0x6E 'n'
    [79] = { .data_offset =  4087, .w =   7, .h =   6, .offset_x =   0, .offset_y =   6, .advance =   406 },   // 0x6F 'o'
    [80] = { .data_offset =  4129, .w =   7, .h =   8, .offset_x =   0, .offset_y =   6, .advance =   422 },   // 0x70 'p'
    [81] = { .data_offset =  4185, .w =   7, .h =   8, .offset_x =   0, .offset_y =   6, .advance =   422 },   // 0x71 'q'
    [82] = { .data_offset =  4241, .w =   5, .h =   7, .offset_x =   0, .offset_y =   5, .advance =   276 },   // 0x72 'r'
    [83] = { .data_offset =  4276, .w =   6, .h =   6, .offset_x =   0, .offset_y =   6, .advance =   344 },   // 0x73 's'
    [84] = { .data_offset =  4312, .w =   5, .h =   8, .offset_x =  -1, .offset_y =   4, .advance =   270 },   // 0x74 't'
    [85] = { .data_offset =  4352, .w =   7, .h =   6, .offset_x =   0, .offset_y =   6, .advance =   408 },   // 0x75 'u'
    [86] = { .data_offset =  4394, .w =   6, .h =   6, .offset_x =   0, .offset_y =   6, .advance =   371 },   // 0x76 'v'
    [87] = { .data_offset =  4430, .w =  10, .h =   6, .offset_x =   0, .offset_y =   6, .advance =   601 },   // 0x77 'w'
    [88] = { .data_offset =  4490, .w =   6, .h =   6, .offset_x =   0, .offset_y =   6, .advance =   384 },   // 0x78 'x'
    [89] = { .data_offset =  4526, .w =   6, .h =   8, .offset_x =   0, .offset_y =   6, .advance =   370 },   // 0x79 'y'
    [90] = { .data_offset =  4574, .w =   6, .h =   6, .offset_x =   0, .offset_y =   6, .advance =   334 },   // 0x7A 'z'
    [91] = { .data_offset =  4610, .w =   5, .h =  10, .offset_x =   0, .offset_y =   4, .advance =   275 },   // 0x7B '{'
    [92] = { .data_offset =  4660, .w =   3, .h =  10, .offset_x =   0, .offset_y =   4, .advance =   203 },   // 0x7C '|'
    [93] = { .data_offset =  4690, .w =   5, .h =  10, .offset_x =   0, .offset_y =   4, .advance =   275 },   // 0x7D '}'
    [94] = { .data_offset =  4740, .w =   7, .h =   5, .offset_x =   0, .offset_y =   7, .advance =   422 },   // 0x7E '~'
    [95] = { .data_offset =  4775, .w =   3, .h =   6, .offset_x =   0, .offset_y =   6, .advance =   202 },   // U+2039 '‹' (extra)
    [96] = { .data_offset =  4793, .w =   3, .h =   6, .offset_x =   0, .offset_y =   6, .advance =   202 },   // U+203A '›' (extra)
    [97] = { .data_offset =  4811, .w =   3, .h =   4, .offset_x =   0, .offset_y =   8, .advance =   175 },   // U+00B7 '·' (extra)
    [98] = { .data_offset =  4823, .w =   3, .h =   9, .offset_x =   0, .offset_y =   3, .advance =   175 },   // U+2018 '‘' (extra)
    [99] = { .data_offset =  4850, .w =   3, .h =   8, .offset_x =   0, .offset_y =   4, .advance =   175 },   // U+2019 '’' (extra)
    [100] = { .data_offset =  4874, .w =   5, .h =   9, .offset_x =   0, .offset_y =   3, .advance =   312 },   // U+201C '“' (extra)
    [101] = { .data_offset =  4919, .w =   5, .h =   8, .offset_x =   0, .offset_y =   4, .advance =   312 },   // U+201D '”' (extra)
    [102] = { .data_offset =  4959, .w =   7, .h =   4, .offset_x =  -1, .offset_y =   8, .advance =   352 },   // U+2013 '–' (extra)
    [103] = { .data_offset =  4987, .w =  13, .h =   4, .offset_x =  -1, .offset_y =   8, .advance =   704 },   // U+2014 '—' (extra)
    [104] = { .data_offset =  5039, .w =   9, .h =   2, .offset_x =   0, .offset_y =  10, .advance =   524 },   // U+2026 '…' (extra)
    [105] = { .data_offset =  5057, .w =   3, .h =   8, .offset_x =   0, .offset_y =   6, .advance =   175 },   // U+00A1 '¡' (extra)
    [106] = { .data_offset =  5081, .w =   7, .h =  10, .offset_x =   0, .offset_y =   4, .advance =   422 },   // U+00A2 '¢' (extra)
    [107] = { .data_offset =  5151, .w =   7, .h =   8, .offset_x =   0, .offset_y =   4, .advance =   422 },   // U+00A3 '£' (extra)
    [108] = { .data_offset =  5207, .w =   7, .h =   6, .offset_x =   0, .offset_y =   6, .advance =   422 },   // U+00A4 '¤' (extra)
    [109] = { .data_offset =  5249, .w =   7, .h =   8, .offset_x =   0, .offset_y =   4, .advance =   422 },   // U+00A5 '¥' (extra)
    [110] = { .data_offset =  5305, .w =   3, .h =  10, .offset_x =   0, .offset_y =   4, .advance =   203 },   // U+00A6 '¦' (extra)
    [111] = { .data_offset =  5335, .w =   7, .h =  10, .offset_x =   0, .offset_y =   4, .advance =   401 },   // U+00A7 '§' (extra)
    [112] = { .data_offset =  5405, .w =   6, .h =   8, .offset_x =   0, .offset_y =   4, .advance =   360 },   // U+00A8 '¨' (extra)
    [113] = { .data_offset =  5453, .w =  10, .h =  10, .offset_x =   0, .offset_y =   3, .advance =   574 },   // U+00A9 '©' (extra)
    [114] = { .data_offset =  5553, .w =   4, .h =   8, .offset_x =   0, .offset_y =   4, .advance =   239 },   // U+00AA 'ª' (extra)
    [115] = { .data_offset =  5585, .w =   5, .h =   6, .offset_x =   0, .offset_y =   6, .advance =   348 },   // U+00AB '«' (extra)
    [116] = { .data_offset =  5615, .w =   7, .h =   5, .offset_x =   0, .offset_y =   7, .advance =   422 },   // U+00AC '¬' (extra)
    [117] = { .data_offset =  5650, .w =  10, .h =  10, .offset_x =   0, .offset_y =   3, .advance =   574 },   // U+00AE '®' (extra)
    [118] = { .data_offset =  5750, .w =   6, .h =   8, .offset_x =   0, .offset_y =   4, .advance =   370 },   // U+00AF '¯' (extra)
    [119] = { .data_offset =  5798, .w =   5, .h =   9, .offset_x =   0, .offset_y =   3, .advance =   267 },   // U+00B0 '°' (extra)
    [120] = { .data_offset =  5843, .w =   7, .h =   7, .offset_x =   0, .offset_y =   5, .advance =   422 },   // U+00B1 '±' (extra)
    [121] = { .data_offset =  5892, .w =   5, .h =   8, .offset_x =   0, .offset_y =   4, .advance =   268 },   // U+00B2 '²' (extra)
    [122] = { .data_offset =  5932, .w =   4, .h =   8, .offset_x =   0, .offset_y =   4, .advance =   268 },   // U+00B3 '³' (extra)
    [123] = { .data_offset =  5964, .w =   4, .h =  10, .offset_x =   0, .offset_y =   2, .advance =   265 },   // U+00B4 '´' (extra)
    [124] = { .data_offset =  6004, .w =   7, .h =   8, .offset_x =   0, .offset_y =   6, .advance =   422 },   // U+00B5 'µ' (extra)
    [125] = { .data_offset =  6060, .w =   7, .h =  10, .offset_x =   0, .offset_y =   4, .advance =   439 },   // U+00B6 '¶' (extra)
    [126] = { .data_offset =  6130, .w =   5, .h =   3, .offset_x =   0, .offset_y =  11, .advance =   296 },   // U+00B8 '¸' (extra)
    [127] = { .data_offset =  6145, .w =   4, .h =   8, .offset_x =   0, .offset_y =   4, .advance =   268 },   // U+00B9 '¹' (extra)
    [128] = { .data_offset =  6177, .w =   4, .h =   8, .offset_x =   0, .offset_y =   4, .advance =   249 },   // U+00BA 'º' (extra)
    [129] = { .data_offset =  6209, .w =   5, .h =   6, .offset_x =   0, .offset_y =   6, .advance =   348 },   // U+00BB '»' (extra)
    [130] = { .data_offset =  6239, .w =  10, .h =  10, .offset_x =   0, .offset_y =   3, .advance =   642 },   // U+00BC '¼' (extra)
    [131] = { .data_offset =  6339, .w =  11, .h =  10, .offset_x =   0, .offset_y =   3, .advance =   676 },   // U+00BD '½' (extra)
    [132] = { .data_offset =  6449, .w =  11, .h =  10, .offset_x =  -1, .offset_y =   3, .advance =   642 },   // U+00BE '¾' (extra)
    [133] = { .data_offset =  6559, .w =   6, .h =   9, .offset_x =   0, .offset_y =   5, .advance =   323 },   // U+00BF '¿' (extra)
    [134] = { .data_offset =  6613, .w =   8, .h =  12, .offset_x =   0, .offset_y =   0, .advance =   524 },   // U+00C0 'À' (extra)
    [135] = { .data_offset =  6709, .w =   8, .h =  12, .offset_x =   0, .offset_y =   0, .advance =   524 },   // U+00C1 'Á' (extra)
    [136] = { .data_offset =  6805, .w =   8, .h =  12, .offset_x =   0, .offset_y =   0, .advance =   524 },   // U+00C2 'Â' (extra)
    [137] = { .data_offset =  6901, .w =   8, .h =  12, .offset_x =   0, .offset_y =   0, .advance =   524 },   // U+00C3 'Ã' (extra)
    [138] = { .data_offset =  6997, .w =   9, .h =  11, .offset_x =   0, .offset_y =   1, .advance =   524 },   // U+00C4 'Ä' (extra)
    [139] = { .data_offset =  7096, .w =   9, .h =  13, .offset_x =   0, .offset_y =  -1, .advance =   524 },   // U+00C5 'Å' (extra)
    [140] = { .data_offset =  7213, .w =  12, .h =   8, .offset_x =  -1, .offset_y =   4, .advance =   699 },   // U+00C6 'Æ' (extra)
    [141] = { .data_offset =  7309, .w =   8, .h =  10, .offset_x =   0, .offset_y =   4, .advance =   479 },   // U+00C7 'Ç' (extra)
    [142] = { .data_offset =  7389, .w =   7, .h =  12, .offset_x =   0, .offset_y =   0, .advance =   420 },   // U+00C8 'È' (extra)
    [143] = { .data_offset =  7473, .w =   7, .h =  12, .offset_x =   0, .offset_y =   0, .advance =   420 },   // U+00C9 'É' (extra)
    [144] = { .data_offset =  7557, .w =   7, .h =  12, .offset_x =   0, .offset_y =   0, .advance =   420 },   // U+00CA 'Ê' (extra)
    [145] = { .data_offset =  7641, .w =   7, .h =  11, .offset_x =   0, .offset_y =   1, .advance =   420 },   // U+00CB 'Ë' (extra)
    [146] = { .data_offset =  7718, .w =   4, .h =  12, .offset_x =  -1, .offset_y =   0, .advance =   199 },   // U+00CC 'Ì' (extra)
    [147] = { .data_offset =  7766, .w =   4, .h =  12, .offset_x =   0, .offset_y =   0, .advance =   199 },   // U+00CD 'Í' (extra)
    [148] = { .data_offset =  7814, .w =   5, .h =  12, .offset_x =  -1, .offset_y =   0, .advance =   199 },   // U+00CE 'Î' (extra)
    [149] = { .data_offset =  7874, .w =   5, .h =  11, .offset_x =  -1, .offset_y =   1, .advance =   199 },   // U+00CF 'Ï' (extra)
    [150] = { .data_offset =  7929, .w =  10, .h =   8, .offset_x =  -1, .offset_y =   4, .advance =   536 },   // U+00D0 'Ð' (extra)
    [151] = { .data_offset =  8009, .w =   8, .h =  12, .offset_x =   0, .offset_y =   0, .advance =   527 },   // U+00D1 'Ñ' (extra)
    [152] = { .data_offset =  8105, .w =   9, .h =  12, .offset_x =   0, .offset_y =   0, .advance =   553 },   // U+00D2 'Ò' (extra)
    [153] = { .data_offset =  8213, .w =   9, .h =  12, .offset_x =   0, .offset_y =   0, .advance =   553 },   // U+00D3 'Ó' (extra)
    [154] = { .data_offset =  8321, .w =   9, .h =  12, .offset_x =   0, .offset_y =   0, .advance =   553 },   // U+00D4 'Ô' (extra)
    [155] = { .data_offset =  8429, .w =   9, .h =  12, .offset_x =   0, .offset_y =   0, .advance =   553 },   // U+00D5 'Õ' (extra)
    [156] = { .data_offset =  8537, .w =   9, .h =  11, .offset_x =   0, .offset_y =   1, .advance =   553 },   // U+00D6 'Ö' (extra)
    [157] = { .data_offset =  8636, .w =   7, .h =   6, .offset_x =   0, .offset_y =   6, .advance =   422 },   // U+00D7 '×' (extra)
    [158] = { .data_offset =  8678, .w =   9, .h =  11, .offset_x =   0, .offset_y =   2, .advance =   553 },   // U+00D8 'Ø' (extra)
    [159] = { .data_offset =  8777, .w =   8, .h =  12, .offset_x =   0, .offset_y =   0, .advance =   520 },   // U+00D9 'Ù' (extra)
    [160] = { .data_offset =  8873, .w =   8, .h =  12, .offset_x =   0, .offset_y =   0, .advance =   520 },   // U+00DA 'Ú' (extra)
    [161] = { .data_offset =  8969, .w =   8, .h =  12, .offset_x =   0, .offset_y =   0, .advance =   520 },   // U+00DB 'Û' (extra)
    [162] = { .data_offset =  9065, .w =   8, .h =  11, .offset_x =   0, .offset_y =   1, .advance =   520 },   // U+00DC 'Ü' (extra)
    [163] = { .data_offset =  9153, .w =   7, .h =  12, .offset_x =   0, .offset_y =   0, .advance =   435 },   // U+00DD 'Ý' (extra)
    [164] = { .data_offset =  9237, .w =   8, .h =   8, .offset_x =   0, .offset_y =   4, .advance =   461 },   // U+00DE 'Þ' (extra)
    [165] = { .data_offset =  9301, .w =   7, .h =   8, .offset_x =   0, .offset_y =   4, .advance =   460 },   // U+00DF 'ß' (extra)
    [166] = { .data_offset =  9357, .w =   7, .h =  10, .offset_x =   0, .offset_y =   2, .advance =   385 },   // U+00E0 'à' (extra)
    [167] = { .data_offset =  9427, .w =   7, .h =  10, .offset_x =   0, .offset_y =   2, .advance =   385 },   // U+00E1 'á' (extra)
    [168] = { .data_offset =  9497, .w =   7, .h =  10, .offset_x =   0, .offset_y =   2, .advance =   385 },   // U+00E2 'â' (extra)
    [169] = { .data_offset =  9567, .w =   7, .h =  10, .offset_x =   0, .offset_y =   2, .advance =   385 },   // U+00E3 'ã' (extra)
    [170] = { .data_offset =  9637, .w =   7, .h =   9, .offset_x =   0, .offset_y =   3, .advance =   385 },   // U+00E4 'ä' (extra)
    [171] = { .data_offset =  9700, .w =   6, .h =  11, .offset_x =   0, .offset_y =   1, .advance =   385 },   // U+00E5 'å' (extra)
    [172] = { .data_offset =  9766, .w =  10, .h =   6, .offset_x =   0, .offset_y =   6, .advance =   609 },   // U+00E6 'æ' (extra)
    [173] = { .data_offset =  9826, .w =   6, .h =   8, .offset_x =   0, .offset_y =   6, .advance =   332 },   // U+00E7 'ç' (extra)
    [174] = { .data_offset =  9874, .w =   6, .h =  10, .offset_x =   0, .offset_y =   2, .advance =   382 },   // U+00E8 'è' (extra)
    [175] = { .data_offset =  9934, .w =   6, .h =  10, .offset_x =   0, .offset_y =   2, .advance =   382 },   // U+00E9 'é' (extra)
    [176] = { .data_offset =  9994, .w =   6, .h =  10, .offset_x =   0, .offset_y =   2, .advance =   382 },   // U+00EA 'ê' (extra)
    [177] = { .data_offset = 10054, .w =   6, .h =   9, .offset_x =   0, .offset_y =   3, .advance =   382 },   // U+00EB 'ë' (extra)
    [178] = { .data_offset = 10108, .w =   4, .h =  10, .offset_x =  -1, .offset_y =   2, .advance =   180 },   // U+00EC 'ì' (extra)
    [179] = { .data_offset = 10148, .w =   4, .h =  10, .offset_x =   0, .offset_y =   2, .advance =   180 },   // U+00ED 'í' (extra)
    [180] = { .data_offset = 10188, .w =   5, .h =  10, .offset_x =  -1, .offset_y =   2, .advance =   180 },   // U+00EE 'î' (extra)
    [181] = { .data_offset = 10238, .w =   5, .h =   9, .offset_x =  -1, .offset_y =   3, .advance =   180 },   // U+00EF 'ï' (extra)
    [182] = { .data_offset = 10283, .w =   7, .h =   9, .offset_x =   0, .offset_y =   3, .advance =   409 },   // U+00F0 'ð' (extra)
    [183] = { .data_offset = 10346, .w =   7, .h =  10, .offset_x =   0, .offset_y =   2, .advance =   412 },   // U+00F1 'ñ' (extra)
    [184] = { .data_offset = 10416, .w =   7, .h =  10, .offset_x =   0, .offset_y =   2, .advance =   406 },   // U+00F2 'ò' (extra)
    [185] = { .data_offset = 10486, .w =   7, .h =  10, .offset_x =   0, .offset_y =   2, .advance =   406 },   // U+00F3 'ó' (extra)
    [186] = { .data_offset = 10556, .w =   7, .h =  10, .offset_x =   0, .offset_y =   2, .advance =   406 },   // U+00F4 'ô' (extra)
    [187] = { .data_offset = 10626, .w =   7, .h =  10, .offset_x =   0, .offset_y =   2, .advance =   406 },   // U+00F5 'õ' (extra)
    [188] = { .data_offset = 10696, .w =   7, .h =   9, .offset_x =   0, .offset_y =   3, .advance =   406 },   // U+00F6 'ö' (extra)
    [189] = { .data_offset = 10759, .w =   7, .h =   7, .offset_x =   0, .offset_y =   5, .advance =   422 },   // U+00F7 '÷' (extra)
    [190] = { .data_offset = 10808, .w =   7, .h =   8, .offset_x =   0, .offset_y =   5, .advance =   406 },   // U+00F8 'ø' (extra)
    [191] = { .data_offset = 10864, .w =   7, .h =  10, .offset_x =   0, .offset_y =   2, .advance =   408 },   // U+00F9 'ù' (extra)
    [192] = { .data_offset = 10934, .w =   7, .h =  10, .offset_x =   0, .offset_y =   2, .advance =   408 },   // U+00FA 'ú' (extra)
    [193] = { .data_offset = 11004, .w =   7, .h =  10, .offset_x =   0, .offset_y =   2, .advance =   408 },   // U+00FB 'û' (extra)
    [194] = { .data_offset = 11074, .w =   7, .h =   9, .offset_x =   0, .offset_y =   3, .advance =   408 },   // U+00FC 'ü' (extra)
    [195] = { .data_offset = 11137, .w =   6, .h =  12, .offset_x =   0, .offset_y =   2, .advance =   370 },   // U+00FD 'ý' (extra)
    [196] = { .data_offset = 11209, .w =   7, .h =  10, .offset_x =   0, .offset_y =   4, .advance =   422 },   // U+00FE 'þ' (extra)
    [197] = { .data_offset = 11279, .w =   7, .h =  11, .offset_x =  -1, .offset_y =   3, .advance =   370 },   // U+00FF 'ÿ' (extra)
};

/* 2323 kern pairs, adj in 1/32 px, sorted by
 * (left<<8)|right for binary search. */
static const atlas_kern_t NUNITO_BOLD_11_KERN[2323] = {
    {   1,  42,   10 },   // '!''J'  +0.31px
    {   6,  42,   10 },   // '&''J'  +0.31px
    {   6,  52,   -9 },   // '&''T'  -0.28px
    {   6,  54,  -12 },   // '&''V'  -0.38px
    {   6,  55,  -12 },   // '&''W'  -0.38px
    {   6,  57,  -10 },   // '&''Y'  -0.31px
    {   6, 163,  -10 },   // '&''Ý'  -0.31px
    {   8,   9,   14 },   // '('')'  +0.44px
    {   8,  15,   14 },   // '(''/'  +0.44px
    {   8,  31,   10 },   // '(''?'  +0.31px
    {   8,  52,   14 },   // '(''T'  +0.44px
    {   8,  54,   10 },   // '(''V'  +0.31px
    {   8,  55,   10 },   // '(''W'  +0.31px
    {   8,  57,   12 },   // '(''Y'  +0.38px
    {   8,  61,   14 },   // '('']'  +0.44px
    {   8,  74,   28 },   // '(''j'  +0.88px
    {   8,  93,   14 },   // '(''}'  +0.44px
    {   8, 163,   12 },   // '(''Ý'  +0.38px
    {  10,  12,  -18 },   // '*'','  -0.56px
    {  10,  13,  -23 },   // '*''-'  -0.72px
    {  10,  14,  -18 },   // '*''.'  -0.56px
    {  10,  15,  -38 },   // '*''/'  -1.19px
    {  10,  33,  -26 },   // '*''A'  -0.81px
    {  10,  42,  -20 },   // '*''J'  -0.62px
    {  10,  63,  -18 },   // '*''_'  -0.56px
    {  10,  66,    9 },   // '*''b'  +0.28px
    {  10,  67,   -8 },   // '*''c'  -0.25px
    {  10,  68,   -8 },   // '*''d'  -0.25px
    {  10,  69,   -8 },   // '*''e'  -0.25px
    {  10,  70,    9 },   // '*''f'  +0.28px
    {  10,  71,   -8 },   // '*''g'  -0.25px
    {  10,  72,    9 },   // '*''h'  +0.28px
    {  10,  73,    9 },   // '*''i'  +0.28px
    {  10,  75,    9 },   // '*''k'  +0.28px
    {  10,  76,    9 },   // '*''l'  +0.28px
    {  10,  79,   -8 },   // '*''o'  -0.25px
    {  10,  81,   -8 },   // '*''q'  -0.25px
    {  10,  84,    9 },   // '*''t'  +0.28px
    {  10,  91,  -23 },   // '*''{'  -0.72px
    {  10,  95,  -16 },   // '*''‹'  -0.50px
    {  10,  97,  -23 },   // '*''·'  -0.72px
    {  10, 102,  -23 },   // '*''–'  -0.72px
    {  10, 103,  -23 },   // '*''—'  -0.72px
    {  10, 104,  -18 },   // '*''…'  -0.56px
    {  10, 115,  -16 },   // '*''«'  -0.50px
    {  10, 133,  -18 },   // '*''¿'  -0.56px
    {  10, 134,  -26 },   // '*''À'  -0.81px
    {  10, 135,  -26 },   // '*''Á'  -0.81px
    {  10, 136,  -26 },   // '*''Â'  -0.81px
    {  10, 137,  -26 },   // '*''Ã'  -0.81px
    {  10, 138,  -26 },   // '*''Ä'  -0.81px
    {  10, 139,  -26 },   // '*''Å'  -0.81px
    {  10, 140,  -26 },   // '*''Æ'  -0.81px
    {  10, 165,    9 },   // '*''ß'  +0.28px
    {  10, 173,   -8 },   // '*''ç'  -0.25px
    {  10, 174,   -8 },   // '*''è'  -0.25px
    {  10, 175,   -8 },   // '*''é'  -0.25px
    {  10, 176,   -8 },   // '*''ê'  -0.25px
    {  10, 177,   -8 },   // '*''ë'  -0.25px
    {  10, 178,    9 },   // '*''ì'  +0.28px
    {  10, 179,    9 },   // '*''í'  +0.28px
    {  10, 180,    9 },   // '*''î'  +0.28px
    {  10, 181,    9 },   // '*''ï'  +0.28px
    {  10, 182,   -8 },   // '*''ð'  -0.25px
    {  10, 184,   -8 },   // '*''ò'  -0.25px
    {  10, 185,   -8 },   // '*''ó'  -0.25px
    {  10, 186,   -8 },   // '*''ô'  -0.25px
    {  10, 187,   -8 },   // '*''õ'  -0.25px
    {  10, 188,   -8 },   // '*''ö'  -0.25px
    {  10, 190,   -8 },   // '*''ø'  -0.25px
    {  10, 196,    9 },   // '*''þ'  +0.28px
    {  12,  10,  -20 },   // ',''*'  -0.62px
    {  12,  13,  -16 },   // ',''-'  -0.50px
    {  12,  15,   23 },   // ',''/'  +0.72px
    {  12,  31,  -26 },   // ',''?'  -0.81px
    {  12,  32,  -14 },   // ',''@'  -0.44px
    {  12,  35,  -14 },   // ',''C'  -0.44px
    {  12,  39,  -14 },   // ',''G'  -0.44px
    {  12,  42,   12 },   // ',''J'  +0.38px
    {  12,  47,  -14 },   // ',''O'  -0.44px
    {  12,  49,  -14 },   // ',''Q'  -0.44px
    {  12,  52,  -23 },   // ',''T'  -0.72px
    {  12,  54,  -20 },   // ',''V'  -0.62px
    {  12,  55,  -20 },   // ',''W'  -0.62px
    {  12,  57,  -24 },   // ',''Y'  -0.75px
    {  12,  84,  -10 },   // ',''t'  -0.31px
    {  12,  86,  -17 },   // ',''v'  -0.53px
    {  12,  87,  -17 },   // ',''w'  -0.53px
    {  12,  89,  -17 },   // ',''y'  -0.53px
    {  12,  91,  -16 },   // ',''{'  -0.50px
    {  12,  95,  -10 },   // ',''‹'  -0.31px
    {  12,  97,  -16 },   // ',''·'  -0.50px
    {  12,  98,  -20 },   // ',''‘'  -0.62px
    {  12,  99,  -20 },   // ',''’'  -0.62px
    {  12, 100,  -20 },   // ',''“'  -0.62px
    {  12, 101,  -20 },   // ',''”'  -0.62px
    {  12, 102,  -16 },   // ',''–'  -0.50px
    {  12, 103,  -16 },   // ',''—'  -0.50px
    {  12, 113,  -14 },   // ',''©'  -0.44px
    {  12, 114,  -20 },   // ',''ª'  -0.62px
    {  12, 115,  -10 },   // ',''«'  -0.31px
    {  12, 117,  -14 },   // ',''®'  -0.44px
    {  12, 119,  -23 },   // ',''°'  -0.72px
    {  12, 128,  -20 },   // ',''º'  -0.62px
    {  12, 141,  -14 },   // ',''Ç'  -0.44px
    {  12, 152,  -14 },   // ',''Ò'  -0.44px
    {  12, 153,  -14 },   // ',''Ó'  -0.44px
    {  12, 154,  -14 },   // ',''Ô'  -0.44px
    {  12, 155,  -14 },   // ',''Õ'  -0.44px
    {  12, 156,  -14 },   // ',''Ö'  -0.44px
    {  12, 158,  -14 },   // ',''Ø'  -0.44px
    {  12, 163,  -24 },   // ',''Ý'  -0.75px
    {  12, 195,  -17 },   // ',''ý'  -0.53px
    {  12, 197,  -17 },   // ',''ÿ'  -0.53px
    {  13,  10,  -23 },   // '-''*'  -0.72px
    {  13,  12,  -16 },   // '-'','  -0.50px
    {  13,  14,  -16 },   // '-''.'  -0.50px
    {  13,  31,  -14 },   // '-''?'  -0.44px
    {  13,  42,  -10 },   // '-''J'  -0.31px
    {  13,  52,  -17 },   // '-''T'  -0.53px
    {  13,  54,  -18 },   // '-''V'  -0.56px
    {  13,  55,  -18 },   // '-''W'  -0.56px
    {  13,  56,   -9 },   // '-''X'  -0.28px
    {  13,  57,  -18 },   // '-''Y'  -0.56px
    {  13,  63,  -16 },   // '-''_'  -0.50px
    {  13,  88,   -9 },   // '-''x'  -0.28px
    {  13,  96,   -8 },   // '-''›'  -0.25px
    {  13,  98,  -16 },   // '-''‘'  -0.50px
    {  13,  99,  -16 },   // '-''’'  -0.50px
    {  13, 100,  -16 },   // '-''“'  -0.50px
    {  13, 101,  -16 },   // '-''”'  -0.50px
    {  13, 104,  -16 },   // '-''…'  -0.50px
    {  13, 114,  -18 },   // '-''ª'  -0.56px
    {  13, 119,  -20 },   // '-''°'  -0.62px
    {  13, 128,  -18 },   // '-''º'  -0.56px
    {  13, 129,   -8 },   // '-''»'  -0.25px
    {  13, 133,  -18 },   // '-''¿'  -0.56px
    {  13, 163,  -18 },   // '-''Ý'  -0.56px
    {  14,  10,  -20 },   // '.''*'  -0.62px
    {  14,  13,  -16 },   // '.''-'  -0.50px
    {  14,  15,   23 },   // '.''/'  +0.72px
    {  14,  31,  -26 },   // '.''?'  -0.81px
    {  14,  32,  -14 },   // '.''@'  -0.44px
    {  14,  35,  -14 },   // '.''C'  -0.44px
    {  14,  39,  -14 },   // '.''G'  -0.44px
    {  14,  42,   12 },   // '.''J'  +0.38px
    {  14,  47,  -14 },   // '.''O'  -0.44px
    {  14,  49,  -14 },   // '.''Q'  -0.44px
    {  14,  52,  -23 },   // '.''T'  -0.72px
    {  14,  54,  -20 },   // '.''V'  -0.62px
    {  14,  55,  -20 },   // '.''W'  -0.62px
    {  14,  57,  -24 },   // '.''Y'  -0.75px
    {  14,  84,  -10 },   // '.''t'  -0.31px
    {  14,  86,  -17 },   // '.''v'  -0.53px
    {  14,  87,  -17 },   // '.''w'  -0.53px
    {  14,  89,  -17 },   // '.''y'  -0.53px
    {  14,  91,  -16 },   // '.''{'  -0.50px
    {  14,  95,  -10 },   // '.''‹'  -0.31px
    {  14,  97,  -16 },   // '.''·'  -0.50px
    {  14,  98,  -20 },   // '.''‘'  -0.62px
    {  14,  99,  -20 },   // '.''’'  -0.62px
    {  14, 100,  -20 },   // '.''“'  -0.62px
    {  14, 101,  -20 },   // '.''”'  -0.62px
    {  14, 102,  -16 },   // '.''–'  -0.50px
    {  14, 103,  -16 },   // '.''—'  -0.50px
    {  14, 113,  -14 },   // '.''©'  -0.44px
    {  14, 114,  -20 },   // '.''ª'  -0.62px
    {  14, 115,  -10 },   // '.''«'  -0.31px
    {  14, 117,  -14 },   // '.''®'  -0.44px
    {  14, 119,  -23 },   // '.''°'  -0.72px
    {  14, 128,  -20 },   // '.''º'  -0.62px
    {  14, 141,  -14 },   // '.''Ç'  -0.44px
    {  14, 152,  -14 },   // '.''Ò'  -0.44px
    {  14, 153,  -14 },   // '.''Ó'  -0.44px
    {  14, 154,  -14 },   // '.''Ô'  -0.44px
    {  14, 155,  -14 },   // '.''Õ'  -0.44px
    {  14, 156,  -14 },   // '.''Ö'  -0.44px
    {  14, 158,  -14 },   // '.''Ø'  -0.44px
    {  14, 163,  -24 },   // '.''Ý'  -0.75px
    {  14, 195,  -17 },   // '.''ý'  -0.53px
    {  14, 197,  -17 },   // '.''ÿ'  -0.53px
    {  15,   9,   14 },   // '/'')'  +0.44px
    {  15,  12,  -37 },   // '/'','  -1.16px
    {  15,  13,  -23 },   // '/''-'  -0.72px
    {  15,  14,  -37 },   // '/''.'  -1.16px
    {  15,  15,  -16 },   // '/''/'  -0.50px
    {  15,  31,   18 },   // '/''?'  +0.56px
    {  15,  42,  -14 },   // '/''J'  -0.44px
    {  15,  52,   14 },   // '/''T'  +0.44px
    {  15,  54,   14 },   // '/''V'  +0.44px
    {  15,  55,   14 },   // '/''W'  +0.44px
    {  15,  57,   12 },   // '/''Y'  +0.38px
    {  15,  61,   14 },   // '/'']'  +0.44px
    {  15,  63,  -37 },   // '/''_'  -1.16px
    {  15,  65,  -21 },   // '/''a'  -0.66px
    {  15,  67,  -21 },   // '/''c'  -0.66px
    {  15,  68,  -21 },   // '/''d'  -0.66px
    {  15,  69,  -21 },   // '/''e'  -0.66px
    {  15,  71,  -21 },   // '/''g'  -0.66px
    {  15,  77,  -21 },   // '/''m'  -0.66px
    {  15,  78,  -21 },   // '/''n'  -0.66px
    {  15,  79,  -21 },   // '/''o'  -0.66px
    {  15,  80,  -21 },   // '/''p'  -0.66px
    {  15,  81,  -21 },   // '/''q'  -0.66px
    {  15,  82,  -21 },   // '/''r'  -0.66px
    {  15,  83,  -21 },   // '/''s'  -0.66px
    {  15,  85,  -21 },   // '/''u'  -0.66px
    {  15,  86,  -10 },   // '/''v'  -0.31px
    {  15,  87,  -10 },   // '/''w'  -0.31px
    {  15,  88,  -18 },   // '/''x'  -0.56px
    {  15,  89,  -10 },   // '/''y'  -0.31px
    {  15,  90,  -21 },   // '/''z'  -0.66px
    {  15,  91,  -23 },   // '/''{'  -0.72px
    {  15,  93,   14 },   // '/''}'  +0.44px
    {  15,  95,  -23 },   // '/''‹'  -0.72px
    {  15,  96,  -18 },   // '/''›'  -0.56px
    {  15,  97,  -23 },   // '/''·'  -0.72px
    {  15, 102,  -23 },   // '/''–'  -0.72px
    {  15, 103,  -23 },   // '/''—'  -0.72px
    {  15, 104,  -37 },   // '/''…'  -1.16px
    {  15, 105,  -21 },   // '/''¡'  -0.66px
    {  15, 115,  -23 },   // '/''«'  -0.72px
    {  15, 124,  -21 },   // '/''µ'  -0.66px
    {  15, 129,  -18 },   // '/''»'  -0.56px
    {  15, 133,  -21 },   // '/''¿'  -0.66px
    {  15, 163,   12 },   // '/''Ý'  +0.38px
    {  15, 172,  -21 },   // '/''æ'  -0.66px
    {  15, 173,  -21 },   // '/''ç'  -0.66px
    {  15, 174,  -21 },   // '/''è'  -0.66px
    {  15, 175,  -21 },   // '/''é'  -0.66px
    {  15, 176,  -21 },   // '/''ê'  -0.66px
    {  15, 177,  -21 },   // '/''ë'  -0.66px
    {  15, 182,  -21 },   // '/''ð'  -0.66px
    {  15, 183,  -21 },   // '/''ñ'  -0.66px
    {  15, 184,  -21 },   // '/''ò'  -0.66px
    {  15, 185,  -21 },   // '/''ó'  -0.66px
    {  15, 186,  -21 },   // '/''ô'  -0.66px
    {  15, 187,  -21 },   // '/''õ'  -0.66px
    {  15, 188,  -21 },   // '/''ö'  -0.66px
    {  15, 190,  -21 },   // '/''ø'  -0.66px
    {  15, 191,  -21 },   // '/''ù'  -0.66px
    {  15, 192,  -21 },   // '/''ú'  -0.66px
    {  15, 193,  -21 },   // '/''û'  -0.66px
    {  15, 194,  -21 },   // '/''ü'  -0.66px
    {  15, 195,  -10 },   // '/''ý'  -0.31px
    {  15, 197,  -10 },   // '/''ÿ'  -0.31px
    {  26,  15,   20 },   // ':''/'  +0.62px
    {  26,  52,  -10 },   // ':''T'  -0.31px
    {  26,  54,  -10 },   // ':''V'  -0.31px
    {  26,  55,  -10 },   // ':''W'  -0.31px
    {  26,  57,  -14 },   // ':''Y'  -0.44px
    {  26, 163,  -14 },   // ':''Ý'  -0.44px
    {  27,  15,   20 },   // ';''/'  +0.62px
    {  27,  52,  -10 },   // ';''T'  -0.31px
    {  27,  54,  -10 },   // ';''V'  -0.31px
    {  27,  55,  -10 },   // ';''W'  -0.31px
    {  27,  57,  -14 },   // ';''Y'  -0.44px
    {  27, 163,  -14 },   // ';''Ý'  -0.44px
    {  31,  12,  -30 },   // '?'','  -0.94px
    {  31,  14,  -30 },   // '?''.'  -0.94px
    {  31,  63,  -30 },   // '?''_'  -0.94px
    {  31, 104,  -30 },   // '?''…'  -0.94px
    {  31, 114,    9 },   // '?''ª'  +0.28px
    {  31, 128,    9 },   // '?''º'  +0.28px
    {  32,  12,  -14 },   // '@'','  -0.44px
    {  32,  14,  -14 },   // '@''.'  -0.44px
    {  32,  42,  -12 },   // '@''J'  -0.38px
    {  32,  52,  -15 },   // '@''T'  -0.47px
    {  32,  56,  -10 },   // '@''X'  -0.31px
    {  32,  57,  -15 },   // '@''Y'  -0.47px
    {  32,  63,  -14 },   // '@''_'  -0.44px
    {  32, 104,  -14 },   // '@''…'  -0.44px
    {  32, 163,  -15 },   // '@''Ý'  -0.47px
    {  33,  10,  -26 },   // 'A''*'  -0.81px
    {  33,  15,   10 },   // 'A''/'  +0.31px
    {  33,  31,  -20 },   // 'A''?'  -0.62px
    {  33,  52,  -28 },   // 'A''T'  -0.88px
    {  33,  54,  -21 },   // 'A''V'  -0.66px
    {  33,  55,  -21 },   // 'A''W'  -0.66px
    {  33,  57,  -23 },   // 'A''Y'  -0.72px
    {  33,  86,  -10 },   // 'A''v'  -0.31px
    {  33,  87,  -10 },   // 'A''w'  -0.31px
    {  33,  88,   -8 },   // 'A''x'  -0.25px
    {  33,  89,  -10 },   // 'A''y'  -0.31px
    {  33,  98,  -20 },   // 'A''‘'  -0.62px
    {  33,  99,  -20 },   // 'A''’'  -0.62px
    {  33, 100,  -20 },   // 'A''“'  -0.62px
    {  33, 101,  -20 },   // 'A''”'  -0.62px
    {  33, 114,  -31 },   // 'A''ª'  -0.97px
    {  33, 119,  -30 },   // 'A''°'  -0.94px
    {  33, 128,  -31 },   // 'A''º'  -0.97px
    {  33, 163,  -23 },   // 'A''Ý'  -0.72px
    {  33, 195,  -10 },   // 'A''ý'  -0.31px
    {  33, 197,  -10 },   // 'A''ÿ'  -0.31px
    {  35,   6,   -8 },   // 'C''&'  -0.25px
    {  35,  13,  -12 },   // 'C''-'  -0.38px
    {  35,  32,   -8 },   // 'C''@'  -0.25px
    {  35,  35,   -8 },   // 'C''C'  -0.25px
    {  35,  39,   -8 },   // 'C''G'  -0.25px
    {  35,  47,   -8 },   // 'C''O'  -0.25px
    {  35,  49,   -8 },   // 'C''Q'  -0.25px
    {  35,  67,  -12 },   // 'C''c'  -0.38px
    {  35,  68,  -12 },   // 'C''d'  -0.38px
    {  35,  69,  -12 },   // 'C''e'  -0.38px
    {  35,  70,   -8 },   // 'C''f'  -0.25px
    {  35,  71,  -12 },   // 'C''g'  -0.38px
    {  35,  79,  -12 },   // 'C''o'  -0.38px
    {  35,  81,  -12 },   // 'C''q'  -0.38px
    {  35,  84,   -8 },   // 'C''t'  -0.25px
    {  35,  86,   -9 },   // 'C''v'  -0.28px
    {  35,  87,   -9 },   // 'C''w'  -0.28px
    {  35,  89,   -9 },   // 'C''y'  -0.28px
    {  35,  91,  -12 },   // 'C''{'  -0.38px
    {  35,  95,   -8 },   // 'C''‹'  -0.25px
    {  35,  97,  -12 },   // 'C''·'  -0.38px
    {  35, 102,  -12 },   // 'C''–'  -0.38px
    {  35, 103,  -12 },   // 'C''—'  -0.38px
    {  35, 113,   -8 },   // 'C''©'  -0.25px
    {  35, 115,   -8 },   // 'C''«'  -0.25px
    {  35, 117,   -8 },   // 'C''®'  -0.25px
    {  35, 141,   -8 },   // 'C''Ç'  -0.25px
    {  35, 152,   -8 },   // 'C''Ò'  -0.25px
    {  35, 153,   -8 },   // 'C''Ó'  -0.25px
    {  35, 154,   -8 },   // 'C''Ô'  -0.25px
    {  35, 155,   -8 },   // 'C''Õ'  -0.25px
    {  35, 156,   -8 },   // 'C''Ö'  -0.25px
    {  35, 158,   -8 },   // 'C''Ø'  -0.25px
    {  35, 173,  -12 },   // 'C''ç'  -0.38px
    {  35, 174,  -12 },   // 'C''è'  -0.38px
    {  35, 175,  -12 },   // 'C''é'  -0.38px
    {  35, 176,  -12 },   // 'C''ê'  -0.38px
    {  35, 177,  -12 },   // 'C''ë'  -0.38px
    {  35, 182,  -12 },   // 'C''ð'  -0.38px
    {  35, 184,  -12 },   // 'C''ò'  -0.38px
    {  35, 185,  -12 },   // 'C''ó'  -0.38px
    {  35, 186,  -12 },   // 'C''ô'  -0.38px
    {  35, 187,  -12 },   // 'C''õ'  -0.38px
    {  35, 188,  -12 },   // 'C''ö'  -0.38px
    {  35, 190,  -12 },   // 'C''ø'  -0.38px
    {  35, 195,   -9 },   // 'C''ý'  -0.28px
    {  35, 197,   -9 },   // 'C''ÿ'  -0.28px
    {  36,  12,  -14 },   // 'D'','  -0.44px
    {  36,  14,  -14 },   // 'D''.'  -0.44px
    {  36,  42,  -12 },   // 'D''J'  -0.38px
    {  36,  52,  -15 },   // 'D''T'  -0.47px
    {  36,  56,  -10 },   // 'D''X'  -0.31px
    {  36,  57,  -15 },   // 'D''Y'  -0.47px
    {  36,  63,  -14 },   // 'D''_'  -0.44px
    {  36, 104,  -14 },   // 'D''…'  -0.44px
    {  36, 163,  -15 },   // 'D''Ý'  -0.47px
    {  37,  15,   12 },   // 'E''/'  +0.38px
    {  38,  12,  -10 },   // 'F'','  -0.31px
    {  38,  14,  -10 },   // 'F''.'  -0.31px
    {  38,  15,   -9 },   // 'F''/'  -0.28px
    {  38,  33,  -20 },   // 'F''A'  -0.62px
    {  38,  42,  -18 },   // 'F''J'  -0.56px
    {  38,  63,  -10 },   // 'F''_'  -0.31px
    {  38,  66,   14 },   // 'F''b'  +0.44px
    {  38,  72,   14 },   // 'F''h'  +0.44px
    {  38,  73,   14 },   // 'F''i'  +0.44px
    {  38,  75,   14 },   // 'F''k'  +0.44px
    {  38,  76,   14 },   // 'F''l'  +0.44px
    {  38,  90,  -12 },   // 'F''z'  -0.38px
    {  38,  95,  -10 },   // 'F''‹'  -0.31px
    {  38, 104,  -10 },   // 'F''…'  -0.31px
    {  38, 115,  -10 },   // 'F''«'  -0.31px
    {  38, 134,  -20 },   // 'F''À'  -0.62px
    {  38, 135,  -20 },   // 'F''Á'  -0.62px
    {  38, 136,  -20 },   // 'F''Â'  -0.62px
    {  38, 137,  -20 },   // 'F''Ã'  -0.62px
    {  38, 138,  -20 },   // 'F''Ä'  -0.62px
    {  38, 139,  -20 },   // 'F''Å'  -0.62px
    {  38, 140,  -20 },   // 'F''Æ'  -0.62px
    {  38, 165,   14 },   // 'F''ß'  +0.44px
    {  38, 178,   14 },   // 'F''ì'  +0.44px
    {  38, 179,   14 },   // 'F''í'  +0.44px
    {  38, 180,   14 },   // 'F''î'  +0.44px
    {  38, 181,   14 },   // 'F''ï'  +0.44px
    {  38, 196,   14 },   // 'F''þ'  +0.44px
    {  43,   1,    9 },   // 'K''!'  +0.28px
    {  43,  13,  -12 },   // 'K''-'  -0.38px
    {  43,  15,   12 },   // 'K''/'  +0.38px
    {  43,  32,  -10 },   // 'K''@'  -0.31px
    {  43,  33,   -9 },   // 'K''A'  -0.28px
    {  43,  35,  -10 },   // 'K''C'  -0.31px
    {  43,  39,  -10 },   // 'K''G'  -0.31px
    {  43,  42,   10 },   // 'K''J'  +0.31px
    {  43,  47,  -10 },   // 'K''O'  -0.31px
    {  43,  49,  -10 },   // 'K''Q'  -0.31px
    {  43,  51,   -8 },   // 'K''S'  -0.25px
    {  43,  52,  -12 },   // 'K''T'  -0.38px
    {  43,  57,   -8 },   // 'K''Y'  -0.25px
    {  43,  66,    9 },   // 'K''b'  +0.28px
    {  43,  72,    9 },   // 'K''h'  +0.28px
    {  43,  73,    9 },   // 'K''i'  +0.28px
    {  43,  75,    9 },   // 'K''k'  +0.28px
    {  43,  76,    9 },   // 'K''l'  +0.28px
    {  43,  86,  -10 },   // 'K''v'  -0.31px
    {  43,  87,  -10 },   // 'K''w'  -0.31px
    {  43,  88,  -14 },   // 'K''x'  -0.44px
    {  43,  89,  -10 },   // 'K''y'  -0.31px
    {  43,  91,  -12 },   // 'K''{'  -0.38px
    {  43,  95,  -15 },   // 'K''‹'  -0.47px
    {  43,  97,  -12 },   // 'K''·'  -0.38px
    {  43, 102,  -12 },   // 'K''–'  -0.38px
    {  43, 103,  -12 },   // 'K''—'  -0.38px
    {  43, 113,  -10 },   // 'K''©'  -0.31px
    {  43, 115,  -15 },   // 'K''«'  -0.47px
    {  43, 117,  -10 },   // 'K''®'  -0.31px
    {  43, 134,   -9 },   // 'K''À'  -0.28px
    {  43, 135,   -9 },   // 'K''Á'  -0.28px
    {  43, 136,   -9 },   // 'K''Â'  -0.28px
    {  43, 137,   -9 },   // 'K''Ã'  -0.28px
    {  43, 138,   -9 },   // 'K''Ä'  -0.28px
    {  43, 139,   -9 },   // 'K''Å'  -0.28px
    {  43, 140,   -9 },   // 'K''Æ'  -0.28px
    {  43, 141,  -10 },   // 'K''Ç'  -0.31px
    {  43, 152,  -10 },   // 'K''Ò'  -0.31px
    {  43, 153,  -10 },   // 'K''Ó'  -0.31px
    {  43, 154,  -10 },   // 'K''Ô'  -0.31px
    {  43, 155,  -10 },   // 'K''Õ'  -0.31px
    {  43, 156,  -10 },   // 'K''Ö'  -0.31px
    {  43, 158,  -10 },   // 'K''Ø'  -0.31px
    {  43, 163,   -8 },   // 'K''Ý'  -0.25px
    {  43, 165,    9 },   // 'K''ß'  +0.28px
    {  43, 178,    9 },   // 'K''ì'  +0.28px
    {  43, 179,    9 },   // 'K''í'  +0.28px
    {  43, 180,    9 },   // 'K''î'  +0.28px
    {  43, 181,    9 },   // 'K''ï'  +0.28px
    {  43, 195,  -10 },   // 'K''ý'  -0.31px
    {  43, 196,    9 },   // 'K''þ'  +0.28px
    {  43, 197,  -10 },   // 'K''ÿ'  -0.31px
    {  44,  10,  -20 },   // 'L''*'  -0.62px
    {  44,  13,  -12 },   // 'L''-'  -0.38px
    {  44,  15,   15 },   // 'L''/'  +0.47px
    {  44,  31,  -28 },   // 'L''?'  -0.88px
    {  44,  32,  -14 },   // 'L''@'  -0.44px
    {  44,  35,  -14 },   // 'L''C'  -0.44px
    {  44,  39,  -14 },   // 'L''G'  -0.44px
    {  44,  42,   14 },   // 'L''J'  +0.44px
    {  44,  47,  -14 },   // 'L''O'  -0.44px
    {  44,  49,  -14 },   // 'L''Q'  -0.44px
    {  44,  52,  -46 },   // 'L''T'  -1.44px
    {  44,  53,  -10 },   // 'L''U'  -0.31px
    {  44,  54,  -36 },   // 'L''V'  -1.12px
    {  44,  55,  -36 },   // 'L''W'  -1.12px
    {  44,  57,  -42 },   // 'L''Y'  -1.31px
    {  44,  84,  -10 },   // 'L''t'  -0.31px
    {  44,  86,  -16 },   // 'L''v'  -0.50px
    {  44,  87,  -16 },   // 'L''w'  -0.50px
    {  44,  89,  -16 },   // 'L''y'  -0.50px
    {  44,  91,  -12 },   // 'L''{'  -0.38px
    {  44,  97,  -12 },   // 'L''·'  -0.38px
    {  44,  98,  -23 },   // 'L''‘'  -0.72px
    {  44,  99,  -23 },   // 'L''’'  -0.72px
    {  44, 100,  -23 },   // 'L''“'  -0.72px
    {  44, 101,  -23 },   // 'L''”'  -0.72px
    {  44, 102,  -12 },   // 'L''–'  -0.38px
    {  44, 103,  -12 },   // 'L''—'  -0.38px
    {  44, 113,  -14 },   // 'L''©'  -0.44px
    {  44, 114,  -23 },   // 'L''ª'  -0.72px
    {  44, 117,  -14 },   // 'L''®'  -0.44px
    {  44, 119,  -26 },   // 'L''°'  -0.81px
    {  44, 128,  -23 },   // 'L''º'  -0.72px
    {  44, 141,  -14 },   // 'L''Ç'  -0.44px
    {  44, 152,  -14 },   // 'L''Ò'  -0.44px
    {  44, 153,  -14 },   // 'L''Ó'  -0.44px
    {  44, 154,  -14 },   // 'L''Ô'  -0.44px
    {  44, 155,  -14 },   // 'L''Õ'  -0.44px
    {  44, 156,  -14 },   // 'L''Ö'  -0.44px
    {  44, 158,  -14 },   // 'L''Ø'  -0.44px
    {  44, 159,  -10 },   // 'L''Ù'  -0.31px
    {  44, 160,  -10 },   // 'L''Ú'  -0.31px
    {  44, 161,  -10 },   // 'L''Û'  -0.31px
    {  44, 162,  -10 },   // 'L''Ü'  -0.31px
    {  44, 163,  -42 },   // 'L''Ý'  -1.31px
    {  44, 195,  -16 },   // 'L''ý'  -0.50px
    {  44, 197,  -16 },   // 'L''ÿ'  -0.50px
    {  47,  12,  -14 },   // 'O'','  -0.44px
    {  47,  14,  -14 },   // 'O''.'  -0.44px
    {  47,  42,  -12 },   // 'O''J'  -0.38px
    {  47,  52,  -15 },   // 'O''T'  -0.47px
    {  47,  56,  -10 },   // 'O''X'  -0.31px
    {  47,  57,  -15 },   // 'O''Y'  -0.47px
    {  47,  63,  -14 },   // 'O''_'  -0.44px
    {  47, 104,  -14 },   // 'O''…'  -0.44px
    {  47, 163,  -15 },   // 'O''Ý'  -0.47px
    {  48,  12,  -18 },   // 'P'','  -0.56px
    {  48,  13,  -10 },   // 'P''-'  -0.31px
    {  48,  14,  -18 },   // 'P''.'  -0.56px
    {  48,  15,  -20 },   // 'P''/'  -0.62px
    {  48,  33,  -26 },   // 'P''A'  -0.81px
    {  48,  42,  -23 },   // 'P''J'  -0.72px
    {  48,  56,  -10 },   // 'P''X'  -0.31px
    {  48,  63,  -18 },   // 'P''_'  -0.56px
    {  48,  65,   -8 },   // 'P''a'  -0.25px
    {  48,  67,   -9 },   // 'P''c'  -0.28px
    {  48,  68,   -9 },   // 'P''d'  -0.28px
    {  48,  69,   -9 },   // 'P''e'  -0.28px
    {  48,  71,   -9 },   // 'P''g'  -0.28px
    {  48,  79,   -9 },   // 'P''o'  -0.28px
    {  48,  81,   -9 },   // 'P''q'  -0.28px
    {  48,  83,   -8 },   // 'P''s'  -0.25px
    {  48,  91,  -10 },   // 'P''{'  -0.31px
    {  48,  95,  -14 },   // 'P''‹'  -0.44px
    {  48,  97,  -10 },   // 'P''·'  -0.31px
    {  48, 102,  -10 },   // 'P''–'  -0.31px
    {  48, 103,  -10 },   // 'P''—'  -0.31px
    {  48, 104,  -18 },   // 'P''…'  -0.56px
    {  48, 114,    8 },   // 'P''ª'  +0.25px
    {  48, 115,  -14 },   // 'P''«'  -0.44px
    {  48, 119,   14 },   // 'P''°'  +0.44px
    {  48, 128,    8 },   // 'P''º'  +0.25px
    {  48, 134,  -26 },   // 'P''À'  -0.81px
    {  48, 135,  -26 },   // 'P''Á'  -0.81px
    {  48, 136,  -26 },   // 'P''Â'  -0.81px
    {  48, 137,  -26 },   // 'P''Ã'  -0.81px
    {  48, 138,  -26 },   // 'P''Ä'  -0.81px
    {  48, 139,  -26 },   // 'P''Å'  -0.81px
    {  48, 140,  -26 },   // 'P''Æ'  -0.81px
    {  48, 172,   -8 },   // 'P''æ'  -0.25px
    {  48, 173,   -9 },   // 'P''ç'  -0.28px
    {  48, 174,   -9 },   // 'P''è'  -0.28px
    {  48, 175,   -9 },   // 'P''é'  -0.28px
    {  48, 176,   -9 },   // 'P''ê'  -0.28px
    {  48, 177,   -9 },   // 'P''ë'  -0.28px
    {  48, 182,   -9 },   // 'P''ð'  -0.28px
    {  48, 184,   -9 },   // 'P''ò'  -0.28px
    {  48, 185,   -9 },   // 'P''ó'  -0.28px
    {  48, 186,   -9 },   // 'P''ô'  -0.28px
    {  48, 187,   -9 },   // 'P''õ'  -0.28px
    {  48, 188,   -9 },   // 'P''ö'  -0.28px
    {  48, 190,   -9 },   // 'P''ø'  -0.28px
    {  49,  12,  -14 },   // 'Q'','  -0.44px
    {  49,  14,  -14 },   // 'Q''.'  -0.44px
    {  49,  42,  -12 },   // 'Q''J'  -0.38px
    {  49,  52,  -15 },   // 'Q''T'  -0.47px
    {  49,  56,  -10 },   // 'Q''X'  -0.31px
    {  49,  57,  -15 },   // 'Q''Y'  -0.47px
    {  49,  63,  -14 },   // 'Q''_'  -0.44px
    {  49, 104,  -14 },   // 'Q''…'  -0.44px
    {  49, 163,  -15 },   // 'Q''Ý'  -0.47px
    {  50,  15,    8 },   // 'R''/'  +0.25px
    {  52,   6,   -9 },   // 'T''&'  -0.28px
    {  52,   9,   14 },   // 'T'')'  +0.44px
    {  52,  12,  -23 },   // 'T'','  -0.72px
    {  52,  13,  -17 },   // 'T''-'  -0.53px
    {  52,  14,  -23 },   // 'T''.'  -0.72px
    {  52,  15,  -18 },   // 'T''/'  -0.56px
    {  52,  26,  -10 },   // 'T'':'  -0.31px
    {  52,  27,  -10 },   // 'T'';'  -0.31px
    {  52,  32,  -15 },   // 'T''@'  -0.47px
    {  52,  33,  -28 },   // 'T''A'  -0.88px
    {  52,  35,  -15 },   // 'T''C'  -0.47px
    {  52,  39,  -15 },   // 'T''G'  -0.47px
    {  52,  42,  -20 },   // 'T''J'  -0.62px
    {  52,  47,  -15 },   // 'T''O'  -0.47px
    {  52,  49,  -15 },   // 'T''Q'  -0.47px
    {  52,  51,   -8 },   // 'T''S'  -0.25px
    {  52,  61,   14 },   // 'T'']'  +0.44px
    {  52,  63,  -23 },   // 'T''_'  -0.72px
    {  52,  65,  -28 },   // 'T''a'  -0.88px
    {  52,  66,   20 },   // 'T''b'  +0.62px
    {  52,  67,  -28 },   // 'T''c'  -0.88px
    {  52,  68,  -28 },   // 'T''d'  -0.88px
    {  52,  69,  -28 },   // 'T''e'  -0.88px
    {  52,  70,  -12 },   // 'T''f'  -0.38px
    {  52,  71,  -28 },   // 'T''g'  -0.88px
    {  52,  72,   20 },   // 'T''h'  +0.62px
    {  52,  73,   20 },   // 'T''i'  +0.62px
    {  52,  75,   20 },   // 'T''k'  +0.62px
    {  52,  76,   20 },   // 'T''l'  +0.62px
    {  52,  77,  -28 },   // 'T''m'  -0.88px
    {  52,  78,  -28 },   // 'T''n'  -0.88px
    {  52,  79,  -28 },   // 'T''o'  -0.88px
    {  52,  80,  -28 },   // 'T''p'  -0.88px
    {  52,  81,  -28 },   // 'T''q'  -0.88px
    {  52,  82,  -28 },   // 'T''r'  -0.88px
    {  52,  83,  -28 },   // 'T''s'  -0.88px
    {  52,  84,  -12 },   // 'T''t'  -0.38px
    {  52,  85,  -26 },   // 'T''u'  -0.81px
    {  52,  86,  -26 },   // 'T''v'  -0.81px
    {  52,  87,  -26 },   // 'T''w'  -0.81px
    {  52,  88,  -28 },   // 'T''x'  -0.88px
    {  52,  89,  -26 },   // 'T''y'  -0.81px
    {  52,  90,  -28 },   // 'T''z'  -0.88px
    {  52,  91,  -17 },   // 'T''{'  -0.53px
    {  52,  93,   14 },   // 'T''}'  +0.44px
    {  52,  95,  -22 },   // 'T''‹'  -0.69px
    {  52,  96,  -21 },   // 'T''›'  -0.66px
    {  52,  97,  -17 },   // 'T''·'  -0.53px
    {  52, 102,  -17 },   // 'T''–'  -0.53px
    {  52, 103,  -17 },   // 'T''—'  -0.53px
    {  52, 104,  -23 },   // 'T''…'  -0.72px
    {  52, 113,  -15 },   // 'T''©'  -0.47px
    {  52, 115,  -22 },   // 'T''«'  -0.69px
    {  52, 117,  -15 },   // 'T''®'  -0.47px
    {  52, 124,  -28 },   // 'T''µ'  -0.88px
    {  52, 129,  -21 },   // 'T''»'  -0.66px
    {  52, 134,  -28 },   // 'T''À'  -0.88px
    {  52, 135,  -28 },   // 'T''Á'  -0.88px
    {  52, 136,  -28 },   // 'T''Â'  -0.88px
    {  52, 137,  -28 },   // 'T''Ã'  -0.88px
    {  52, 138,  -28 },   // 'T''Ä'  -0.88px
    {  52, 139,  -28 },   // 'T''Å'  -0.88px
    {  52, 140,  -28 },   // 'T''Æ'  -0.88px
    {  52, 141,  -15 },   // 'T''Ç'  -0.47px
    {  52, 152,  -15 },   // 'T''Ò'  -0.47px
    {  52, 153,  -15 },   // 'T''Ó'  -0.47px
    {  52, 154,  -15 },   // 'T''Ô'  -0.47px
    {  52, 155,  -15 },   // 'T''Õ'  -0.47px
    {  52, 156,  -15 },   // 'T''Ö'  -0.47px
    {  52, 158,  -15 },   // 'T''Ø'  -0.47px
    {  52, 165,   20 },   // 'T''ß'  +0.62px
    {  52, 172,  -28 },   // 'T''æ'  -0.88px
    {  52, 173,  -28 },   // 'T''ç'  -0.88px
    {  52, 174,  -28 },   // 'T''è'  -0.88px
    {  52, 175,  -28 },   // 'T''é'  -0.88px
    {  52, 176,  -28 },   // 'T''ê'  -0.88px
    {  52, 177,  -28 },   // 'T''ë'  -0.88px
    {  52, 178,   20 },   // 'T''ì'  +0.62px
    {  52, 179,   20 },   // 'T''í'  +0.62px
    {  52, 180,   20 },   // 'T''î'  +0.62px
    {  52, 181,   20 },   // 'T''ï'  +0.62px
    {  52, 182,  -28 },   // 'T''ð'  -0.88px
    {  52, 183,  -28 },   // 'T''ñ'  -0.88px
    {  52, 184,  -28 },   // 'T''ò'  -0.88px
    {  52, 185,  -28 },   // 'T''ó'  -0.88px
    {  52, 186,  -28 },   // 'T''ô'  -0.88px
    {  52, 187,  -28 },   // 'T''õ'  -0.88px
    {  52, 188,  -28 },   // 'T''ö'  -0.88px
    {  52, 190,  -28 },   // 'T''ø'  -0.88px
    {  52, 191,  -26 },   // 'T''ù'  -0.81px
    {  52, 192,  -26 },   // 'T''ú'  -0.81px
    {  52, 193,  -26 },   // 'T''û'  -0.81px
    {  52, 194,  -26 },   // 'T''ü'  -0.81px
    {  52, 195,  -26 },   // 'T''ý'  -0.81px
    {  52, 196,   20 },   // 'T''þ'  +0.62px
    {  52, 197,  -26 },   // 'T''ÿ'  -0.81px
    {  53,  42,   -9 },   // 'U''J'  -0.28px
    {  54,   6,  -12 },   // 'V''&'  -0.38px
    {  54,   9,   10 },   // 'V'')'  +0.31px
    {  54,  12,  -20 },   // 'V'','  -0.62px
    {  54,  13,  -18 },   // 'V''-'  -0.56px
    {  54,  14,  -20 },   // 'V''.'  -0.62px
    {  54,  26,  -12 },   // 'V'':'  -0.38px
    {  54,  27,  -12 },   // 'V'';'  -0.38px
    {  54,  33,  -21 },   // 'V''A'  -0.66px
    {  54,  42,  -20 },   // 'V''J'  -0.62px
    {  54,  61,   10 },   // 'V'']'  +0.31px
    {  54,  63,  -20 },   // 'V''_'  -0.62px
    {  54,  65,  -21 },   // 'V''a'  -0.66px
    {  54,  66,   18 },   // 'V''b'  +0.56px
    {  54,  67,  -22 },   // 'V''c'  -0.69px
    {  54,  68,  -22 },   // 'V''d'  -0.69px
    {  54,  69,  -22 },   // 'V''e'  -0.69px
    {  54,  71,  -22 },   // 'V''g'  -0.69px
    {  54,  72,   18 },   // 'V''h'  +0.56px
    {  54,  73,   18 },   // 'V''i'  +0.56px
    {  54,  75,   18 },   // 'V''k'  +0.56px
    {  54,  76,   18 },   // 'V''l'  +0.56px
    {  54,  77,  -20 },   // 'V''m'  -0.62px
    {  54,  78,  -20 },   // 'V''n'  -0.62px
    {  54,  79,  -22 },   // 'V''o'  -0.69px
    {  54,  80,  -20 },   // 'V''p'  -0.62px
    {  54,  81,  -22 },   // 'V''q'  -0.69px
    {  54,  82,  -20 },   // 'V''r'  -0.62px
    {  54,  83,  -22 },   // 'V''s'  -0.69px
    {  54,  85,  -18 },   // 'V''u'  -0.56px
    {  54,  86,  -10 },   // 'V''v'  -0.31px
    {  54,  87,  -10 },   // 'V''w'  -0.31px
    {  54,  88,  -20 },   // 'V''x'  -0.62px
    {  54,  89,  -10 },   // 'V''y'  -0.31px
    {  54,  90,  -20 },   // 'V''z'  -0.62px
    {  54,  91,  -18 },   // 'V''{'  -0.56px
    {  54,  93,   10 },   // 'V''}'  +0.31px
    {  54,  95,  -24 },   // 'V''‹'  -0.75px
    {  54,  96,  -18 },   // 'V''›'  -0.56px
    {  54,  97,  -18 },   // 'V''·'  -0.56px
    {  54, 102,  -18 },   // 'V''–'  -0.56px
    {  54, 103,  -18 },   // 'V''—'  -0.56px
    {  54, 104,  -20 },   // 'V''…'  -0.62px
    {  54, 115,  -24 },   // 'V''«'  -0.75px
    {  54, 124,  -20 },   // 'V''µ'  -0.62px
    {  54, 129,  -18 },   // 'V''»'  -0.56px
    {  54, 134,  -21 },   // 'V''À'  -0.66px
    {  54, 135,  -21 },   // 'V''Á'  -0.66px
    {  54, 136,  -21 },   // 'V''Â'  -0.66px
    {  54, 137,  -21 },   // 'V''Ã'  -0.66px
    {  54, 138,  -21 },   // 'V''Ä'  -0.66px
    {  54, 139,  -21 },   // 'V''Å'  -0.66px
    {  54, 140,  -21 },   // 'V''Æ'  -0.66px
    {  54, 165,   18 },   // 'V''ß'  +0.56px
    {  54, 172,  -21 },   // 'V''æ'  -0.66px
    {  54, 173,  -22 },   // 'V''ç'  -0.69px
    {  54, 174,  -22 },   // 'V''è'  -0.69px
    {  54, 175,  -22 },   // 'V''é'  -0.69px
    {  54, 176,  -22 },   // 'V''ê'  -0.69px
    {  54, 177,  -22 },   // 'V''ë'  -0.69px
    {  54, 178,   18 },   // 'V''ì'  +0.56px
    {  54, 179,   18 },   // 'V''í'  +0.56px
    {  54, 180,   18 },   // 'V''î'  +0.56px
    {  54, 181,   18 },   // 'V''ï'  +0.56px
    {  54, 182,  -22 },   // 'V''ð'  -0.69px
    {  54, 183,  -20 },   // 'V''ñ'  -0.62px
    {  54, 184,  -22 },   // 'V''ò'  -0.69px
    {  54, 185,  -22 },   // 'V''ó'  -0.69px
    {  54, 186,  -22 },   // 'V''ô'  -0.69px
    {  54, 187,  -22 },   // 'V''õ'  -0.69px
    {  54, 188,  -22 },   // 'V''ö'  -0.69px
    {  54, 190,  -22 },   // 'V''ø'  -0.69px
    {  54, 191,  -18 },   // 'V''ù'  -0.56px
    {  54, 192,  -18 },   // 'V''ú'  -0.56px
    {  54, 193,  -18 },   // 'V''û'  -0.56px
    {  54, 194,  -18 },   // 'V''ü'  -0.56px
    {  54, 195,  -10 },   // 'V''ý'  -0.31px
    {  54, 196,   18 },   // 'V''þ'  +0.56px
    {  54, 197,  -10 },   // 'V''ÿ'  -0.31px
    {  55,   6,  -12 },   // 'W''&'  -0.38px
    {  55,   9,   10 },   // 'W'')'  +0.31px
    {  55,  12,  -20 },   // 'W'','  -0.62px
    {  55,  13,  -18 },   // 'W''-'  -0.56px
    {  55,  14,  -20 },   // 'W''.'  -0.62px
    {  55,  26,  -12 },   // 'W'':'  -0.38px
    {  55,  27,  -12 },   // 'W'';'  -0.38px
    {  55,  33,  -21 },   // 'W''A'  -0.66px
    {  55,  42,  -20 },   // 'W''J'  -0.62px
    {  55,  61,   10 },   // 'W'']'  +0.31px
    {  55,  63,  -20 },   // 'W''_'  -0.62px
    {  55,  65,  -21 },   // 'W''a'  -0.66px
    {  55,  66,   18 },   // 'W''b'  +0.56px
    {  55,  67,  -22 },   // 'W''c'  -0.69px
    {  55,  68,  -22 },   // 'W''d'  -0.69px
    {  55,  69,  -22 },   // 'W''e'  -0.69px
    {  55,  71,  -22 },   // 'W''g'  -0.69px
    {  55,  72,   18 },   // 'W''h'  +0.56px
    {  55,  73,   18 },   // 'W''i'  +0.56px
    {  55,  75,   18 },   // 'W''k'  +0.56px
    {  55,  76,   18 },   // 'W''l'  +0.56px
    {  55,  77,  -20 },   // 'W''m'  -0.62px
    {  55,  78,  -20 },   // 'W''n'  -0.62px
    {  55,  79,  -22 },   // 'W''o'  -0.69px
    {  55,  80,  -20 },   // 'W''p'  -0.62px
    {  55,  81,  -22 },   // 'W''q'  -0.69px
    {  55,  82,  -20 },   // 'W''r'  -0.62px
    {  55,  83,  -22 },   // 'W''s'  -0.69px
    {  55,  85,  -18 },   // 'W''u'  -0.56px
    {  55,  86,  -10 },   // 'W''v'  -0.31px
    {  55,  87,  -10 },   // 'W''w'  -0.31px
    {  55,  88,  -20 },   // 'W''x'  -0.62px
    {  55,  89,  -10 },   // 'W''y'  -0.31px
    {  55,  90,  -20 },   // 'W''z'  -0.62px
    {  55,  91,  -18 },   // 'W''{'  -0.56px
    {  55,  93,   10 },   // 'W''}'  +0.31px
    {  55,  95,  -24 },   // 'W''‹'  -0.75px
    {  55,  96,  -18 },   // 'W''›'  -0.56px
    {  55,  97,  -18 },   // 'W''·'  -0.56px
    {  55, 102,  -18 },   // 'W''–'  -0.56px
    {  55, 103,  -18 },   // 'W''—'  -0.56px
    {  55, 104,  -20 },   // 'W''…'  -0.62px
    {  55, 115,  -24 },   // 'W''«'  -0.75px
    {  55, 124,  -20 },   // 'W''µ'  -0.62px
    {  55, 129,  -18 },   // 'W''»'  -0.56px
    {  55, 134,  -21 },   // 'W''À'  -0.66px
    {  55, 135,  -21 },   // 'W''Á'  -0.66px
    {  55, 136,  -21 },   // 'W''Â'  -0.66px
    {  55, 137,  -21 },   // 'W''Ã'  -0.66px
    {  55, 138,  -21 },   // 'W''Ä'  -0.66px
    {  55, 139,  -21 },   // 'W''Å'  -0.66px
    {  55, 140,  -21 },   // 'W''Æ'  -0.66px
    {  55, 165,   18 },   // 'W''ß'  +0.56px
    {  55, 172,  -21 },   // 'W''æ'  -0.66px
    {  55, 173,  -22 },   // 'W''ç'  -0.69px
    {  55, 174,  -22 },   // 'W''è'  -0.69px
    {  55, 175,  -22 },   // 'W''é'  -0.69px
    {  55, 176,  -22 },   // 'W''ê'  -0.69px
    {  55, 177,  -22 },   // 'W''ë'  -0.69px
    {  55, 178,   18 },   // 'W''ì'  +0.56px
    {  55, 179,   18 },   // 'W''í'  +0.56px
    {  55, 180,   18 },   // 'W''î'  +0.56px
    {  55, 181,   18 },   // 'W''ï'  +0.56px
    {  55, 182,  -22 },   // 'W''ð'  -0.69px
    {  55, 183,  -20 },   // 'W''ñ'  -0.62px
    {  55, 184,  -22 },   // 'W''ò'  -0.69px
    {  55, 185,  -22 },   // 'W''ó'  -0.69px
    {  55, 186,  -22 },   // 'W''ô'  -0.69px
    {  55, 187,  -22 },   // 'W''õ'  -0.69px
    {  55, 188,  -22 },   // 'W''ö'  -0.69px
    {  55, 190,  -22 },   // 'W''ø'  -0.69px
    {  55, 191,  -18 },   // 'W''ù'  -0.56px
    {  55, 192,  -18 },   // 'W''ú'  -0.56px
    {  55, 193,  -18 },   // 'W''û'  -0.56px
    {  55, 194,  -18 },   // 'W''ü'  -0.56px
    {  55, 195,  -10 },   // 'W''ý'  -0.31px
    {  55, 196,   18 },   // 'W''þ'  +0.56px
    {  55, 197,  -10 },   // 'W''ÿ'  -0.31px
    {  56,  13,   -9 },   // 'X''-'  -0.28px
    {  56,  32,  -10 },   // 'X''@'  -0.31px
    {  56,  35,  -10 },   // 'X''C'  -0.31px
    {  56,  39,  -10 },   // 'X''G'  -0.31px
    {  56,  47,  -10 },   // 'X''O'  -0.31px
    {  56,  49,  -10 },   // 'X''Q'  -0.31px
    {  56,  84,   -8 },   // 'X''t'  -0.25px
    {  56,  86,  -10 },   // 'X''v'  -0.31px
    {  56,  87,  -10 },   // 'X''w'  -0.31px
    {  56,  88,   -9 },   // 'X''x'  -0.28px
    {  56,  89,  -10 },   // 'X''y'  -0.31px
    {  56,  91,   -9 },   // 'X''{'  -0.28px
    {  56,  95,  -14 },   // 'X''‹'  -0.44px
    {  56,  97,   -9 },   // 'X''·'  -0.28px
    {  56, 102,   -9 },   // 'X''–'  -0.28px
    {  56, 103,   -9 },   // 'X''—'  -0.28px
    {  56, 113,  -10 },   // 'X''©'  -0.31px
    {  56, 115,  -14 },   // 'X''«'  -0.44px
    {  56, 117,  -10 },   // 'X''®'  -0.31px
    {  56, 141,  -10 },   // 'X''Ç'  -0.31px
    {  56, 152,  -10 },   // 'X''Ò'  -0.31px
    {  56, 153,  -10 },   // 'X''Ó'  -0.31px
    {  56, 154,  -10 },   // 'X''Ô'  -0.31px
    {  56, 155,  -10 },   // 'X''Õ'  -0.31px
    {  56, 156,  -10 },   // 'X''Ö'  -0.31px
    {  56, 158,  -10 },   // 'X''Ø'  -0.31px
    {  56, 195,  -10 },   // 'X''ý'  -0.31px
    {  56, 197,  -10 },   // 'X''ÿ'  -0.31px
    {  57,   1,   15 },   // 'Y''!'  +0.47px
    {  57,   9,   12 },   // 'Y'')'  +0.38px
    {  57,  12,  -24 },   // 'Y'','  -0.75px
    {  57,  13,  -18 },   // 'Y''-'  -0.56px
    {  57,  14,  -24 },   // 'Y''.'  -0.75px
    {  57,  15,   -9 },   // 'Y''/'  -0.28px
    {  57,  26,  -14 },   // 'Y'':'  -0.44px
    {  57,  27,  -14 },   // 'Y'';'  -0.44px
    {  57,  31,   12 },   // 'Y''?'  +0.38px
    {  57,  32,  -15 },   // 'Y''@'  -0.47px
    {  57,  33,  -23 },   // 'Y''A'  -0.72px
    {  57,  34,   12 },   // 'Y''B'  +0.38px
    {  57,  35,  -15 },   // 'Y''C'  -0.47px
    {  57,  36,   12 },   // 'Y''D'  +0.38px
    {  57,  37,   12 },   // 'Y''E'  +0.38px
    {  57,  38,   12 },   // 'Y''F'  +0.38px
    {  57,  39,  -15 },   // 'Y''G'  -0.47px
    {  57,  40,   12 },   // 'Y''H'  +0.38px
    {  57,  41,   12 },   // 'Y''I'  +0.38px
    {  57,  42,  -16 },   // 'Y''J'  -0.50px
    {  57,  43,   12 },   // 'Y''K'  +0.38px
    {  57,  44,   12 },   // 'Y''L'  +0.38px
    {  57,  45,   12 },   // 'Y''M'  +0.38px
    {  57,  46,   12 },   // 'Y''N'  +0.38px
    {  57,  47,  -15 },   // 'Y''O'  -0.47px
    {  57,  48,   12 },   // 'Y''P'  +0.38px
    {  57,  49,  -15 },   // 'Y''Q'  -0.47px
    {  57,  50,   12 },   // 'Y''R'  +0.38px
    {  57,  51,   -8 },   // 'Y''S'  -0.25px
    {  57,  61,   12 },   // 'Y'']'  +0.38px
    {  57,  63,  -24 },   // 'Y''_'  -0.75px
    {  57,  65,  -28 },   // 'Y''a'  -0.88px
    {  57,  67,  -29 },   // 'Y''c'  -0.91px
    {  57,  68,  -29 },   // 'Y''d'  -0.91px
    {  57,  69,  -29 },   // 'Y''e'  -0.91px
    {  57,  70,  -12 },   // 'Y''f'  -0.38px
    {  57,  71,  -29 },   // 'Y''g'  -0.91px
    {  57,  77,  -28 },   // 'Y''m'  -0.88px
    {  57,  78,  -28 },   // 'Y''n'  -0.88px
    {  57,  79,  -29 },   // 'Y''o'  -0.91px
    {  57,  80,  -28 },   // 'Y''p'  -0.88px
    {  57,  81,  -29 },   // 'Y''q'  -0.91px
    {  57,  82,  -28 },   // 'Y''r'  -0.88px
    {  57,  83,  -28 },   // 'Y''s'  -0.88px
    {  57,  84,  -14 },   // 'Y''t'  -0.44px
    {  57,  85,  -26 },   // 'Y''u'  -0.81px
    {  57,  86,  -26 },   // 'Y''v'  -0.81px
    {  57,  87,  -26 },   // 'Y''w'  -0.81px
    {  57,  88,  -28 },   // 'Y''x'  -0.88px
    {  57,  89,  -26 },   // 'Y''y'  -0.81px
    {  57,  90,  -28 },   // 'Y''z'  -0.88px
    {  57,  91,  -18 },   // 'Y''{'  -0.56px
    {  57,  92,   12 },   // 'Y''|'  +0.38px
    {  57,  93,   12 },   // 'Y''}'  +0.38px
    {  57,  95,  -26 },   // 'Y''‹'  -0.81px
    {  57,  96,  -21 },   // 'Y''›'  -0.66px
    {  57,  97,  -18 },   // 'Y''·'  -0.56px
    {  57, 102,  -18 },   // 'Y''–'  -0.56px
    {  57, 103,  -18 },   // 'Y''—'  -0.56px
    {  57, 104,  -24 },   // 'Y''…'  -0.75px
    {  57, 110,   12 },   // 'Y''¦'  +0.38px
    {  57, 113,  -15 },   // 'Y''©'  -0.47px
    {  57, 114,   12 },   // 'Y''ª'  +0.38px
    {  57, 115,  -26 },   // 'Y''«'  -0.81px
    {  57, 117,  -15 },   // 'Y''®'  -0.47px
    {  57, 124,  -28 },   // 'Y''µ'  -0.88px
    {  57, 128,   12 },   // 'Y''º'  +0.38px
    {  57, 129,  -21 },   // 'Y''»'  -0.66px
    {  57, 134,  -23 },   // 'Y''À'  -0.72px
    {  57, 135,  -23 },   // 'Y''Á'  -0.72px
    {  57, 136,  -23 },   // 'Y''Â'  -0.72px
    {  57, 137,  -23 },   // 'Y''Ã'  -0.72px
    {  57, 138,  -23 },   // 'Y''Ä'  -0.72px
    {  57, 139,  -23 },   // 'Y''Å'  -0.72px
    {  57, 140,  -23 },   // 'Y''Æ'  -0.72px
    {  57, 141,  -15 },   // 'Y''Ç'  -0.47px
    {  57, 142,   12 },   // 'Y''È'  +0.38px
    {  57, 143,   12 },   // 'Y''É'  +0.38px
    {  57, 144,   12 },   // 'Y''Ê'  +0.38px
    {  57, 145,   12 },   // 'Y''Ë'  +0.38px
    {  57, 146,   12 },   // 'Y''Ì'  +0.38px
    {  57, 147,   12 },   // 'Y''Í'  +0.38px
    {  57, 148,   12 },   // 'Y''Î'  +0.38px
    {  57, 149,   12 },   // 'Y''Ï'  +0.38px
    {  57, 150,   12 },   // 'Y''Ð'  +0.38px
    {  57, 151,   12 },   // 'Y''Ñ'  +0.38px
    {  57, 152,  -15 },   // 'Y''Ò'  -0.47px
    {  57, 153,  -15 },   // 'Y''Ó'  -0.47px
    {  57, 154,  -15 },   // 'Y''Ô'  -0.47px
    {  57, 155,  -15 },   // 'Y''Õ'  -0.47px
    {  57, 156,  -15 },   // 'Y''Ö'  -0.47px
    {  57, 158,  -15 },   // 'Y''Ø'  -0.47px
    {  57, 164,   12 },   // 'Y''Þ'  +0.38px
    {  57, 172,  -28 },   // 'Y''æ'  -0.88px
    {  57, 173,  -29 },   // 'Y''ç'  -0.91px
    {  57, 174,  -29 },   // 'Y''è'  -0.91px
    {  57, 175,  -29 },   // 'Y''é'  -0.91px
    {  57, 176,  -29 },   // 'Y''ê'  -0.91px
    {  57, 177,  -29 },   // 'Y''ë'  -0.91px
    {  57, 182,  -29 },   // 'Y''ð'  -0.91px
    {  57, 183,  -28 },   // 'Y''ñ'  -0.88px
    {  57, 184,  -29 },   // 'Y''ò'  -0.91px
    {  57, 185,  -29 },   // 'Y''ó'  -0.91px
    {  57, 186,  -29 },   // 'Y''ô'  -0.91px
    {  57, 187,  -29 },   // 'Y''õ'  -0.91px
    {  57, 188,  -29 },   // 'Y''ö'  -0.91px
    {  57, 190,  -29 },   // 'Y''ø'  -0.91px
    {  57, 191,  -26 },   // 'Y''ù'  -0.81px
    {  57, 192,  -26 },   // 'Y''ú'  -0.81px
    {  57, 193,  -26 },   // 'Y''û'  -0.81px
    {  57, 194,  -26 },   // 'Y''ü'  -0.81px
    {  57, 195,  -26 },   // 'Y''ý'  -0.81px
    {  57, 197,  -26 },   // 'Y''ÿ'  -0.81px
    {  58,  15,    9 },   // 'Z''/'  +0.28px
    {  58,  86,  -10 },   // 'Z''v'  -0.31px
    {  58,  87,  -10 },   // 'Z''w'  -0.31px
    {  58,  89,  -10 },   // 'Z''y'  -0.31px
    {  58,  90,   -8 },   // 'Z''z'  -0.25px
    {  58,  95,  -18 },   // 'Z''‹'  -0.56px
    {  58, 115,  -18 },   // 'Z''«'  -0.56px
    {  58, 195,  -10 },   // 'Z''ý'  -0.31px
    {  58, 197,  -10 },   // 'Z''ÿ'  -0.31px
    {  59,   9,   14 },   // '['')'  +0.44px
    {  59,  15,   14 },   // '[''/'  +0.44px
    {  59,  31,   10 },   // '[''?'  +0.31px
    {  59,  52,   14 },   // '[''T'  +0.44px
    {  59,  54,   10 },   // '[''V'  +0.31px
    {  59,  55,   10 },   // '[''W'  +0.31px
    {  59,  57,   12 },   // '[''Y'  +0.38px
    {  59,  61,   14 },   // '['']'  +0.44px
    {  59,  74,   28 },   // '[''j'  +0.88px
    {  59,  93,   14 },   // '[''}'  +0.44px
    {  59, 163,   12 },   // '[''Ý'  +0.38px
    {  63,  10,  -20 },   // '_''*'  -0.62px
    {  63,  13,  -16 },   // '_''-'  -0.50px
    {  63,  15,   23 },   // '_''/'  +0.72px
    {  63,  31,  -26 },   // '_''?'  -0.81px
    {  63,  32,  -14 },   // '_''@'  -0.44px
    {  63,  35,  -14 },   // '_''C'  -0.44px
    {  63,  39,  -14 },   // '_''G'  -0.44px
    {  63,  42,   12 },   // '_''J'  +0.38px
    {  63,  47,  -14 },   // '_''O'  -0.44px
    {  63,  49,  -14 },   // '_''Q'  -0.44px
    {  63,  52,  -23 },   // '_''T'  -0.72px
    {  63,  54,  -20 },   // '_''V'  -0.62px
    {  63,  55,  -20 },   // '_''W'  -0.62px
    {  63,  57,  -24 },   // '_''Y'  -0.75px
    {  63,  84,  -10 },   // '_''t'  -0.31px
    {  63,  86,  -17 },   // '_''v'  -0.53px
    {  63,  87,  -17 },   // '_''w'  -0.53px
    {  63,  89,  -17 },   // '_''y'  -0.53px
    {  63,  91,  -16 },   // '_''{'  -0.50px
    {  63,  95,  -10 },   // '_''‹'  -0.31px
    {  63,  97,  -16 },   // '_''·'  -0.50px
    {  63,  98,  -20 },   // '_''‘'  -0.62px
    {  63,  99,  -20 },   // '_''’'  -0.62px
    {  63, 100,  -20 },   // '_''“'  -0.62px
    {  63, 101,  -20 },   // '_''”'  -0.62px
    {  63, 102,  -16 },   // '_''–'  -0.50px
    {  63, 103,  -16 },   // '_''—'  -0.50px
    {  63, 113,  -14 },   // '_''©'  -0.44px
    {  63, 114,  -20 },   // '_''ª'  -0.62px
    {  63, 115,  -10 },   // '_''«'  -0.31px
    {  63, 117,  -14 },   // '_''®'  -0.44px
    {  63, 119,  -23 },   // '_''°'  -0.72px
    {  63, 128,  -20 },   // '_''º'  -0.62px
    {  63, 141,  -14 },   // '_''Ç'  -0.44px
    {  63, 152,  -14 },   // '_''Ò'  -0.44px
    {  63, 153,  -14 },   // '_''Ó'  -0.44px
    {  63, 154,  -14 },   // '_''Ô'  -0.44px
    {  63, 155,  -14 },   // '_''Õ'  -0.44px
    {  63, 156,  -14 },   // '_''Ö'  -0.44px
    {  63, 158,  -14 },   // '_''Ø'  -0.44px
    {  63, 163,  -24 },   // '_''Ý'  -0.75px
    {  63, 195,  -17 },   // '_''ý'  -0.53px
    {  63, 197,  -17 },   // '_''ÿ'  -0.53px
    {  65, 119,  -10 },   // 'a''°'  -0.31px
    {  66,  10,   -8 },   // 'b''*'  -0.25px
    {  66,  31,   -8 },   // 'b''?'  -0.25px
    {  66,  98,  -12 },   // 'b''‘'  -0.38px
    {  66,  99,  -12 },   // 'b''’'  -0.38px
    {  66, 100,  -12 },   // 'b''“'  -0.38px
    {  66, 101,  -12 },   // 'b''”'  -0.38px
    {  66, 114,  -10 },   // 'b''ª'  -0.31px
    {  66, 119,  -12 },   // 'b''°'  -0.38px
    {  66, 128,  -10 },   // 'b''º'  -0.31px
    {  68,  10,    9 },   // 'd''*'  +0.28px
    {  68,  98,   12 },   // 'd''‘'  +0.38px
    {  68,  99,   12 },   // 'd''’'  +0.38px
    {  68, 100,   12 },   // 'd''“'  +0.38px
    {  68, 101,   12 },   // 'd''”'  +0.38px
    {  69,  98,  -10 },   // 'e''‘'  -0.31px
    {  69,  99,  -10 },   // 'e''’'  -0.31px
    {  69, 100,  -10 },   // 'e''“'  -0.31px
    {  69, 101,  -10 },   // 'e''”'  -0.31px
    {  69, 119,  -10 },   // 'e''°'  -0.31px
    {  70,   1,    8 },   // 'f''!'  +0.25px
    {  70,   9,   18 },   // 'f'')'  +0.56px
    {  70,  10,   12 },   // 'f''*'  +0.38px
    {  70,  12,   -9 },   // 'f'','  -0.28px
    {  70,  14,   -9 },   // 'f''.'  -0.28px
    {  70,  31,   18 },   // 'f''?'  +0.56px
    {  70,  61,   18 },   // 'f'']'  +0.56px
    {  70,  63,   -9 },   // 'f''_'  -0.28px
    {  70,  70,   -8 },   // 'f''f'  -0.25px
    {  70,  84,  -10 },   // 'f''t'  -0.31px
    {  70,  93,   18 },   // 'f''}'  +0.56px
    {  70,  98,   18 },   // 'f''‘'  +0.56px
    {  70,  99,   18 },   // 'f''’'  +0.56px
    {  70, 100,   18 },   // 'f''“'  +0.56px
    {  70, 101,   18 },   // 'f''”'  +0.56px
    {  70, 104,   -9 },   // 'f''…'  -0.28px
    {  70, 114,   24 },   // 'f''ª'  +0.75px
    {  70, 119,   18 },   // 'f''°'  +0.56px
    {  70, 128,   24 },   // 'f''º'  +0.75px
    {  72, 119,  -10 },   // 'h''°'  -0.31px
    {  73,  10,    9 },   // 'i''*'  +0.28px
    {  73,  98,   12 },   // 'i''‘'  +0.38px
    {  73,  99,   12 },   // 'i''’'  +0.38px
    {  73, 100,   12 },   // 'i''“'  +0.38px
    {  73, 101,   12 },   // 'i''”'  +0.38px
    {  74,  10,    9 },   // 'j''*'  +0.28px
    {  74,  98,   12 },   // 'j''‘'  +0.38px
    {  74,  99,   12 },   // 'j''’'  +0.38px
    {  74, 100,   12 },   // 'j''“'  +0.38px
    {  74, 101,   12 },   // 'j''”'  +0.38px
    {  75,  13,  -10 },   // 'k''-'  -0.31px
    {  75,  91,  -10 },   // 'k''{'  -0.31px
    {  75,  97,  -10 },   // 'k''·'  -0.31px
    {  75, 102,  -10 },   // 'k''–'  -0.31px
    {  75, 103,  -10 },   // 'k''—'  -0.31px
    {  76,   2,  -16 },   // 'l''"'  -0.50px
    {  76,   7,  -16 },   // 'l''''  -0.50px
    {  76,   9,   23 },   // 'l'')'  +0.72px
    {  76,  10,  -12 },   // 'l''*'  -0.38px
    {  76,  15,   12 },   // 'l''/'  +0.38px
    {  76,  61,   23 },   // 'l'']'  +0.72px
    {  76,  93,   23 },   // 'l''}'  +0.72px
    {  76,  98,  -18 },   // 'l''‘'  -0.56px
    {  76,  99,  -18 },   // 'l''’'  -0.56px
    {  76, 100,  -18 },   // 'l''“'  -0.56px
    {  76, 101,  -18 },   // 'l''”'  -0.56px
    {  76, 119,  -15 },   // 'l''°'  -0.47px
    {  77, 119,  -10 },   // 'm''°'  -0.31px
    {  78, 119,  -10 },   // 'n''°'  -0.31px
    {  79,  10,   -8 },   // 'o''*'  -0.25px
    {  79,  31,   -8 },   // 'o''?'  -0.25px
    {  79,  98,  -12 },   // 'o''‘'  -0.38px
    {  79,  99,  -12 },   // 'o''’'  -0.38px
    {  79, 100,  -12 },   // 'o''“'  -0.38px
    {  79, 101,  -12 },   // 'o''”'  -0.38px
    {  79, 114,  -10 },   // 'o''ª'  -0.31px
    {  79, 119,  -12 },   // 'o''°'  -0.38px
    {  79, 128,  -10 },   // 'o''º'  -0.31px
    {  80,  10,   -8 },   // 'p''*'  -0.25px
    {  80,  31,   -8 },   // 'p''?'  -0.25px
    {  80,  98,  -12 },   // 'p''‘'  -0.38px
    {  80,  99,  -12 },   // 'p''’'  -0.38px
    {  80, 100,  -12 },   // 'p''“'  -0.38px
    {  80, 101,  -12 },   // 'p''”'  -0.38px
    {  80, 114,  -10 },   // 'p''ª'  -0.31px
    {  80, 119,  -12 },   // 'p''°'  -0.38px
    {  80, 128,  -10 },   // 'p''º'  -0.31px
    {  82,  10,   14 },   // 'r''*'  +0.44px
    {  82,  12,   -8 },   // 'r'','  -0.25px
    {  82,  14,   -8 },   // 'r''.'  -0.25px
    {  82,  63,   -8 },   // 'r''_'  -0.25px
    {  82,  70,   10 },   // 'r''f'  +0.31px
    {  82,  84,   10 },   // 'r''t'  +0.31px
    {  82,  86,   10 },   // 'r''v'  +0.31px
    {  82,  87,   10 },   // 'r''w'  +0.31px
    {  82,  89,   10 },   // 'r''y'  +0.31px
    {  82,  98,   12 },   // 'r''‘'  +0.38px
    {  82,  99,   12 },   // 'r''’'  +0.38px
    {  82, 100,   12 },   // 'r''“'  +0.38px
    {  82, 101,   12 },   // 'r''”'  +0.38px
    {  82, 104,   -8 },   // 'r''…'  -0.25px
    {  82, 114,   14 },   // 'r''ª'  +0.44px
    {  82, 119,   12 },   // 'r''°'  +0.38px
    {  82, 128,   14 },   // 'r''º'  +0.44px
    {  82, 195,   10 },   // 'r''ý'  +0.31px
    {  82, 197,   10 },   // 'r''ÿ'  +0.31px
    {  83,  98,  -10 },   // 's''‘'  -0.31px
    {  83,  99,  -10 },   // 's''’'  -0.31px
    {  83, 100,  -10 },   // 's''“'  -0.31px
    {  83, 101,  -10 },   // 's''”'  -0.31px
    {  84,   9,   28 },   // 't'')'  +0.88px
    {  84,  10,    8 },   // 't''*'  +0.25px
    {  84,  15,   18 },   // 't''/'  +0.56px
    {  84,  61,   28 },   // 't'']'  +0.88px
    {  84,  84,  -10 },   // 't''t'  -0.31px
    {  84,  93,   28 },   // 't''}'  +0.88px
    {  84, 114,   10 },   // 't''ª'  +0.31px
    {  84, 128,   10 },   // 't''º'  +0.31px
    {  86,  12,  -17 },   // 'v'','  -0.53px
    {  86,  14,  -17 },   // 'v''.'  -0.53px
    {  86,  15,   -9 },   // 'v''/'  -0.28px
    {  86,  63,  -17 },   // 'v''_'  -0.53px
    {  86,  86,   14 },   // 'v''v'  +0.44px
    {  86,  87,   14 },   // 'v''w'  +0.44px
    {  86,  89,   14 },   // 'v''y'  +0.44px
    {  86, 104,  -17 },   // 'v''…'  -0.53px
    {  86, 195,   14 },   // 'v''ý'  +0.44px
    {  86, 197,   14 },   // 'v''ÿ'  +0.44px
    {  87,  12,  -17 },   // 'w'','  -0.53px
    {  87,  14,  -17 },   // 'w''.'  -0.53px
    {  87,  15,   -9 },   // 'w''/'  -0.28px
    {  87,  63,  -17 },   // 'w''_'  -0.53px
    {  87,  86,   14 },   // 'w''v'  +0.44px
    {  87,  87,   14 },   // 'w''w'  +0.44px
    {  87,  89,   14 },   // 'w''y'  +0.44px
    {  87, 104,  -17 },   // 'w''…'  -0.53px
    {  87, 195,   14 },   // 'w''ý'  +0.44px
    {  87, 197,   14 },   // 'w''ÿ'  +0.44px
    {  88,  13,   -9 },   // 'x''-'  -0.28px
    {  88,  31,   -9 },   // 'x''?'  -0.28px
    {  88,  91,   -9 },   // 'x''{'  -0.28px
    {  88,  95,  -10 },   // 'x''‹'  -0.31px
    {  88,  97,   -9 },   // 'x''·'  -0.28px
    {  88, 102,   -9 },   // 'x''–'  -0.28px
    {  88, 103,   -9 },   // 'x''—'  -0.28px
    {  88, 115,  -10 },   // 'x''«'  -0.31px
    {  89,  12,  -17 },   // 'y'','  -0.53px
    {  89,  14,  -17 },   // 'y''.'  -0.53px
    {  89,  15,   -9 },   // 'y''/'  -0.28px
    {  89,  63,  -17 },   // 'y''_'  -0.53px
    {  89,  86,   14 },   // 'y''v'  +0.44px
    {  89,  87,   14 },   // 'y''w'  +0.44px
    {  89,  89,   14 },   // 'y''y'  +0.44px
    {  89, 104,  -17 },   // 'y''…'  -0.53px
    {  89, 195,   14 },   // 'y''ý'  +0.44px
    {  89, 197,   14 },   // 'y''ÿ'  +0.44px
    {  90,  13,  -12 },   // 'z''-'  -0.38px
    {  90,  31,   -9 },   // 'z''?'  -0.28px
    {  90,  91,  -12 },   // 'z''{'  -0.38px
    {  90,  95,  -12 },   // 'z''‹'  -0.38px
    {  90,  97,  -12 },   // 'z''·'  -0.38px
    {  90, 102,  -12 },   // 'z''–'  -0.38px
    {  90, 103,  -12 },   // 'z''—'  -0.38px
    {  90, 115,  -12 },   // 'z''«'  -0.38px
    {  91,   9,   14 },   // '{'')'  +0.44px
    {  91,  15,   14 },   // '{''/'  +0.44px
    {  91,  31,   10 },   // '{''?'  +0.31px
    {  91,  52,   14 },   // '{''T'  +0.44px
    {  91,  54,   10 },   // '{''V'  +0.31px
    {  91,  55,   10 },   // '{''W'  +0.31px
    {  91,  57,   12 },   // '{''Y'  +0.38px
    {  91,  61,   14 },   // '{'']'  +0.44px
    {  91,  74,   28 },   // '{''j'  +0.88px
    {  91,  93,   14 },   // '{''}'  +0.44px
    {  91, 163,   12 },   // '{''Ý'  +0.38px
    {  93,  10,  -23 },   // '}''*'  -0.72px
    {  93,  12,  -16 },   // '}'','  -0.50px
    {  93,  14,  -16 },   // '}''.'  -0.50px
    {  93,  31,  -14 },   // '}''?'  -0.44px
    {  93,  42,  -10 },   // '}''J'  -0.31px
    {  93,  52,  -17 },   // '}''T'  -0.53px
    {  93,  54,  -18 },   // '}''V'  -0.56px
    {  93,  55,  -18 },   // '}''W'  -0.56px
    {  93,  56,   -9 },   // '}''X'  -0.28px
    {  93,  57,  -18 },   // '}''Y'  -0.56px
    {  93,  63,  -16 },   // '}''_'  -0.50px
    {  93,  88,   -9 },   // '}''x'  -0.28px
    {  93,  96,   -8 },   // '}''›'  -0.25px
    {  93,  98,  -16 },   // '}''‘'  -0.50px
    {  93,  99,  -16 },   // '}''’'  -0.50px
    {  93, 100,  -16 },   // '}''“'  -0.50px
    {  93, 101,  -16 },   // '}''”'  -0.50px
    {  93, 104,  -16 },   // '}''…'  -0.50px
    {  93, 114,  -18 },   // '}''ª'  -0.56px
    {  93, 119,  -20 },   // '}''°'  -0.62px
    {  93, 128,  -18 },   // '}''º'  -0.56px
    {  93, 129,   -8 },   // '}''»'  -0.25px
    {  93, 133,  -18 },   // '}''¿'  -0.56px
    {  93, 163,  -18 },   // '}''Ý'  -0.56px
    {  95,  13,   -8 },   // '‹''-'  -0.25px
    {  95,  52,  -21 },   // '‹''T'  -0.66px
    {  95,  54,  -18 },   // '‹''V'  -0.56px
    {  95,  55,  -18 },   // '‹''W'  -0.56px
    {  95,  57,  -21 },   // '‹''Y'  -0.66px
    {  95,  91,   -8 },   // '‹''{'  -0.25px
    {  95,  97,   -8 },   // '‹''·'  -0.25px
    {  95, 102,   -8 },   // '‹''–'  -0.25px
    {  95, 103,   -8 },   // '‹''—'  -0.25px
    {  95, 163,  -21 },   // '‹''Ý'  -0.66px
    {  96,  10,  -16 },   // '›''*'  -0.50px
    {  96,  12,  -10 },   // '›'','  -0.31px
    {  96,  14,  -10 },   // '›''.'  -0.31px
    {  96,  52,  -22 },   // '›''T'  -0.69px
    {  96,  54,  -24 },   // '›''V'  -0.75px
    {  96,  55,  -24 },   // '›''W'  -0.75px
    {  96,  56,  -14 },   // '›''X'  -0.44px
    {  96,  57,  -26 },   // '›''Y'  -0.81px
    {  96,  63,  -10 },   // '›''_'  -0.31px
    {  96,  88,  -10 },   // '›''x'  -0.31px
    {  96, 104,  -10 },   // '›''…'  -0.31px
    {  96, 163,  -26 },   // '›''Ý'  -0.81px
    {  97,  10,  -23 },   // '·''*'  -0.72px
    {  97,  12,  -16 },   // '·'','  -0.50px
    {  97,  14,  -16 },   // '·''.'  -0.50px
    {  97,  31,  -14 },   // '·''?'  -0.44px
    {  97,  42,  -10 },   // '·''J'  -0.31px
    {  97,  52,  -17 },   // '·''T'  -0.53px
    {  97,  54,  -18 },   // '·''V'  -0.56px
    {  97,  55,  -18 },   // '·''W'  -0.56px
    {  97,  56,   -9 },   // '·''X'  -0.28px
    {  97,  57,  -18 },   // '·''Y'  -0.56px
    {  97,  63,  -16 },   // '·''_'  -0.50px
    {  97,  88,   -9 },   // '·''x'  -0.28px
    {  97,  96,   -8 },   // '·''›'  -0.25px
    {  97,  98,  -16 },   // '·''‘'  -0.50px
    {  97,  99,  -16 },   // '·''’'  -0.50px
    {  97, 100,  -16 },   // '·''“'  -0.50px
    {  97, 101,  -16 },   // '·''”'  -0.50px
    {  97, 104,  -16 },   // '·''…'  -0.50px
    {  97, 114,  -18 },   // '·''ª'  -0.56px
    {  97, 119,  -20 },   // '·''°'  -0.62px
    {  97, 128,  -18 },   // '·''º'  -0.56px
    {  97, 129,   -8 },   // '·''»'  -0.25px
    {  97, 133,  -18 },   // '·''¿'  -0.56px
    {  97, 163,  -18 },   // '·''Ý'  -0.56px
    {  98,  12,  -20 },   // '‘'','  -0.62px
    {  98,  13,  -16 },   // '‘''-'  -0.50px
    {  98,  14,  -20 },   // '‘''.'  -0.62px
    {  98,  15,  -32 },   // '‘''/'  -1.00px
    {  98,  33,  -20 },   // '‘''A'  -0.62px
    {  98,  42,  -23 },   // '‘''J'  -0.72px
    {  98,  63,  -20 },   // '‘''_'  -0.62px
    {  98,  66,   12 },   // '‘''b'  +0.38px
    {  98,  67,  -12 },   // '‘''c'  -0.38px
    {  98,  68,  -12 },   // '‘''d'  -0.38px
    {  98,  69,  -12 },   // '‘''e'  -0.38px
    {  98,  71,  -12 },   // '‘''g'  -0.38px
    {  98,  72,   12 },   // '‘''h'  +0.38px
    {  98,  73,   12 },   // '‘''i'  +0.38px
    {  98,  75,   12 },   // '‘''k'  +0.38px
    {  98,  76,   12 },   // '‘''l'  +0.38px
    {  98,  79,  -12 },   // '‘''o'  -0.38px
    {  98,  81,  -12 },   // '‘''q'  -0.38px
    {  98,  83,  -10 },   // '‘''s'  -0.31px
    {  98,  91,  -16 },   // '‘''{'  -0.50px
    {  98,  97,  -16 },   // '‘''·'  -0.50px
    {  98, 102,  -16 },   // '‘''–'  -0.50px
    {  98, 103,  -16 },   // '‘''—'  -0.50px
    {  98, 104,  -20 },   // '‘''…'  -0.62px
    {  98, 133,  -14 },   // '‘''¿'  -0.44px
    {  98, 134,  -20 },   // '‘''À'  -0.62px
    {  98, 135,  -20 },   // '‘''Á'  -0.62px
    {  98, 136,  -20 },   // '‘''Â'  -0.62px
    {  98, 137,  -20 },   // '‘''Ã'  -0.62px
    {  98, 138,  -20 },   // '‘''Ä'  -0.62px
    {  98, 139,  -20 },   // '‘''Å'  -0.62px
    {  98, 140,  -20 },   // '‘''Æ'  -0.62px
    {  98, 165,   12 },   // '‘''ß'  +0.38px
    {  98, 173,  -12 },   // '‘''ç'  -0.38px
    {  98, 174,  -12 },   // '‘''è'  -0.38px
    {  98, 175,  -12 },   // '‘''é'  -0.38px
    {  98, 176,  -12 },   // '‘''ê'  -0.38px
    {  98, 177,  -12 },   // '‘''ë'  -0.38px
    {  98, 178,   12 },   // '‘''ì'  +0.38px
    {  98, 179,   12 },   // '‘''í'  +0.38px
    {  98, 180,   12 },   // '‘''î'  +0.38px
    {  98, 181,   12 },   // '‘''ï'  +0.38px
    {  98, 182,  -12 },   // '‘''ð'  -0.38px
    {  98, 184,  -12 },   // '‘''ò'  -0.38px
    {  98, 185,  -12 },   // '‘''ó'  -0.38px
    {  98, 186,  -12 },   // '‘''ô'  -0.38px
    {  98, 187,  -12 },   // '‘''õ'  -0.38px
    {  98, 188,  -12 },   // '‘''ö'  -0.38px
    {  98, 190,  -12 },   // '‘''ø'  -0.38px
    {  98, 196,   12 },   // '‘''þ'  +0.38px
    {  99,  12,  -20 },   // '’'','  -0.62px
    {  99,  13,  -16 },   // '’''-'  -0.50px
    {  99,  14,  -20 },   // '’''.'  -0.62px
    {  99,  15,  -32 },   // '’''/'  -1.00px
    {  99,  33,  -20 },   // '’''A'  -0.62px
    {  99,  42,  -23 },   // '’''J'  -0.72px
    {  99,  63,  -20 },   // '’''_'  -0.62px
    {  99,  66,   12 },   // '’''b'  +0.38px
    {  99,  67,  -12 },   // '’''c'  -0.38px
    {  99,  68,  -12 },   // '’''d'  -0.38px
    {  99,  69,  -12 },   // '’''e'  -0.38px
    {  99,  71,  -12 },   // '’''g'  -0.38px
    {  99,  72,   12 },   // '’''h'  +0.38px
    {  99,  73,   12 },   // '’''i'  +0.38px
    {  99,  75,   12 },   // '’''k'  +0.38px
    {  99,  76,   12 },   // '’''l'  +0.38px
    {  99,  79,  -12 },   // '’''o'  -0.38px
    {  99,  81,  -12 },   // '’''q'  -0.38px
    {  99,  83,  -10 },   // '’''s'  -0.31px
    {  99,  91,  -16 },   // '’''{'  -0.50px
    {  99,  97,  -16 },   // '’''·'  -0.50px
    {  99, 102,  -16 },   // '’''–'  -0.50px
    {  99, 103,  -16 },   // '’''—'  -0.50px
    {  99, 104,  -20 },   // '’''…'  -0.62px
    {  99, 133,  -14 },   // '’''¿'  -0.44px
    {  99, 134,  -20 },   // '’''À'  -0.62px
    {  99, 135,  -20 },   // '’''Á'  -0.62px
    {  99, 136,  -20 },   // '’''Â'  -0.62px
    {  99, 137,  -20 },   // '’''Ã'  -0.62px
    {  99, 138,  -20 },   // '’''Ä'  -0.62px
    {  99, 139,  -20 },   // '’''Å'  -0.62px
    {  99, 140,  -20 },   // '’''Æ'  -0.62px
    {  99, 165,   12 },   // '’''ß'  +0.38px
    {  99, 173,  -12 },   // '’''ç'  -0.38px
    {  99, 174,  -12 },   // '’''è'  -0.38px
    {  99, 175,  -12 },   // '’''é'  -0.38px
    {  99, 176,  -12 },   // '’''ê'  -0.38px
    {  99, 177,  -12 },   // '’''ë'  -0.38px
    {  99, 178,   12 },   // '’''ì'  +0.38px
    {  99, 179,   12 },   // '’''í'  +0.38px
    {  99, 180,   12 },   // '’''î'  +0.38px
    {  99, 181,   12 },   // '’''ï'  +0.38px
    {  99, 182,  -12 },   // '’''ð'  -0.38px
    {  99, 184,  -12 },   // '’''ò'  -0.38px
    {  99, 185,  -12 },   // '’''ó'  -0.38px
    {  99, 186,  -12 },   // '’''ô'  -0.38px
    {  99, 187,  -12 },   // '’''õ'  -0.38px
    {  99, 188,  -12 },   // '’''ö'  -0.38px
    {  99, 190,  -12 },   // '’''ø'  -0.38px
    {  99, 196,   12 },   // '’''þ'  +0.38px
    { 100,  12,  -20 },   // '“'','  -0.62px
    { 100,  13,  -16 },   // '“''-'  -0.50px
    { 100,  14,  -20 },   // '“''.'  -0.62px
    { 100,  15,  -32 },   // '“''/'  -1.00px
    { 100,  33,  -20 },   // '“''A'  -0.62px
    { 100,  42,  -23 },   // '“''J'  -0.72px
    { 100,  63,  -20 },   // '“''_'  -0.62px
    { 100,  66,   12 },   // '“''b'  +0.38px
    { 100,  67,  -12 },   // '“''c'  -0.38px
    { 100,  68,  -12 },   // '“''d'  -0.38px
    { 100,  69,  -12 },   // '“''e'  -0.38px
    { 100,  71,  -12 },   // '“''g'  -0.38px
    { 100,  72,   12 },   // '“''h'  +0.38px
    { 100,  73,   12 },   // '“''i'  +0.38px
    { 100,  75,   12 },   // '“''k'  +0.38px
    { 100,  76,   12 },   // '“''l'  +0.38px
    { 100,  79,  -12 },   // '“''o'  -0.38px
    { 100,  81,  -12 },   // '“''q'  -0.38px
    { 100,  83,  -10 },   // '“''s'  -0.31px
    { 100,  91,  -16 },   // '“''{'  -0.50px
    { 100,  97,  -16 },   // '“''·'  -0.50px
    { 100, 102,  -16 },   // '“''–'  -0.50px
    { 100, 103,  -16 },   // '“''—'  -0.50px
    { 100, 104,  -20 },   // '“''…'  -0.62px
    { 100, 133,  -14 },   // '“''¿'  -0.44px
    { 100, 134,  -20 },   // '“''À'  -0.62px
    { 100, 135,  -20 },   // '“''Á'  -0.62px
    { 100, 136,  -20 },   // '“''Â'  -0.62px
    { 100, 137,  -20 },   // '“''Ã'  -0.62px
    { 100, 138,  -20 },   // '“''Ä'  -0.62px
    { 100, 139,  -20 },   // '“''Å'  -0.62px
    { 100, 140,  -20 },   // '“''Æ'  -0.62px
    { 100, 165,   12 },   // '“''ß'  +0.38px
    { 100, 173,  -12 },   // '“''ç'  -0.38px
    { 100, 174,  -12 },   // '“''è'  -0.38px
    { 100, 175,  -12 },   // '“''é'  -0.38px
    { 100, 176,  -12 },   // '“''ê'  -0.38px
    { 100, 177,  -12 },   // '“''ë'  -0.38px
    { 100, 178,   12 },   // '“''ì'  +0.38px
    { 100, 179,   12 },   // '“''í'  +0.38px
    { 100, 180,   12 },   // '“''î'  +0.38px
    { 100, 181,   12 },   // '“''ï'  +0.38px
    { 100, 182,  -12 },   // '“''ð'  -0.38px
    { 100, 184,  -12 },   // '“''ò'  -0.38px
    { 100, 185,  -12 },   // '“''ó'  -0.38px
    { 100, 186,  -12 },   // '“''ô'  -0.38px
    { 100, 187,  -12 },   // '“''õ'  -0.38px
    { 100, 188,  -12 },   // '“''ö'  -0.38px
    { 100, 190,  -12 },   // '“''ø'  -0.38px
    { 100, 196,   12 },   // '“''þ'  +0.38px
    { 101,  12,  -20 },   // '”'','  -0.62px
    { 101,  13,  -16 },   // '”''-'  -0.50px
    { 101,  14,  -20 },   // '”''.'  -0.62px
    { 101,  15,  -32 },   // '”''/'  -1.00px
    { 101,  33,  -20 },   // '”''A'  -0.62px
    { 101,  42,  -23 },   // '”''J'  -0.72px
    { 101,  63,  -20 },   // '”''_'  -0.62px
    { 101,  66,   12 },   // '”''b'  +0.38px
    { 101,  67,  -12 },   // '”''c'  -0.38px
    { 101,  68,  -12 },   // '”''d'  -0.38px
    { 101,  69,  -12 },   // '”''e'  -0.38px
    { 101,  71,  -12 },   // '”''g'  -0.38px
    { 101,  72,   12 },   // '”''h'  +0.38px
    { 101,  73,   12 },   // '”''i'  +0.38px
    { 101,  75,   12 },   // '”''k'  +0.38px
    { 101,  76,   12 },   // '”''l'  +0.38px
    { 101,  79,  -12 },   // '”''o'  -0.38px
    { 101,  81,  -12 },   // '”''q'  -0.38px
    { 101,  83,  -10 },   // '”''s'  -0.31px
    { 101,  91,  -16 },   // '”''{'  -0.50px
    { 101,  97,  -16 },   // '”''·'  -0.50px
    { 101, 102,  -16 },   // '”''–'  -0.50px
    { 101, 103,  -16 },   // '”''—'  -0.50px
    { 101, 104,  -20 },   // '”''…'  -0.62px
    { 101, 133,  -14 },   // '”''¿'  -0.44px
    { 101, 134,  -20 },   // '”''À'  -0.62px
    { 101, 135,  -20 },   // '”''Á'  -0.62px
    { 101, 136,  -20 },   // '”''Â'  -0.62px
    { 101, 137,  -20 },   // '”''Ã'  -0.62px
    { 101, 138,  -20 },   // '”''Ä'  -0.62px
    { 101, 139,  -20 },   // '”''Å'  -0.62px
    { 101, 140,  -20 },   // '”''Æ'  -0.62px
    { 101, 165,   12 },   // '”''ß'  +0.38px
    { 101, 173,  -12 },   // '”''ç'  -0.38px
    { 101, 174,  -12 },   // '”''è'  -0.38px
    { 101, 175,  -12 },   // '”''é'  -0.38px
    { 101, 176,  -12 },   // '”''ê'  -0.38px
    { 101, 177,  -12 },   // '”''ë'  -0.38px
    { 101, 178,   12 },   // '”''ì'  +0.38px
    { 101, 179,   12 },   // '”''í'  +0.38px
    { 101, 180,   12 },   // '”''î'  +0.38px
    { 101, 181,   12 },   // '”''ï'  +0.38px
    { 101, 182,  -12 },   // '”''ð'  -0.38px
    { 101, 184,  -12 },   // '”''ò'  -0.38px
    { 101, 185,  -12 },   // '”''ó'  -0.38px
    { 101, 186,  -12 },   // '”''ô'  -0.38px
    { 101, 187,  -12 },   // '”''õ'  -0.38px
    { 101, 188,  -12 },   // '”''ö'  -0.38px
    { 101, 190,  -12 },   // '”''ø'  -0.38px
    { 101, 196,   12 },   // '”''þ'  +0.38px
    { 102,  10,  -23 },   // '–''*'  -0.72px
    { 102,  12,  -16 },   // '–'','  -0.50px
    { 102,  14,  -16 },   // '–''.'  -0.50px
    { 102,  31,  -14 },   // '–''?'  -0.44px
    { 102,  42,  -10 },   // '–''J'  -0.31px
    { 102,  52,  -17 },   // '–''T'  -0.53px
    { 102,  54,  -18 },   // '–''V'  -0.56px
    { 102,  55,  -18 },   // '–''W'  -0.56px
    { 102,  56,   -9 },   // '–''X'  -0.28px
    { 102,  57,  -18 },   // '–''Y'  -0.56px
    { 102,  63,  -16 },   // '–''_'  -0.50px
    { 102,  88,   -9 },   // '–''x'  -0.28px
    { 102,  96,   -8 },   // '–''›'  -0.25px
    { 102,  98,  -16 },   // '–''‘'  -0.50px
    { 102,  99,  -16 },   // '–''’'  -0.50px
    { 102, 100,  -16 },   // '–''“'  -0.50px
    { 102, 101,  -16 },   // '–''”'  -0.50px
    { 102, 104,  -16 },   // '–''…'  -0.50px
    { 102, 114,  -18 },   // '–''ª'  -0.56px
    { 102, 119,  -20 },   // '–''°'  -0.62px
    { 102, 128,  -18 },   // '–''º'  -0.56px
    { 102, 129,   -8 },   // '–''»'  -0.25px
    { 102, 133,  -18 },   // '–''¿'  -0.56px
    { 102, 163,  -18 },   // '–''Ý'  -0.56px
    { 103,  10,  -23 },   // '—''*'  -0.72px
    { 103,  12,  -16 },   // '—'','  -0.50px
    { 103,  14,  -16 },   // '—''.'  -0.50px
    { 103,  31,  -14 },   // '—''?'  -0.44px
    { 103,  42,  -10 },   // '—''J'  -0.31px
    { 103,  52,  -17 },   // '—''T'  -0.53px
    { 103,  54,  -18 },   // '—''V'  -0.56px
    { 103,  55,  -18 },   // '—''W'  -0.56px
    { 103,  56,   -9 },   // '—''X'  -0.28px
    { 103,  57,  -18 },   // '—''Y'  -0.56px
    { 103,  63,  -16 },   // '—''_'  -0.50px
    { 103,  88,   -9 },   // '—''x'  -0.28px
    { 103,  96,   -8 },   // '—''›'  -0.25px
    { 103,  98,  -16 },   // '—''‘'  -0.50px
    { 103,  99,  -16 },   // '—''’'  -0.50px
    { 103, 100,  -16 },   // '—''“'  -0.50px
    { 103, 101,  -16 },   // '—''”'  -0.50px
    { 103, 104,  -16 },   // '—''…'  -0.50px
    { 103, 114,  -18 },   // '—''ª'  -0.56px
    { 103, 119,  -20 },   // '—''°'  -0.62px
    { 103, 128,  -18 },   // '—''º'  -0.56px
    { 103, 129,   -8 },   // '—''»'  -0.25px
    { 103, 133,  -18 },   // '—''¿'  -0.56px
    { 103, 163,  -18 },   // '—''Ý'  -0.56px
    { 104,  10,  -20 },   // '…''*'  -0.62px
    { 104,  13,  -16 },   // '…''-'  -0.50px
    { 104,  15,   23 },   // '…''/'  +0.72px
    { 104,  31,  -26 },   // '…''?'  -0.81px
    { 104,  32,  -14 },   // '…''@'  -0.44px
    { 104,  35,  -14 },   // '…''C'  -0.44px
    { 104,  39,  -14 },   // '…''G'  -0.44px
    { 104,  42,   12 },   // '…''J'  +0.38px
    { 104,  47,  -14 },   // '…''O'  -0.44px
    { 104,  49,  -14 },   // '…''Q'  -0.44px
    { 104,  52,  -23 },   // '…''T'  -0.72px
    { 104,  54,  -20 },   // '…''V'  -0.62px
    { 104,  55,  -20 },   // '…''W'  -0.62px
    { 104,  57,  -24 },   // '…''Y'  -0.75px
    { 104,  84,  -10 },   // '…''t'  -0.31px
    { 104,  86,  -17 },   // '…''v'  -0.53px
    { 104,  87,  -17 },   // '…''w'  -0.53px
    { 104,  89,  -17 },   // '…''y'  -0.53px
    { 104,  91,  -16 },   // '…''{'  -0.50px
    { 104,  95,  -10 },   // '…''‹'  -0.31px
    { 104,  97,  -16 },   // '…''·'  -0.50px
    { 104,  98,  -20 },   // '…''‘'  -0.62px
    { 104,  99,  -20 },   // '…''’'  -0.62px
    { 104, 100,  -20 },   // '…''“'  -0.62px
    { 104, 101,  -20 },   // '…''”'  -0.62px
    { 104, 102,  -16 },   // '…''–'  -0.50px
    { 104, 103,  -16 },   // '…''—'  -0.50px
    { 104, 113,  -14 },   // '…''©'  -0.44px
    { 104, 114,  -20 },   // '…''ª'  -0.62px
    { 104, 115,  -10 },   // '…''«'  -0.31px
    { 104, 117,  -14 },   // '…''®'  -0.44px
    { 104, 119,  -23 },   // '…''°'  -0.72px
    { 104, 128,  -20 },   // '…''º'  -0.62px
    { 104, 141,  -14 },   // '…''Ç'  -0.44px
    { 104, 152,  -14 },   // '…''Ò'  -0.44px
    { 104, 153,  -14 },   // '…''Ó'  -0.44px
    { 104, 154,  -14 },   // '…''Ô'  -0.44px
    { 104, 155,  -14 },   // '…''Õ'  -0.44px
    { 104, 156,  -14 },   // '…''Ö'  -0.44px
    { 104, 158,  -14 },   // '…''Ø'  -0.44px
    { 104, 163,  -24 },   // '…''Ý'  -0.75px
    { 104, 195,  -17 },   // '…''ý'  -0.53px
    { 104, 197,  -17 },   // '…''ÿ'  -0.53px
    { 105,  42,   10 },   // '¡''J'  +0.31px
    { 105,  74,   18 },   // '¡''j'  +0.56px
    { 113,  12,  -14 },   // '©'','  -0.44px
    { 113,  14,  -14 },   // '©''.'  -0.44px
    { 113,  42,  -12 },   // '©''J'  -0.38px
    { 113,  52,  -15 },   // '©''T'  -0.47px
    { 113,  56,  -10 },   // '©''X'  -0.31px
    { 113,  57,  -15 },   // '©''Y'  -0.47px
    { 113,  63,  -14 },   // '©''_'  -0.44px
    { 113, 104,  -14 },   // '©''…'  -0.44px
    { 113, 163,  -15 },   // '©''Ý'  -0.47px
    { 114,  12,  -20 },   // 'ª'','  -0.62px
    { 114,  13,  -18 },   // 'ª''-'  -0.56px
    { 114,  14,  -20 },   // 'ª''.'  -0.62px
    { 114,  15,  -38 },   // 'ª''/'  -1.19px
    { 114,  31,   14 },   // 'ª''?'  +0.44px
    { 114,  33,  -31 },   // 'ª''A'  -0.97px
    { 114,  42,  -21 },   // 'ª''J'  -0.66px
    { 114,  57,   12 },   // 'ª''Y'  +0.38px
    { 114,  63,  -20 },   // 'ª''_'  -0.62px
    { 114,  67,  -10 },   // 'ª''c'  -0.31px
    { 114,  68,  -10 },   // 'ª''d'  -0.31px
    { 114,  69,  -10 },   // 'ª''e'  -0.31px
    { 114,  70,   16 },   // 'ª''f'  +0.50px
    { 114,  71,  -10 },   // 'ª''g'  -0.31px
    { 114,  79,  -10 },   // 'ª''o'  -0.31px
    { 114,  81,  -10 },   // 'ª''q'  -0.31px
    { 114,  84,   16 },   // 'ª''t'  +0.50px
    { 114,  91,  -18 },   // 'ª''{'  -0.56px
    { 114,  97,  -18 },   // 'ª''·'  -0.56px
    { 114, 102,  -18 },   // 'ª''–'  -0.56px
    { 114, 103,  -18 },   // 'ª''—'  -0.56px
    { 114, 104,  -20 },   // 'ª''…'  -0.62px
    { 114, 133,  -18 },   // 'ª''¿'  -0.56px
    { 114, 134,  -31 },   // 'ª''À'  -0.97px
    { 114, 135,  -31 },   // 'ª''Á'  -0.97px
    { 114, 136,  -31 },   // 'ª''Â'  -0.97px
    { 114, 137,  -31 },   // 'ª''Ã'  -0.97px
    { 114, 138,  -31 },   // 'ª''Ä'  -0.97px
    { 114, 139,  -31 },   // 'ª''Å'  -0.97px
    { 114, 140,  -31 },   // 'ª''Æ'  -0.97px
    { 114, 163,   12 },   // 'ª''Ý'  +0.38px
    { 114, 173,  -10 },   // 'ª''ç'  -0.31px
    { 114, 174,  -10 },   // 'ª''è'  -0.31px
    { 114, 175,  -10 },   // 'ª''é'  -0.31px
    { 114, 176,  -10 },   // 'ª''ê'  -0.31px
    { 114, 177,  -10 },   // 'ª''ë'  -0.31px
    { 114, 182,  -10 },   // 'ª''ð'  -0.31px
    { 114, 184,  -10 },   // 'ª''ò'  -0.31px
    { 114, 185,  -10 },   // 'ª''ó'  -0.31px
    { 114, 186,  -10 },   // 'ª''ô'  -0.31px
    { 114, 187,  -10 },   // 'ª''õ'  -0.31px
    { 114, 188,  -10 },   // 'ª''ö'  -0.31px
    { 114, 190,  -10 },   // 'ª''ø'  -0.31px
    { 115,  13,   -8 },   // '«''-'  -0.25px
    { 115,  52,  -21 },   // '«''T'  -0.66px
    { 115,  54,  -18 },   // '«''V'  -0.56px
    { 115,  55,  -18 },   // '«''W'  -0.56px
    { 115,  57,  -21 },   // '«''Y'  -0.66px
    { 115,  91,   -8 },   // '«''{'  -0.25px
    { 115,  97,   -8 },   // '«''·'  -0.25px
    { 115, 102,   -8 },   // '«''–'  -0.25px
    { 115, 103,   -8 },   // '«''—'  -0.25px
    { 115, 163,  -21 },   // '«''Ý'  -0.66px
    { 117,  12,  -14 },   // '®'','  -0.44px
    { 117,  14,  -14 },   // '®''.'  -0.44px
    { 117,  42,  -12 },   // '®''J'  -0.38px
    { 117,  52,  -15 },   // '®''T'  -0.47px
    { 117,  56,  -10 },   // '®''X'  -0.31px
    { 117,  57,  -15 },   // '®''Y'  -0.47px
    { 117,  63,  -14 },   // '®''_'  -0.44px
    { 117, 104,  -14 },   // '®''…'  -0.44px
    { 117, 163,  -15 },   // '®''Ý'  -0.47px
    { 119,  12,  -23 },   // '°'','  -0.72px
    { 119,  13,  -20 },   // '°''-'  -0.62px
    { 119,  14,  -23 },   // '°''.'  -0.72px
    { 119,  15,  -44 },   // '°''/'  -1.38px
    { 119,  31,    9 },   // '°''?'  +0.28px
    { 119,  33,  -30 },   // '°''A'  -0.94px
    { 119,  42,  -23 },   // '°''J'  -0.72px
    { 119,  63,  -23 },   // '°''_'  -0.72px
    { 119,  67,  -12 },   // '°''c'  -0.38px
    { 119,  68,  -12 },   // '°''d'  -0.38px
    { 119,  69,  -12 },   // '°''e'  -0.38px
    { 119,  71,  -12 },   // '°''g'  -0.38px
    { 119,  79,  -12 },   // '°''o'  -0.38px
    { 119,  81,  -12 },   // '°''q'  -0.38px
    { 119,  91,  -20 },   // '°''{'  -0.62px
    { 119,  97,  -20 },   // '°''·'  -0.62px
    { 119, 102,  -20 },   // '°''–'  -0.62px
    { 119, 103,  -20 },   // '°''—'  -0.62px
    { 119, 104,  -23 },   // '°''…'  -0.72px
    { 119, 133,  -21 },   // '°''¿'  -0.66px
    { 119, 134,  -30 },   // '°''À'  -0.94px
    { 119, 135,  -30 },   // '°''Á'  -0.94px
    { 119, 136,  -30 },   // '°''Â'  -0.94px
    { 119, 137,  -30 },   // '°''Ã'  -0.94px
    { 119, 138,  -30 },   // '°''Ä'  -0.94px
    { 119, 139,  -30 },   // '°''Å'  -0.94px
    { 119, 140,  -30 },   // '°''Æ'  -0.94px
    { 119, 173,  -12 },   // '°''ç'  -0.38px
    { 119, 174,  -12 },   // '°''è'  -0.38px
    { 119, 175,  -12 },   // '°''é'  -0.38px
    { 119, 176,  -12 },   // '°''ê'  -0.38px
    { 119, 177,  -12 },   // '°''ë'  -0.38px
    { 119, 182,  -12 },   // '°''ð'  -0.38px
    { 119, 184,  -12 },   // '°''ò'  -0.38px
    { 119, 185,  -12 },   // '°''ó'  -0.38px
    { 119, 186,  -12 },   // '°''ô'  -0.38px
    { 119, 187,  -12 },   // '°''õ'  -0.38px
    { 119, 188,  -12 },   // '°''ö'  -0.38px
    { 119, 190,  -12 },   // '°''ø'  -0.38px
    { 128,  12,  -20 },   // 'º'','  -0.62px
    { 128,  13,  -18 },   // 'º''-'  -0.56px
    { 128,  14,  -20 },   // 'º''.'  -0.62px
    { 128,  15,  -38 },   // 'º''/'  -1.19px
    { 128,  31,   14 },   // 'º''?'  +0.44px
    { 128,  33,  -31 },   // 'º''A'  -0.97px
    { 128,  42,  -21 },   // 'º''J'  -0.66px
    { 128,  57,   12 },   // 'º''Y'  +0.38px
    { 128,  63,  -20 },   // 'º''_'  -0.62px
    { 128,  67,  -10 },   // 'º''c'  -0.31px
    { 128,  68,  -10 },   // 'º''d'  -0.31px
    { 128,  69,  -10 },   // 'º''e'  -0.31px
    { 128,  70,   16 },   // 'º''f'  +0.50px
    { 128,  71,  -10 },   // 'º''g'  -0.31px
    { 128,  79,  -10 },   // 'º''o'  -0.31px
    { 128,  81,  -10 },   // 'º''q'  -0.31px
    { 128,  84,   16 },   // 'º''t'  +0.50px
    { 128,  91,  -18 },   // 'º''{'  -0.56px
    { 128,  97,  -18 },   // 'º''·'  -0.56px
    { 128, 102,  -18 },   // 'º''–'  -0.56px
    { 128, 103,  -18 },   // 'º''—'  -0.56px
    { 128, 104,  -20 },   // 'º''…'  -0.62px
    { 128, 133,  -18 },   // 'º''¿'  -0.56px
    { 128, 134,  -31 },   // 'º''À'  -0.97px
    { 128, 135,  -31 },   // 'º''Á'  -0.97px
    { 128, 136,  -31 },   // 'º''Â'  -0.97px
    { 128, 137,  -31 },   // 'º''Ã'  -0.97px
    { 128, 138,  -31 },   // 'º''Ä'  -0.97px
    { 128, 139,  -31 },   // 'º''Å'  -0.97px
    { 128, 140,  -31 },   // 'º''Æ'  -0.97px
    { 128, 163,   12 },   // 'º''Ý'  +0.38px
    { 128, 173,  -10 },   // 'º''ç'  -0.31px
    { 128, 174,  -10 },   // 'º''è'  -0.31px
    { 128, 175,  -10 },   // 'º''é'  -0.31px
    { 128, 176,  -10 },   // 'º''ê'  -0.31px
    { 128, 177,  -10 },   // 'º''ë'  -0.31px
    { 128, 182,  -10 },   // 'º''ð'  -0.31px
    { 128, 184,  -10 },   // 'º''ò'  -0.31px
    { 128, 185,  -10 },   // 'º''ó'  -0.31px
    { 128, 186,  -10 },   // 'º''ô'  -0.31px
    { 128, 187,  -10 },   // 'º''õ'  -0.31px
    { 128, 188,  -10 },   // 'º''ö'  -0.31px
    { 128, 190,  -10 },   // 'º''ø'  -0.31px
    { 129,  10,  -16 },   // '»''*'  -0.50px
    { 129,  12,  -10 },   // '»'','  -0.31px
    { 129,  14,  -10 },   // '»''.'  -0.31px
    { 129,  52,  -22 },   // '»''T'  -0.69px
    { 129,  54,  -24 },   // '»''V'  -0.75px
    { 129,  55,  -24 },   // '»''W'  -0.75px
    { 129,  56,  -14 },   // '»''X'  -0.44px
    { 129,  57,  -26 },   // '»''Y'  -0.81px
    { 129,  63,  -10 },   // '»''_'  -0.31px
    { 129,  88,  -10 },   // '»''x'  -0.31px
    { 129, 104,  -10 },   // '»''…'  -0.31px
    { 129, 163,  -26 },   // '»''Ý'  -0.81px
    { 133,   9,   12 },   // '¿'')'  +0.38px
    { 133,  10,  -15 },   // '¿''*'  -0.47px
    { 133,  13,  -18 },   // '¿''-'  -0.56px
    { 133,  15,   21 },   // '¿''/'  +0.66px
    { 133,  31,  -16 },   // '¿''?'  -0.50px
    { 133,  32,  -16 },   // '¿''@'  -0.50px
    { 133,  35,  -16 },   // '¿''C'  -0.50px
    { 133,  39,  -16 },   // '¿''G'  -0.50px
    { 133,  42,   14 },   // '¿''J'  +0.44px
    { 133,  47,  -16 },   // '¿''O'  -0.50px
    { 133,  49,  -16 },   // '¿''Q'  -0.50px
    { 133,  52,  -22 },   // '¿''T'  -0.69px
    { 133,  54,  -22 },   // '¿''V'  -0.69px
    { 133,  55,  -22 },   // '¿''W'  -0.69px
    { 133,  57,  -22 },   // '¿''Y'  -0.69px
    { 133,  61,   12 },   // '¿'']'  +0.38px
    { 133,  66,   35 },   // '¿''b'  +1.09px
    { 133,  67,   -8 },   // '¿''c'  -0.25px
    { 133,  68,   -8 },   // '¿''d'  -0.25px
    { 133,  69,   -8 },   // '¿''e'  -0.25px
    { 133,  71,   -8 },   // '¿''g'  -0.25px
    { 133,  72,   35 },   // '¿''h'  +1.09px
    { 133,  73,   35 },   // '¿''i'  +1.09px
    { 133,  74,   35 },   // '¿''j'  +1.09px
    { 133,  75,   35 },   // '¿''k'  +1.09px
    { 133,  76,   35 },   // '¿''l'  +1.09px
    { 133,  79,   -8 },   // '¿''o'  -0.25px
    { 133,  81,   -8 },   // '¿''q'  -0.25px
    { 133,  91,  -18 },   // '¿''{'  -0.56px
    { 133,  93,   12 },   // '¿''}'  +0.38px
    { 133,  97,  -18 },   // '¿''·'  -0.56px
    { 133,  98,  -10 },   // '¿''‘'  -0.31px
    { 133,  99,  -10 },   // '¿''’'  -0.31px
    { 133, 100,  -10 },   // '¿''“'  -0.31px
    { 133, 101,  -10 },   // '¿''”'  -0.31px
    { 133, 102,  -18 },   // '¿''–'  -0.56px
    { 133, 103,  -18 },   // '¿''—'  -0.56px
    { 133, 113,  -16 },   // '¿''©'  -0.50px
    { 133, 114,  -14 },   // '¿''ª'  -0.44px
    { 133, 117,  -16 },   // '¿''®'  -0.50px
    { 133, 119,  -16 },   // '¿''°'  -0.50px
    { 133, 128,  -14 },   // '¿''º'  -0.44px
    { 133, 141,  -16 },   // '¿''Ç'  -0.50px
    { 133, 152,  -16 },   // '¿''Ò'  -0.50px
    { 133, 153,  -16 },   // '¿''Ó'  -0.50px
    { 133, 154,  -16 },   // '¿''Ô'  -0.50px
    { 133, 155,  -16 },   // '¿''Õ'  -0.50px
    { 133, 156,  -16 },   // '¿''Ö'  -0.50px
    { 133, 158,  -16 },   // '¿''Ø'  -0.50px
    { 133, 163,  -22 },   // '¿''Ý'  -0.69px
    { 133, 165,   35 },   // '¿''ß'  +1.09px
    { 133, 173,   -8 },   // '¿''ç'  -0.25px
    { 133, 174,   -8 },   // '¿''è'  -0.25px
    { 133, 175,   -8 },   // '¿''é'  -0.25px
    { 133, 176,   -8 },   // '¿''ê'  -0.25px
    { 133, 177,   -8 },   // '¿''ë'  -0.25px
    { 133, 178,   35 },   // '¿''ì'  +1.09px
    { 133, 179,   35 },   // '¿''í'  +1.09px
    { 133, 180,   35 },   // '¿''î'  +1.09px
    { 133, 181,   35 },   // '¿''ï'  +1.09px
    { 133, 182,   -8 },   // '¿''ð'  -0.25px
    { 133, 184,   -8 },   // '¿''ò'  -0.25px
    { 133, 185,   -8 },   // '¿''ó'  -0.25px
    { 133, 186,   -8 },   // '¿''ô'  -0.25px
    { 133, 187,   -8 },   // '¿''õ'  -0.25px
    { 133, 188,   -8 },   // '¿''ö'  -0.25px
    { 133, 190,   -8 },   // '¿''ø'  -0.25px
    { 133, 196,   35 },   // '¿''þ'  +1.09px
    { 134,  10,  -26 },   // 'À''*'  -0.81px
    { 134,  15,   10 },   // 'À''/'  +0.31px
    { 134,  31,  -20 },   // 'À''?'  -0.62px
    { 134,  52,  -28 },   // 'À''T'  -0.88px
    { 134,  54,  -21 },   // 'À''V'  -0.66px
    { 134,  55,  -21 },   // 'À''W'  -0.66px
    { 134,  57,  -23 },   // 'À''Y'  -0.72px
    { 134,  86,  -10 },   // 'À''v'  -0.31px
    { 134,  87,  -10 },   // 'À''w'  -0.31px
    { 134,  88,   -8 },   // 'À''x'  -0.25px
    { 134,  89,  -10 },   // 'À''y'  -0.31px
    { 134,  98,  -20 },   // 'À''‘'  -0.62px
    { 134,  99,  -20 },   // 'À''’'  -0.62px
    { 134, 100,  -20 },   // 'À''“'  -0.62px
    { 134, 101,  -20 },   // 'À''”'  -0.62px
    { 134, 114,  -31 },   // 'À''ª'  -0.97px
    { 134, 119,  -30 },   // 'À''°'  -0.94px
    { 134, 128,  -31 },   // 'À''º'  -0.97px
    { 134, 163,  -23 },   // 'À''Ý'  -0.72px
    { 134, 195,  -10 },   // 'À''ý'  -0.31px
    { 134, 197,  -10 },   // 'À''ÿ'  -0.31px
    { 135,  10,  -26 },   // 'Á''*'  -0.81px
    { 135,  15,   10 },   // 'Á''/'  +0.31px
    { 135,  31,  -20 },   // 'Á''?'  -0.62px
    { 135,  52,  -28 },   // 'Á''T'  -0.88px
    { 135,  54,  -21 },   // 'Á''V'  -0.66px
    { 135,  55,  -21 },   // 'Á''W'  -0.66px
    { 135,  57,  -23 },   // 'Á''Y'  -0.72px
    { 135,  86,  -10 },   // 'Á''v'  -0.31px
    { 135,  87,  -10 },   // 'Á''w'  -0.31px
    { 135,  88,   -8 },   // 'Á''x'  -0.25px
    { 135,  89,  -10 },   // 'Á''y'  -0.31px
    { 135,  98,  -20 },   // 'Á''‘'  -0.62px
    { 135,  99,  -20 },   // 'Á''’'  -0.62px
    { 135, 100,  -20 },   // 'Á''“'  -0.62px
    { 135, 101,  -20 },   // 'Á''”'  -0.62px
    { 135, 114,  -31 },   // 'Á''ª'  -0.97px
    { 135, 119,  -30 },   // 'Á''°'  -0.94px
    { 135, 128,  -31 },   // 'Á''º'  -0.97px
    { 135, 163,  -23 },   // 'Á''Ý'  -0.72px
    { 135, 195,  -10 },   // 'Á''ý'  -0.31px
    { 135, 197,  -10 },   // 'Á''ÿ'  -0.31px
    { 136,  10,  -26 },   // 'Â''*'  -0.81px
    { 136,  15,   10 },   // 'Â''/'  +0.31px
    { 136,  31,  -20 },   // 'Â''?'  -0.62px
    { 136,  52,  -28 },   // 'Â''T'  -0.88px
    { 136,  54,  -21 },   // 'Â''V'  -0.66px
    { 136,  55,  -21 },   // 'Â''W'  -0.66px
    { 136,  57,  -23 },   // 'Â''Y'  -0.72px
    { 136,  86,  -10 },   // 'Â''v'  -0.31px
    { 136,  87,  -10 },   // 'Â''w'  -0.31px
    { 136,  88,   -8 },   // 'Â''x'  -0.25px
    { 136,  89,  -10 },   // 'Â''y'  -0.31px
    { 136,  98,  -20 },   // 'Â''‘'  -0.62px
    { 136,  99,  -20 },   // 'Â''’'  -0.62px
    { 136, 100,  -20 },   // 'Â''“'  -0.62px
    { 136, 101,  -20 },   // 'Â''”'  -0.62px
    { 136, 114,  -31 },   // 'Â''ª'  -0.97px
    { 136, 119,  -30 },   // 'Â''°'  -0.94px
    { 136, 128,  -31 },   // 'Â''º'  -0.97px
    { 136, 163,  -23 },   // 'Â''Ý'  -0.72px
    { 136, 195,  -10 },   // 'Â''ý'  -0.31px
    { 136, 197,  -10 },   // 'Â''ÿ'  -0.31px
    { 137,  10,  -26 },   // 'Ã''*'  -0.81px
    { 137,  15,   10 },   // 'Ã''/'  +0.31px
    { 137,  31,  -20 },   // 'Ã''?'  -0.62px
    { 137,  52,  -28 },   // 'Ã''T'  -0.88px
    { 137,  54,  -21 },   // 'Ã''V'  -0.66px
    { 137,  55,  -21 },   // 'Ã''W'  -0.66px
    { 137,  57,  -23 },   // 'Ã''Y'  -0.72px
    { 137,  86,  -10 },   // 'Ã''v'  -0.31px
    { 137,  87,  -10 },   // 'Ã''w'  -0.31px
    { 137,  88,   -8 },   // 'Ã''x'  -0.25px
    { 137,  89,  -10 },   // 'Ã''y'  -0.31px
    { 137,  98,  -20 },   // 'Ã''‘'  -0.62px
    { 137,  99,  -20 },   // 'Ã''’'  -0.62px
    { 137, 100,  -20 },   // 'Ã''“'  -0.62px
    { 137, 101,  -20 },   // 'Ã''”'  -0.62px
    { 137, 114,  -31 },   // 'Ã''ª'  -0.97px
    { 137, 119,  -30 },   // 'Ã''°'  -0.94px
    { 137, 128,  -31 },   // 'Ã''º'  -0.97px
    { 137, 163,  -23 },   // 'Ã''Ý'  -0.72px
    { 137, 195,  -10 },   // 'Ã''ý'  -0.31px
    { 137, 197,  -10 },   // 'Ã''ÿ'  -0.31px
    { 138,  10,  -26 },   // 'Ä''*'  -0.81px
    { 138,  15,   10 },   // 'Ä''/'  +0.31px
    { 138,  31,  -20 },   // 'Ä''?'  -0.62px
    { 138,  52,  -28 },   // 'Ä''T'  -0.88px
    { 138,  54,  -21 },   // 'Ä''V'  -0.66px
    { 138,  55,  -21 },   // 'Ä''W'  -0.66px
    { 138,  57,  -23 },   // 'Ä''Y'  -0.72px
    { 138,  86,  -10 },   // 'Ä''v'  -0.31px
    { 138,  87,  -10 },   // 'Ä''w'  -0.31px
    { 138,  88,   -8 },   // 'Ä''x'  -0.25px
    { 138,  89,  -10 },   // 'Ä''y'  -0.31px
    { 138,  98,  -20 },   // 'Ä''‘'  -0.62px
    { 138,  99,  -20 },   // 'Ä''’'  -0.62px
    { 138, 100,  -20 },   // 'Ä''“'  -0.62px
    { 138, 101,  -20 },   // 'Ä''”'  -0.62px
    { 138, 114,  -31 },   // 'Ä''ª'  -0.97px
    { 138, 119,  -30 },   // 'Ä''°'  -0.94px
    { 138, 128,  -31 },   // 'Ä''º'  -0.97px
    { 138, 163,  -23 },   // 'Ä''Ý'  -0.72px
    { 138, 195,  -10 },   // 'Ä''ý'  -0.31px
    { 138, 197,  -10 },   // 'Ä''ÿ'  -0.31px
    { 139,  10,  -26 },   // 'Å''*'  -0.81px
    { 139,  15,   10 },   // 'Å''/'  +0.31px
    { 139,  31,  -20 },   // 'Å''?'  -0.62px
    { 139,  52,  -28 },   // 'Å''T'  -0.88px
    { 139,  54,  -21 },   // 'Å''V'  -0.66px
    { 139,  55,  -21 },   // 'Å''W'  -0.66px
    { 139,  57,  -23 },   // 'Å''Y'  -0.72px
    { 139,  86,  -10 },   // 'Å''v'  -0.31px
    { 139,  87,  -10 },   // 'Å''w'  -0.31px
    { 139,  88,   -8 },   // 'Å''x'  -0.25px
    { 139,  89,  -10 },   // 'Å''y'  -0.31px
    { 139,  98,  -20 },   // 'Å''‘'  -0.62px
    { 139,  99,  -20 },   // 'Å''’'  -0.62px
    { 139, 100,  -20 },   // 'Å''“'  -0.62px
    { 139, 101,  -20 },   // 'Å''”'  -0.62px
    { 139, 114,  -31 },   // 'Å''ª'  -0.97px
    { 139, 119,  -30 },   // 'Å''°'  -0.94px
    { 139, 128,  -31 },   // 'Å''º'  -0.97px
    { 139, 163,  -23 },   // 'Å''Ý'  -0.72px
    { 139, 195,  -10 },   // 'Å''ý'  -0.31px
    { 139, 197,  -10 },   // 'Å''ÿ'  -0.31px
    { 140,  15,   12 },   // 'Æ''/'  +0.38px
    { 141,   6,   -8 },   // 'Ç''&'  -0.25px
    { 141,  13,  -12 },   // 'Ç''-'  -0.38px
    { 141,  32,   -8 },   // 'Ç''@'  -0.25px
    { 141,  35,   -8 },   // 'Ç''C'  -0.25px
    { 141,  39,   -8 },   // 'Ç''G'  -0.25px
    { 141,  47,   -8 },   // 'Ç''O'  -0.25px
    { 141,  49,   -8 },   // 'Ç''Q'  -0.25px
    { 141,  67,  -12 },   // 'Ç''c'  -0.38px
    { 141,  68,  -12 },   // 'Ç''d'  -0.38px
    { 141,  69,  -12 },   // 'Ç''e'  -0.38px
    { 141,  70,   -8 },   // 'Ç''f'  -0.25px
    { 141,  71,  -12 },   // 'Ç''g'  -0.38px
    { 141,  79,  -12 },   // 'Ç''o'  -0.38px
    { 141,  81,  -12 },   // 'Ç''q'  -0.38px
    { 141,  84,   -8 },   // 'Ç''t'  -0.25px
    { 141,  86,   -9 },   // 'Ç''v'  -0.28px
    { 141,  87,   -9 },   // 'Ç''w'  -0.28px
    { 141,  89,   -9 },   // 'Ç''y'  -0.28px
    { 141,  91,  -12 },   // 'Ç''{'  -0.38px
    { 141,  95,   -8 },   // 'Ç''‹'  -0.25px
    { 141,  97,  -12 },   // 'Ç''·'  -0.38px
    { 141, 102,  -12 },   // 'Ç''–'  -0.38px
    { 141, 103,  -12 },   // 'Ç''—'  -0.38px
    { 141, 113,   -8 },   // 'Ç''©'  -0.25px
    { 141, 115,   -8 },   // 'Ç''«'  -0.25px
    { 141, 117,   -8 },   // 'Ç''®'  -0.25px
    { 141, 141,   -8 },   // 'Ç''Ç'  -0.25px
    { 141, 152,   -8 },   // 'Ç''Ò'  -0.25px
    { 141, 153,   -8 },   // 'Ç''Ó'  -0.25px
    { 141, 154,   -8 },   // 'Ç''Ô'  -0.25px
    { 141, 155,   -8 },   // 'Ç''Õ'  -0.25px
    { 141, 156,   -8 },   // 'Ç''Ö'  -0.25px
    { 141, 158,   -8 },   // 'Ç''Ø'  -0.25px
    { 141, 173,  -12 },   // 'Ç''ç'  -0.38px
    { 141, 174,  -12 },   // 'Ç''è'  -0.38px
    { 141, 175,  -12 },   // 'Ç''é'  -0.38px
    { 141, 176,  -12 },   // 'Ç''ê'  -0.38px
    { 141, 177,  -12 },   // 'Ç''ë'  -0.38px
    { 141, 182,  -12 },   // 'Ç''ð'  -0.38px
    { 141, 184,  -12 },   // 'Ç''ò'  -0.38px
    { 141, 185,  -12 },   // 'Ç''ó'  -0.38px
    { 141, 186,  -12 },   // 'Ç''ô'  -0.38px
    { 141, 187,  -12 },   // 'Ç''õ'  -0.38px
    { 141, 188,  -12 },   // 'Ç''ö'  -0.38px
    { 141, 190,  -12 },   // 'Ç''ø'  -0.38px
    { 141, 195,   -9 },   // 'Ç''ý'  -0.28px
    { 141, 197,   -9 },   // 'Ç''ÿ'  -0.28px
    { 142,  15,   12 },   // 'È''/'  +0.38px
    { 143,  15,   12 },   // 'É''/'  +0.38px
    { 144,  15,   12 },   // 'Ê''/'  +0.38px
    { 145,  15,   12 },   // 'Ë''/'  +0.38px
    { 150,  12,  -14 },   // 'Ð'','  -0.44px
    { 150,  14,  -14 },   // 'Ð''.'  -0.44px
    { 150,  42,  -12 },   // 'Ð''J'  -0.38px
    { 150,  52,  -15 },   // 'Ð''T'  -0.47px
    { 150,  56,  -10 },   // 'Ð''X'  -0.31px
    { 150,  57,  -15 },   // 'Ð''Y'  -0.47px
    { 150,  63,  -14 },   // 'Ð''_'  -0.44px
    { 150, 104,  -14 },   // 'Ð''…'  -0.44px
    { 150, 163,  -15 },   // 'Ð''Ý'  -0.47px
    { 152,  12,  -14 },   // 'Ò'','  -0.44px
    { 152,  14,  -14 },   // 'Ò''.'  -0.44px
    { 152,  42,  -12 },   // 'Ò''J'  -0.38px
    { 152,  52,  -15 },   // 'Ò''T'  -0.47px
    { 152,  56,  -10 },   // 'Ò''X'  -0.31px
    { 152,  57,  -15 },   // 'Ò''Y'  -0.47px
    { 152,  63,  -14 },   // 'Ò''_'  -0.44px
    { 152, 104,  -14 },   // 'Ò''…'  -0.44px
    { 152, 163,  -15 },   // 'Ò''Ý'  -0.47px
    { 153,  12,  -14 },   // 'Ó'','  -0.44px
    { 153,  14,  -14 },   // 'Ó''.'  -0.44px
    { 153,  42,  -12 },   // 'Ó''J'  -0.38px
    { 153,  52,  -15 },   // 'Ó''T'  -0.47px
    { 153,  56,  -10 },   // 'Ó''X'  -0.31px
    { 153,  57,  -15 },   // 'Ó''Y'  -0.47px
    { 153,  63,  -14 },   // 'Ó''_'  -0.44px
    { 153, 104,  -14 },   // 'Ó''…'  -0.44px
    { 153, 163,  -15 },   // 'Ó''Ý'  -0.47px
    { 154,  12,  -14 },   // 'Ô'','  -0.44px
    { 154,  14,  -14 },   // 'Ô''.'  -0.44px
    { 154,  42,  -12 },   // 'Ô''J'  -0.38px
    { 154,  52,  -15 },   // 'Ô''T'  -0.47px
    { 154,  56,  -10 },   // 'Ô''X'  -0.31px
    { 154,  57,  -15 },   // 'Ô''Y'  -0.47px
    { 154,  63,  -14 },   // 'Ô''_'  -0.44px
    { 154, 104,  -14 },   // 'Ô''…'  -0.44px
    { 154, 163,  -15 },   // 'Ô''Ý'  -0.47px
    { 155,  12,  -14 },   // 'Õ'','  -0.44px
    { 155,  14,  -14 },   // 'Õ''.'  -0.44px
    { 155,  42,  -12 },   // 'Õ''J'  -0.38px
    { 155,  52,  -15 },   // 'Õ''T'  -0.47px
    { 155,  56,  -10 },   // 'Õ''X'  -0.31px
    { 155,  57,  -15 },   // 'Õ''Y'  -0.47px
    { 155,  63,  -14 },   // 'Õ''_'  -0.44px
    { 155, 104,  -14 },   // 'Õ''…'  -0.44px
    { 155, 163,  -15 },   // 'Õ''Ý'  -0.47px
    { 156,  12,  -14 },   // 'Ö'','  -0.44px
    { 156,  14,  -14 },   // 'Ö''.'  -0.44px
    { 156,  42,  -12 },   // 'Ö''J'  -0.38px
    { 156,  52,  -15 },   // 'Ö''T'  -0.47px
    { 156,  56,  -10 },   // 'Ö''X'  -0.31px
    { 156,  57,  -15 },   // 'Ö''Y'  -0.47px
    { 156,  63,  -14 },   // 'Ö''_'  -0.44px
    { 156, 104,  -14 },   // 'Ö''…'  -0.44px
    { 156, 163,  -15 },   // 'Ö''Ý'  -0.47px
    { 158,  12,  -14 },   // 'Ø'','  -0.44px
    { 158,  14,  -14 },   // 'Ø''.'  -0.44px
    { 158,  42,  -12 },   // 'Ø''J'  -0.38px
    { 158,  52,  -15 },   // 'Ø''T'  -0.47px
    { 158,  56,  -10 },   // 'Ø''X'  -0.31px
    { 158,  57,  -15 },   // 'Ø''Y'  -0.47px
    { 158,  63,  -14 },   // 'Ø''_'  -0.44px
    { 158, 104,  -14 },   // 'Ø''…'  -0.44px
    { 158, 163,  -15 },   // 'Ø''Ý'  -0.47px
    { 159,  42,   -9 },   // 'Ù''J'  -0.28px
    { 160,  42,   -9 },   // 'Ú''J'  -0.28px
    { 161,  42,   -9 },   // 'Û''J'  -0.28px
    { 162,  42,   -9 },   // 'Ü''J'  -0.28px
    { 163,   1,   15 },   // 'Ý''!'  +0.47px
    { 163,   9,   12 },   // 'Ý'')'  +0.38px
    { 163,  12,  -24 },   // 'Ý'','  -0.75px
    { 163,  13,  -18 },   // 'Ý''-'  -0.56px
    { 163,  14,  -24 },   // 'Ý''.'  -0.75px
    { 163,  15,   -9 },   // 'Ý''/'  -0.28px
    { 163,  26,  -14 },   // 'Ý'':'  -0.44px
    { 163,  27,  -14 },   // 'Ý'';'  -0.44px
    { 163,  31,   12 },   // 'Ý''?'  +0.38px
    { 163,  32,  -15 },   // 'Ý''@'  -0.47px
    { 163,  33,  -23 },   // 'Ý''A'  -0.72px
    { 163,  34,   12 },   // 'Ý''B'  +0.38px
    { 163,  35,  -15 },   // 'Ý''C'  -0.47px
    { 163,  36,   12 },   // 'Ý''D'  +0.38px
    { 163,  37,   12 },   // 'Ý''E'  +0.38px
    { 163,  38,   12 },   // 'Ý''F'  +0.38px
    { 163,  39,  -15 },   // 'Ý''G'  -0.47px
    { 163,  40,   12 },   // 'Ý''H'  +0.38px
    { 163,  41,   12 },   // 'Ý''I'  +0.38px
    { 163,  42,  -16 },   // 'Ý''J'  -0.50px
    { 163,  43,   12 },   // 'Ý''K'  +0.38px
    { 163,  44,   12 },   // 'Ý''L'  +0.38px
    { 163,  45,   12 },   // 'Ý''M'  +0.38px
    { 163,  46,   12 },   // 'Ý''N'  +0.38px
    { 163,  47,  -15 },   // 'Ý''O'  -0.47px
    { 163,  48,   12 },   // 'Ý''P'  +0.38px
    { 163,  49,  -15 },   // 'Ý''Q'  -0.47px
    { 163,  50,   12 },   // 'Ý''R'  +0.38px
    { 163,  51,   -8 },   // 'Ý''S'  -0.25px
    { 163,  61,   12 },   // 'Ý'']'  +0.38px
    { 163,  63,  -24 },   // 'Ý''_'  -0.75px
    { 163,  65,  -28 },   // 'Ý''a'  -0.88px
    { 163,  67,  -29 },   // 'Ý''c'  -0.91px
    { 163,  68,  -29 },   // 'Ý''d'  -0.91px
    { 163,  69,  -29 },   // 'Ý''e'  -0.91px
    { 163,  70,  -12 },   // 'Ý''f'  -0.38px
    { 163,  71,  -29 },   // 'Ý''g'  -0.91px
    { 163,  77,  -28 },   // 'Ý''m'  -0.88px
    { 163,  78,  -28 },   // 'Ý''n'  -0.88px
    { 163,  79,  -29 },   // 'Ý''o'  -0.91px
    { 163,  80,  -28 },   // 'Ý''p'  -0.88px
    { 163,  81,  -29 },   // 'Ý''q'  -0.91px
    { 163,  82,  -28 },   // 'Ý''r'  -0.88px
    { 163,  83,  -28 },   // 'Ý''s'  -0.88px
    { 163,  84,  -14 },   // 'Ý''t'  -0.44px
    { 163,  85,  -26 },   // 'Ý''u'  -0.81px
    { 163,  86,  -26 },   // 'Ý''v'  -0.81px
    { 163,  87,  -26 },   // 'Ý''w'  -0.81px
    { 163,  88,  -28 },   // 'Ý''x'  -0.88px
    { 163,  89,  -26 },   // 'Ý''y'  -0.81px
    { 163,  90,  -28 },   // 'Ý''z'  -0.88px
    { 163,  91,  -18 },   // 'Ý''{'  -0.56px
    { 163,  92,   12 },   // 'Ý''|'  +0.38px
    { 163,  93,   12 },   // 'Ý''}'  +0.38px
    { 163,  95,  -26 },   // 'Ý''‹'  -0.81px
    { 163,  96,  -21 },   // 'Ý''›'  -0.66px
    { 163,  97,  -18 },   // 'Ý''·'  -0.56px
    { 163, 102,  -18 },   // 'Ý''–'  -0.56px
    { 163, 103,  -18 },   // 'Ý''—'  -0.56px
    { 163, 104,  -24 },   // 'Ý''…'  -0.75px
    { 163, 110,   12 },   // 'Ý''¦'  +0.38px
    { 163, 113,  -15 },   // 'Ý''©'  -0.47px
    { 163, 114,   12 },   // 'Ý''ª'  +0.38px
    { 163, 115,  -26 },   // 'Ý''«'  -0.81px
    { 163, 117,  -15 },   // 'Ý''®'  -0.47px
    { 163, 124,  -28 },   // 'Ý''µ'  -0.88px
    { 163, 128,   12 },   // 'Ý''º'  +0.38px
    { 163, 129,  -21 },   // 'Ý''»'  -0.66px
    { 163, 134,  -23 },   // 'Ý''À'  -0.72px
    { 163, 135,  -23 },   // 'Ý''Á'  -0.72px
    { 163, 136,  -23 },   // 'Ý''Â'  -0.72px
    { 163, 137,  -23 },   // 'Ý''Ã'  -0.72px
    { 163, 138,  -23 },   // 'Ý''Ä'  -0.72px
    { 163, 139,  -23 },   // 'Ý''Å'  -0.72px
    { 163, 140,  -23 },   // 'Ý''Æ'  -0.72px
    { 163, 141,  -15 },   // 'Ý''Ç'  -0.47px
    { 163, 142,   12 },   // 'Ý''È'  +0.38px
    { 163, 143,   12 },   // 'Ý''É'  +0.38px
    { 163, 144,   12 },   // 'Ý''Ê'  +0.38px
    { 163, 145,   12 },   // 'Ý''Ë'  +0.38px
    { 163, 146,   12 },   // 'Ý''Ì'  +0.38px
    { 163, 147,   12 },   // 'Ý''Í'  +0.38px
    { 163, 148,   12 },   // 'Ý''Î'  +0.38px
    { 163, 149,   12 },   // 'Ý''Ï'  +0.38px
    { 163, 150,   12 },   // 'Ý''Ð'  +0.38px
    { 163, 151,   12 },   // 'Ý''Ñ'  +0.38px
    { 163, 152,  -15 },   // 'Ý''Ò'  -0.47px
    { 163, 153,  -15 },   // 'Ý''Ó'  -0.47px
    { 163, 154,  -15 },   // 'Ý''Ô'  -0.47px
    { 163, 155,  -15 },   // 'Ý''Õ'  -0.47px
    { 163, 156,  -15 },   // 'Ý''Ö'  -0.47px
    { 163, 158,  -15 },   // 'Ý''Ø'  -0.47px
    { 163, 164,   12 },   // 'Ý''Þ'  +0.38px
    { 163, 172,  -28 },   // 'Ý''æ'  -0.88px
    { 163, 173,  -29 },   // 'Ý''ç'  -0.91px
    { 163, 174,  -29 },   // 'Ý''è'  -0.91px
    { 163, 175,  -29 },   // 'Ý''é'  -0.91px
    { 163, 176,  -29 },   // 'Ý''ê'  -0.91px
    { 163, 177,  -29 },   // 'Ý''ë'  -0.91px
    { 163, 182,  -29 },   // 'Ý''ð'  -0.91px
    { 163, 183,  -28 },   // 'Ý''ñ'  -0.88px
    { 163, 184,  -29 },   // 'Ý''ò'  -0.91px
    { 163, 185,  -29 },   // 'Ý''ó'  -0.91px
    { 163, 186,  -29 },   // 'Ý''ô'  -0.91px
    { 163, 187,  -29 },   // 'Ý''õ'  -0.91px
    { 163, 188,  -29 },   // 'Ý''ö'  -0.91px
    { 163, 190,  -29 },   // 'Ý''ø'  -0.91px
    { 163, 191,  -26 },   // 'Ý''ù'  -0.81px
    { 163, 192,  -26 },   // 'Ý''ú'  -0.81px
    { 163, 193,  -26 },   // 'Ý''û'  -0.81px
    { 163, 194,  -26 },   // 'Ý''ü'  -0.81px
    { 163, 195,  -26 },   // 'Ý''ý'  -0.81px
    { 163, 197,  -26 },   // 'Ý''ÿ'  -0.81px
    { 164,  12,  -15 },   // 'Þ'','  -0.47px
    { 164,  14,  -15 },   // 'Þ''.'  -0.47px
    { 164,  33,  -10 },   // 'Þ''A'  -0.31px
    { 164,  42,  -17 },   // 'Þ''J'  -0.53px
    { 164,  52,  -30 },   // 'Þ''T'  -0.94px
    { 164,  56,  -14 },   // 'Þ''X'  -0.44px
    { 164,  57,  -15 },   // 'Þ''Y'  -0.47px
    { 164,  58,  -10 },   // 'Þ''Z'  -0.31px
    { 164,  63,  -15 },   // 'Þ''_'  -0.47px
    { 164, 104,  -15 },   // 'Þ''…'  -0.47px
    { 164, 134,  -10 },   // 'Þ''À'  -0.31px
    { 164, 135,  -10 },   // 'Þ''Á'  -0.31px
    { 164, 136,  -10 },   // 'Þ''Â'  -0.31px
    { 164, 137,  -10 },   // 'Þ''Ã'  -0.31px
    { 164, 138,  -10 },   // 'Þ''Ä'  -0.31px
    { 164, 139,  -10 },   // 'Þ''Å'  -0.31px
    { 164, 140,  -10 },   // 'Þ''Æ'  -0.31px
    { 164, 163,  -15 },   // 'Þ''Ý'  -0.47px
    { 165,  10,  -17 },   // 'ß''*'  -0.53px
    { 165,  31,  -14 },   // 'ß''?'  -0.44px
    { 165,  86,  -10 },   // 'ß''v'  -0.31px
    { 165,  87,  -10 },   // 'ß''w'  -0.31px
    { 165,  89,  -10 },   // 'ß''y'  -0.31px
    { 165, 195,  -10 },   // 'ß''ý'  -0.31px
    { 165, 197,  -10 },   // 'ß''ÿ'  -0.31px
    { 172,  98,  -10 },   // 'æ''‘'  -0.31px
    { 172,  99,  -10 },   // 'æ''’'  -0.31px
    { 172, 100,  -10 },   // 'æ''“'  -0.31px
    { 172, 101,  -10 },   // 'æ''”'  -0.31px
    { 172, 119,  -10 },   // 'æ''°'  -0.31px
    { 174,  98,  -10 },   // 'è''‘'  -0.31px
    { 174,  99,  -10 },   // 'è''’'  -0.31px
    { 174, 100,  -10 },   // 'è''“'  -0.31px
    { 174, 101,  -10 },   // 'è''”'  -0.31px
    { 174, 119,  -10 },   // 'è''°'  -0.31px
    { 175,  98,  -10 },   // 'é''‘'  -0.31px
    { 175,  99,  -10 },   // 'é''’'  -0.31px
    { 175, 100,  -10 },   // 'é''“'  -0.31px
    { 175, 101,  -10 },   // 'é''”'  -0.31px
    { 175, 119,  -10 },   // 'é''°'  -0.31px
    { 176,  98,  -10 },   // 'ê''‘'  -0.31px
    { 176,  99,  -10 },   // 'ê''’'  -0.31px
    { 176, 100,  -10 },   // 'ê''“'  -0.31px
    { 176, 101,  -10 },   // 'ê''”'  -0.31px
    { 176, 119,  -10 },   // 'ê''°'  -0.31px
    { 177,  98,  -10 },   // 'ë''‘'  -0.31px
    { 177,  99,  -10 },   // 'ë''’'  -0.31px
    { 177, 100,  -10 },   // 'ë''“'  -0.31px
    { 177, 101,  -10 },   // 'ë''”'  -0.31px
    { 177, 119,  -10 },   // 'ë''°'  -0.31px
    { 178,  10,    9 },   // 'ì''*'  +0.28px
    { 178,  98,   12 },   // 'ì''‘'  +0.38px
    { 178,  99,   12 },   // 'ì''’'  +0.38px
    { 178, 100,   12 },   // 'ì''“'  +0.38px
    { 178, 101,   12 },   // 'ì''”'  +0.38px
    { 179,   9,   23 },   // 'í'')'  +0.72px
    { 179,  10,    9 },   // 'í''*'  +0.28px
    { 179,  61,   23 },   // 'í'']'  +0.72px
    { 179,  66,   10 },   // 'í''b'  +0.31px
    { 179,  72,   10 },   // 'í''h'  +0.31px
    { 179,  73,   10 },   // 'í''i'  +0.31px
    { 179,  75,   10 },   // 'í''k'  +0.31px
    { 179,  76,   10 },   // 'í''l'  +0.31px
    { 179,  93,   23 },   // 'í''}'  +0.72px
    { 179,  98,   12 },   // 'í''‘'  +0.38px
    { 179,  99,   12 },   // 'í''’'  +0.38px
    { 179, 100,   12 },   // 'í''“'  +0.38px
    { 179, 101,   12 },   // 'í''”'  +0.38px
    { 179, 165,   10 },   // 'í''ß'  +0.31px
    { 179, 178,   10 },   // 'í''ì'  +0.31px
    { 179, 179,   10 },   // 'í''í'  +0.31px
    { 179, 180,   10 },   // 'í''î'  +0.31px
    { 179, 181,   10 },   // 'í''ï'  +0.31px
    { 179, 196,   10 },   // 'í''þ'  +0.31px
    { 180,   9,   10 },   // 'î'')'  +0.31px
    { 180,  10,   18 },   // 'î''*'  +0.56px
    { 180,  61,   10 },   // 'î'']'  +0.31px
    { 180,  66,   12 },   // 'î''b'  +0.38px
    { 180,  72,   12 },   // 'î''h'  +0.38px
    { 180,  73,   12 },   // 'î''i'  +0.38px
    { 180,  75,   12 },   // 'î''k'  +0.38px
    { 180,  76,   12 },   // 'î''l'  +0.38px
    { 180,  93,   10 },   // 'î''}'  +0.31px
    { 180,  98,   12 },   // 'î''‘'  +0.38px
    { 180,  99,   12 },   // 'î''’'  +0.38px
    { 180, 100,   12 },   // 'î''“'  +0.38px
    { 180, 101,   12 },   // 'î''”'  +0.38px
    { 180, 165,   12 },   // 'î''ß'  +0.38px
    { 180, 178,   12 },   // 'î''ì'  +0.38px
    { 180, 179,   12 },   // 'î''í'  +0.38px
    { 180, 180,   12 },   // 'î''î'  +0.38px
    { 180, 181,   12 },   // 'î''ï'  +0.38px
    { 180, 196,   12 },   // 'î''þ'  +0.38px
    { 181,   9,   18 },   // 'ï'')'  +0.56px
    { 181,  10,   10 },   // 'ï''*'  +0.31px
    { 181,  61,   18 },   // 'ï'']'  +0.56px
    { 181,  93,   18 },   // 'ï''}'  +0.56px
    { 181,  98,   16 },   // 'ï''‘'  +0.50px
    { 181,  99,   16 },   // 'ï''’'  +0.50px
    { 181, 100,   16 },   // 'ï''“'  +0.50px
    { 181, 101,   16 },   // 'ï''”'  +0.50px
    { 182,  10,   -8 },   // 'ð''*'  -0.25px
    { 182,  31,   -8 },   // 'ð''?'  -0.25px
    { 182,  98,  -12 },   // 'ð''‘'  -0.38px
    { 182,  99,  -12 },   // 'ð''’'  -0.38px
    { 182, 100,  -12 },   // 'ð''“'  -0.38px
    { 182, 101,  -12 },   // 'ð''”'  -0.38px
    { 182, 114,  -10 },   // 'ð''ª'  -0.31px
    { 182, 119,  -12 },   // 'ð''°'  -0.38px
    { 182, 128,  -10 },   // 'ð''º'  -0.31px
    { 183, 119,  -10 },   // 'ñ''°'  -0.31px
    { 184,  10,   -8 },   // 'ò''*'  -0.25px
    { 184,  31,   -8 },   // 'ò''?'  -0.25px
    { 184,  98,  -12 },   // 'ò''‘'  -0.38px
    { 184,  99,  -12 },   // 'ò''’'  -0.38px
    { 184, 100,  -12 },   // 'ò''“'  -0.38px
    { 184, 101,  -12 },   // 'ò''”'  -0.38px
    { 184, 114,  -10 },   // 'ò''ª'  -0.31px
    { 184, 119,  -12 },   // 'ò''°'  -0.38px
    { 184, 128,  -10 },   // 'ò''º'  -0.31px
    { 185,  10,   -8 },   // 'ó''*'  -0.25px
    { 185,  31,   -8 },   // 'ó''?'  -0.25px
    { 185,  98,  -12 },   // 'ó''‘'  -0.38px
    { 185,  99,  -12 },   // 'ó''’'  -0.38px
    { 185, 100,  -12 },   // 'ó''“'  -0.38px
    { 185, 101,  -12 },   // 'ó''”'  -0.38px
    { 185, 114,  -10 },   // 'ó''ª'  -0.31px
    { 185, 119,  -12 },   // 'ó''°'  -0.38px
    { 185, 128,  -10 },   // 'ó''º'  -0.31px
    { 186,  10,   -8 },   // 'ô''*'  -0.25px
    { 186,  31,   -8 },   // 'ô''?'  -0.25px
    { 186,  98,  -12 },   // 'ô''‘'  -0.38px
    { 186,  99,  -12 },   // 'ô''’'  -0.38px
    { 186, 100,  -12 },   // 'ô''“'  -0.38px
    { 186, 101,  -12 },   // 'ô''”'  -0.38px
    { 186, 114,  -10 },   // 'ô''ª'  -0.31px
    { 186, 119,  -12 },   // 'ô''°'  -0.38px
    { 186, 128,  -10 },   // 'ô''º'  -0.31px
    { 187,  10,   -8 },   // 'õ''*'  -0.25px
    { 187,  31,   -8 },   // 'õ''?'  -0.25px
    { 187,  98,  -12 },   // 'õ''‘'  -0.38px
    { 187,  99,  -12 },   // 'õ''’'  -0.38px
    { 187, 100,  -12 },   // 'õ''“'  -0.38px
    { 187, 101,  -12 },   // 'õ''”'  -0.38px
    { 187, 114,  -10 },   // 'õ''ª'  -0.31px
    { 187, 119,  -12 },   // 'õ''°'  -0.38px
    { 187, 128,  -10 },   // 'õ''º'  -0.31px
    { 188,  10,   -8 },   // 'ö''*'  -0.25px
    { 188,  31,   -8 },   // 'ö''?'  -0.25px
    { 188,  98,  -12 },   // 'ö''‘'  -0.38px
    { 188,  99,  -12 },   // 'ö''’'  -0.38px
    { 188, 100,  -12 },   // 'ö''“'  -0.38px
    { 188, 101,  -12 },   // 'ö''”'  -0.38px
    { 188, 114,  -10 },   // 'ö''ª'  -0.31px
    { 188, 119,  -12 },   // 'ö''°'  -0.38px
    { 188, 128,  -10 },   // 'ö''º'  -0.31px
    { 190,  10,   -8 },   // 'ø''*'  -0.25px
    { 190,  31,   -8 },   // 'ø''?'  -0.25px
    { 190,  98,  -12 },   // 'ø''‘'  -0.38px
    { 190,  99,  -12 },   // 'ø''’'  -0.38px
    { 190, 100,  -12 },   // 'ø''“'  -0.38px
    { 190, 101,  -12 },   // 'ø''”'  -0.38px
    { 190, 114,  -10 },   // 'ø''ª'  -0.31px
    { 190, 119,  -12 },   // 'ø''°'  -0.38px
    { 190, 128,  -10 },   // 'ø''º'  -0.31px
    { 195,  12,  -17 },   // 'ý'','  -0.53px
    { 195,  14,  -17 },   // 'ý''.'  -0.53px
    { 195,  15,   -9 },   // 'ý''/'  -0.28px
    { 195,  63,  -17 },   // 'ý''_'  -0.53px
    { 195,  86,   14 },   // 'ý''v'  +0.44px
    { 195,  87,   14 },   // 'ý''w'  +0.44px
    { 195,  89,   14 },   // 'ý''y'  +0.44px
    { 195, 104,  -17 },   // 'ý''…'  -0.53px
    { 195, 195,   14 },   // 'ý''ý'  +0.44px
    { 195, 197,   14 },   // 'ý''ÿ'  +0.44px
    { 196,  10,   -8 },   // 'þ''*'  -0.25px
    { 196,  31,   -8 },   // 'þ''?'  -0.25px
    { 196,  98,  -12 },   // 'þ''‘'  -0.38px
    { 196,  99,  -12 },   // 'þ''’'  -0.38px
    { 196, 100,  -12 },   // 'þ''“'  -0.38px
    { 196, 101,  -12 },   // 'þ''”'  -0.38px
    { 196, 114,  -10 },   // 'þ''ª'  -0.31px
    { 196, 119,  -12 },   // 'þ''°'  -0.38px
    { 196, 128,  -10 },   // 'þ''º'  -0.31px
    { 197,  12,  -17 },   // 'ÿ'','  -0.53px
    { 197,  14,  -17 },   // 'ÿ''.'  -0.53px
    { 197,  15,   -9 },   // 'ÿ''/'  -0.28px
    { 197,  63,  -17 },   // 'ÿ''_'  -0.53px
    { 197,  86,   14 },   // 'ÿ''v'  +0.44px
    { 197,  87,   14 },   // 'ÿ''w'  +0.44px
    { 197,  89,   14 },   // 'ÿ''y'  +0.44px
    { 197, 104,  -17 },   // 'ÿ''…'  -0.53px
    { 197, 195,   14 },   // 'ÿ''ý'  +0.44px
    { 197, 197,   14 },   // 'ÿ''ÿ'  +0.44px
};

const atlas_t NUNITO_BOLD_11 = {
    .glyphs      = NUNITO_BOLD_11_GLYPHS,
    .data        = NUNITO_BOLD_11_DATA,
    .kern        = NUNITO_BOLD_11_KERN,
    .kern_n      = 2323,
    .tracking    = 58,   // +0.91px letter-spacing
    .ascent      = 12,
    .descent     = 4,
    .line_height = 16,
};
