// NUNITO_REGULAR_11 — auto-generated by tools/atlas_gen.py.
// Source: Nunito-Regular.ttf @ 11px
// Edit the generator, not this file.

#include "../atlas.h"

static const uint8_t NUNITO_REGULAR_11_DATA[] = {
    0x00, 0xc4, 0x00, 0x00, 0xe8, 0x00, 0x00, 0xe8, 0x00, 0x00, 0xe8, 0x00, 0x00, 0xe8, 0x00, 0x00,
    0xd3, 0x00, 0x00, 0x00, 0x00, 0x00, 0x00, 0x00, 0x28, 0x87, 0x00, 0x00, 0xc0, 0x00, 0xc0, 0x00,
    0xe8, 0x00, 0xe8, 0x00, 0xe8, 0x00, 0xe8, 0x00, 0xcb, 0x00, 0xca, 0x00, 0x00, 0x00, 0x00, 0x00,
    0x00, 0x00, 0x00, 0x00, 0x00, 0x00, 0x00, 0x00, 0x00, 0x00, 0x00, 0x00, 0x00, 0x00, 0x00, 0x00,
    0x00, 0x92, 0x0d, 0x26, 0x7a, 0x00, 0x00, 0x00, 0xb3, 0x00, 0x58, 0x5a, 0x00, 0x3a, 0xb1, 0xed,
    0xb0, 0xda, 0xc1, 0x19, 0x00, 0x1e, 0x91, 0x00, 0xac, 0x08, 0x00, 0x00, 0x45, 0x6a, 0x00, 0xb4,
    0x00, 0x00, 0x00, 0x6c, 0x43, 0x03, 0xb0, 0x00, 0x00, 0x6c, 0xf1, 0xce, 0xcf, 0xee, 0xb8, 0x00,
    0x00, 0xb3, 0x01, 0x53, 0x62, 0x00, 0x00, 0x00, 0xa2, 0x00, 0x77, 0x2d, 0x00, 0x00, 0x00, 0x00,
    0x00, 0xd3, 0x00, 0x00, 0x00, 0x00, 0x21, 0xd0, 0xd7, 0xcc, 0x57, 0x00, 0x00, 0xbe, 0x43, 0x00,
    0x0d, 0x7c, 0x00, 0x00, 0xe9, 0x00, 0x00, 0x00, 0x00, 0x00, 0x00, 0xcb, 0x6e, 0x06, 0x00, 0x00,
    0x00, 0x00, 0x35, 0xd9, 0xf2, 0xa1, 0x18, 0x00, 0x00, 0x00, 0x00, 0x30, 0xa6, 0xbb, 0x00, 0x00,
    0x00, 0x00, 0x00, 0x05, 0xe9, 0x00, 0x2f, 0x4a, 0x00, 0x00, 0x3e, 0xba, 0x00, 0x18, 0x9d, 0xcd,
    0xda, 0xb5, 0x19, 0x00, 0x00, 0x00, 0x00, 0xe8, 0x00, 0x00, 0x00, 0x00, 0x00, 0x00, 0x57, 0x00,
    0x00, 0x00, 0x00, 0x35, 0xd3, 0xcc, 0x2f, 0x00, 0x1f, 0x67, 0x00, 0x00, 0x00, 0xbd, 0x37, 0x38,
    0xb7, 0x00, 0x9f, 0x37, 0x00, 0x00, 0x00, 0xe8, 0x03, 0x01, 0xe3, 0x28, 0xad, 0x00, 0x00, 0x00,
    0x00, 0xe2, 0x01, 0x05, 0xe7, 0xa9, 0x2d, 0x00, 0x00, 0x00, 0x00, 0xaf, 0x40, 0x49, 0xe3, 0xa4,
    0x35, 0xc5, 0xc2, 0x33, 0x00, 0x24, 0xbd, 0xc4, 0xd9, 0x25, 0xc1, 0x31, 0x31, 0xc5, 0x00, 0x00,
    0x00, 0x3b, 0x9a, 0x00, 0xe4, 0x00, 0x00, 0xe5, 0x00, 0x00, 0x00, 0xb8, 0x1d, 0x00, 0xcd, 0x1f,
    0x26, 0xc7, 0x00, 0x00, 0x3e, 0x90, 0x00, 0x00, 0x43, 0xce, 0xd7, 0x3f, 0x00, 0x00, 0x10, 0x0c,
    0x00, 0x00, 0x00, 0x00, 0x00, 0x00, 0x00, 0x00, 0x46, 0xc7, 0xd2, 0x5d, 0x00, 0x00, 0x00, 0x00,
    0xd3, 0x16, 0x0e, 0xe1, 0x00, 0x00, 0x00, 0x00, 0xd2, 0x16, 0x32, 0xc6, 0x00, 0x00, 0x00, 0x00,
    0x5d, 0xc6, 0xd4, 0x2e, 0x0a, 0x1d, 0x00, 0x05, 0x9b, 0xe2, 0x9b, 0x00, 0x4e, 0x77, 0x00, 0x92,
    0x7f, 0x03, 0xb6, 0x67, 0x79, 0x4f, 0x00, 0xe6, 0x05, 0x00, 0x0d, 0xcc, 0xdc, 0x0e, 0x00, 0xcf,
    0x35, 0x00, 0x03, 0x98, 0xf0, 0x24, 0x00, 0x2f, 0xc3, 0xca, 0xca, 0x77, 0x36, 0xb1, 0x00, 0xc0,
    0x00, 0xe8, 0x00, 0xe8, 0x00, 0xcb, 0x00, 0x00, 0x00, 0x00, 0x00, 0x00, 0x00, 0x00, 0x00, 0x00,
    0x00, 0x00, 0x66, 0x00, 0x2b, 0xad, 0x00, 0x83, 0x61, 0x00, 0xbc, 0x2c, 0x00, 0xdf, 0x07, 0x00,
    0xe7, 0x00, 0x00, 0xe9, 0x01, 0x00, 0xd5, 0x15, 0x00, 0xab, 0x42, 0x00, 0x66, 0x7f, 0x00, 0x10,
    0xbe, 0x00, 0x00, 0x1e, 0x68, 0x00, 0x00, 0xb0, 0x31, 0x00, 0x65, 0x81, 0x00, 0x31, 0xba, 0x00,
    0x0b, 0xdf, 0x00, 0x00, 0xe9, 0x00, 0x02, 0xe4, 0x00, 0x15, 0xd2, 0x00, 0x40, 0xa4, 0x00, 0x7d,
    0x66, 0x00, 0xbf, 0x0f, 0x00, 0x1d, 0x00, 0x00, 0x00, 0x57, 0x04, 0x55, 0x00, 0x00, 0x63, 0xa3,
    0x56, 0x00, 0x6a, 0xce, 0xff, 0xc9, 0x5f, 0x00, 0x66, 0xa3, 0x55, 0x00, 0x00, 0x58, 0x04, 0x55,
    0x00, 0x00, 0x00, 0x00, 0x00, 0x00, 0x00, 0x00, 0x00, 0x00, 0x00, 0x00, 0x00, 0x00, 0x00, 0x00,
    0x00, 0x00, 0x00, 0x00, 0x00, 0x00, 0x00, 0x00, 0xd3, 0x00, 0x00, 0x00, 0x00, 0x00, 0x00, 0xe8,
    0x00, 0x00, 0x00, 0x39, 0xc8, 0xc8, 0xfa, 0xc8, 0xc8, 0x35, 0x00, 0x00, 0x00, 0xe8, 0x00, 0x00,
    0x00, 0x00, 0x00, 0x00, 0xe8, 0x00, 0x00, 0x00, 0x00, 0x00, 0x00, 0xcb, 0x00, 0x00, 0x00, 0x11,
    0xa9, 0x00, 0x00, 0x9c, 0x00, 0x00, 0x2c, 0x00, 0x23, 0xc7, 0xc8, 0xa9, 0x00, 0x00, 0x00, 0x00,
    0x00, 0x00, 0x00, 0x00, 0x00, 0x00, 0x00, 0x00, 0x00, 0x00, 0x00, 0x00, 0x28, 0x87, 0x00, 0x00,
    0x00, 0x00, 0x84, 0x28, 0x00, 0x00, 0x00, 0xc3, 0x03, 0x00, 0x00, 0x1e, 0xa8, 0x00, 0x00, 0x00,
    0x67, 0x5f, 0x00, 0x00, 0x00, 0xaf, 0x18, 0x00, 0x00, 0x06, 0xc1, 0x00, 0x00, 0x00, 0x43, 0x84,
    0x00, 0x00, 0x00, 0x8d, 0x3b, 0x00, 0x00, 0x00, 0xc5, 0x03, 0x00, 0x00, 0x0f, 0xa1, 0x00, 0x00,
    0x00, 0x00, 0x00, 0x82, 0xd3, 0xd5, 0x86, 0x00, 0x00, 0x5d, 0xa4, 0x01, 0x01, 0xa4, 0x5f, 0x00,
    0xba, 0x29, 0x00, 0x00, 0x28, 0xbb, 0x00, 0xe1, 0x03, 0x00, 0x00, 0x03, 0xe2, 0x00, 0xe8, 0x00,
    0x00, 0x00, 0x00, 0xe8, 0x00, 0xe5, 0x07, 0x00, 0x00, 0x08, 0xe3, 0x00, 0xbb, 0x31, 0x00, 0x00,
    0x32, 0xba, 0x00, 0x5f, 0xa7, 0x01, 0x01, 0xa7, 0x5e, 0x00, 0x00, 0x86, 0xd6, 0xd4, 0x83, 0x00,
    0x00, 0x00, 0x5c, 0xde, 0x00, 0x00, 0x00, 0x00, 0x7b, 0xb2, 0xfb, 0x00, 0x00, 0x00, 0x00, 0x16,
    0x00, 0xe8, 0x00, 0x00, 0x00, 0x00, 0x00, 0x00, 0xe8, 0x00, 0x00, 0x00, 0x00, 0x00, 0x00, 0xe8,
    0x00, 0x00, 0x00, 0x00, 0x00, 0x00, 0xe8, 0x00, 0x00, 0x00, 0x00, 0x00, 0x00, 0xe8, 0x00, 0x00,
    0x00, 0x00, 0x00, 0x00, 0xe8, 0x00, 0x00, 0x00, 0x00, 0x97, 0xd8, 0xfc, 0xd8, 0x80, 0x00, 0x00,
    0x53, 0xc0, 0xc9, 0xcb, 0x34, 0x00, 0x00, 0x6b, 0x10, 0x00, 0x35, 0xca, 0x00, 0x00, 0x00, 0x00,
    0x00, 0x04, 0xe7, 0x00, 0x00, 0x00, 0x00, 0x00, 0x37, 0xc0, 0x00, 0x00, 0x00, 0x00, 0x02, 0xbe,
    0x51, 0x00, 0x00, 0x00, 0x00, 0x85, 0xa4, 0x00, 0x00, 0x00, 0x00, 0x54, 0xcc, 0x09, 0x00, 0x00,
    0x00, 0x2d, 0xdb, 0x1c, 0x00, 0x00, 0x00, 0x00, 0x9d, 0xeb, 0xc8, 0xc8, 0xc7, 0x30, 0x00, 0x44,
    0xbf, 0xc9, 0xcb, 0x35, 0x00, 0x00, 0x79, 0x14, 0x00, 0x34, 0xce, 0x00, 0x00, 0x00, 0x00, 0x00,
    0x05, 0xe3, 0x00, 0x00, 0x00, 0x00, 0x00, 0x66, 0x9a, 0x00, 0x00, 0x00, 0x75, 0xd6, 0xec, 0x22,
    0x00, 0x00, 0x00, 0x00, 0x00, 0x41, 0xb9, 0x00, 0x00, 0x00, 0x00, 0x00, 0x02, 0xe8, 0x00, 0x1b,
    0x58, 0x02, 0x00, 0x48, 0xc2, 0x00, 0x0c, 0x8f, 0xcd, 0xce, 0xc1, 0x26, 0x00, 0x00, 0x00, 0x00,
    0x1d, 0xd2, 0x00, 0x00, 0x00, 0x00, 0x00, 0xab, 0xff, 0x00, 0x00, 0x00, 0x00, 0x4b, 0x92, 0xe8,
    0x00, 0x00, 0x00, 0x0a, 0xc7, 0x0f, 0xe8, 0x00, 0x00, 0x00, 0x88, 0x5c, 0x00, 0xe8, 0x00, 0x00,
    0x2a, 0xba, 0x00, 0x00, 0xe8, 0x00, 0x00, 0x70, 0xd8, 0xc8, 0xc8, 0xfa, 0xc3, 0x14, 0x00, 0x00,
    0x00, 0x00, 0xe8, 0x00, 0x00, 0x00, 0x00, 0x00, 0x00, 0xc6, 0x00, 0x00, 0x00, 0xe4, 0xc8, 0xc8,
    0xc8, 0x6a, 0x00, 0x00, 0xe8, 0x00, 0x00, 0x00, 0x00, 0x00, 0x00, 0xe8, 0x00, 0x00, 0x00, 0x00,
    0x00, 0x00, 0xeb, 0x90, 0xcf, 0xac, 0x14, 0x00, 0x00, 0xe7, 0x37, 0x00, 0x7c, 0xa2, 0x00, 0x00,
    0x06, 0x00, 0x00, 0x0a, 0xe5, 0x00, 0x00, 0x00, 0x00, 0x00, 0x09, 0xe4, 0x00, 0x19, 0x5f, 0x02,
    0x00, 0x65, 0x9f, 0x00, 0x0a, 0x8b, 0xcc, 0xd0, 0xb3, 0x13, 0x00, 0x00, 0x00, 0x62, 0xcc, 0xc7,
    0x9f, 0x11, 0x00, 0x3e, 0xb1, 0x06, 0x00, 0x3d, 0x24, 0x00, 0xa8, 0x31, 0x00, 0x00, 0x00, 0x00,
    0x00, 0xdb, 0x48, 0xc3, 0xb9, 0x1a, 0x00, 0x00, 0xe5, 0x96, 0x02, 0x6e, 0xa7, 0x00, 0x00, 0xee,
    0x51, 0x00, 0x0d, 0xe7, 0x00, 0x00, 0xc5, 0x4d, 0x00, 0x09, 0xe4, 0x00, 0x00, 0x70, 0x9e, 0x00,
    0x59, 0xa4, 0x00, 0x00, 0x04, 0x9f, 0xcb, 0xc1, 0x1a, 0x00, 0x2f, 0xc7, 0xc8, 0xc8, 0xd8, 0xd0,
    0x00, 0x00, 0x00, 0x00, 0x00, 0x77, 0x8a, 0x00, 0x00, 0x00, 0x00, 0x04, 0xdf, 0x1d, 0x00, 0x00,
    0x00, 0x00, 0x5b, 0xa6, 0x00, 0x00, 0x00, 0x00, 0x00, 0xcc, 0x34, 0x00, 0x00, 0x00, 0x00, 0x3f,
    0xc2, 0x00, 0x00, 0x00, 0x00, 0x00, 0xb2, 0x51, 0x00, 0x00, 0x00, 0x00, 0x25, 0xda, 0x02, 0x00,
    0x00, 0x00, 0x00, 0x78, 0x67, 0x00, 0x00, 0x00, 0x00, 0x25, 0xc7, 0xcc, 0xc7, 0x24, 0x00, 0x00,
    0xcb, 0x3b, 0x00, 0x3b, 0xc9, 0x00, 0x00, 0xe7, 0x01, 0x00, 0x03, 0xe4, 0x00, 0x00, 0xa8, 0x50,
    0x00, 0x59, 0xa0, 0x00, 0x00, 0x22, 0xf1, 0xe4, 0xea, 0x59, 0x00, 0x00, 0xaf, 0x65, 0x00, 0x00,
    0x65, 0x89, 0x00, 0xe6, 0x02, 0x00, 0x00, 0x02, 0xe4, 0x00, 0xc4, 0x49, 0x00, 0x00, 0x49, 0xc2,
    0x00, 0x23, 0xb7, 0xcb, 0xcc, 0xb7, 0x22, 0x00, 0x00, 0x1b, 0xc1, 0xca, 0x9c, 0x03, 0x00, 0x00,
    0xa9, 0x5b, 0x00, 0x9e, 0x6d, 0x00, 0x00, 0xe6, 0x08, 0x00, 0x4b, 0xc0, 0x00, 0x00, 0xe6, 0x0c,
    0x00, 0x50, 0xec, 0x00, 0x00, 0xa7, 0x6e, 0x01, 0x8f, 0xe1, 0x00, 0x00, 0x1b, 0xba, 0xc3, 0x48,
    0xd0, 0x00, 0x00, 0x00, 0x00, 0x00, 0x32, 0xa8, 0x00, 0x23, 0x3c, 0x00, 0x04, 0xae, 0x41, 0x00,
    0x12, 0xa1, 0xc7, 0xcb, 0x62, 0x00, 0x00, 0x28, 0x87, 0x00, 0x00, 0x00, 0x00, 0x00, 0x00, 0x00,
    0x00, 0x00, 0x00, 0x00, 0x00, 0x00, 0x28, 0x87, 0x00, 0x28, 0x87, 0x00, 0x00, 0x00, 0x00, 0x00,
    0x00, 0x00, 0x00, 0x00, 0x00, 0x00, 0x00, 0x00, 0x11, 0xa9, 0x00, 0x00, 0x9c, 0x00, 0x00, 0x2c,
    0x00, 0x00, 0x00, 0x00, 0x00, 0x00, 0x47, 0x06, 0x00, 0x00, 0x00, 0x4e, 0xc1, 0x85, 0x04, 0x00,
    0x4e, 0xbf, 0x84, 0x12, 0x00, 0x00, 0x50, 0xf9, 0x1d, 0x00, 0x00, 0x00, 0x00, 0x01, 0x57, 0xc0,
    0x79, 0x0d, 0x00, 0x00, 0x00, 0x00, 0x02, 0x57, 0xc3, 0x7c, 0x03, 0x00, 0x00, 0x00, 0x00, 0x02,
    0x4f, 0x07, 0x4b, 0xc8, 0xc8, 0xc8, 0xc8, 0xbe, 0x03, 0x00, 0x00, 0x00, 0x00, 0x00, 0x00, 0x00,
    0x4b, 0xc8, 0xc8, 0xc8, 0xc8, 0xbf, 0x03, 0x00, 0x00, 0x00, 0x00, 0x00, 0x00, 0x00, 0x00, 0x00,
    0x00, 0x00, 0x00, 0x00, 0x00, 0x2d, 0x20, 0x00, 0x00, 0x00, 0x00, 0x00, 0x2a, 0xb4, 0x9a, 0x20,
    0x00, 0x00, 0x00, 0x00, 0x00, 0x38, 0xb1, 0x9a, 0x20, 0x00, 0x00, 0x00, 0x00, 0x00, 0x61, 0xff,
    0x00, 0x00, 0x00, 0x2f, 0xa8, 0xa3, 0x26, 0x00, 0x26, 0xac, 0xa3, 0x27, 0x00, 0x00, 0x00, 0x31,
    0x27, 0x00, 0x00, 0x00, 0x00, 0x00, 0x1d, 0xa8, 0xc8, 0xd0, 0x39, 0x00, 0x57, 0x3a, 0x00, 0x1f,
    0xd7, 0x00, 0x00, 0x00, 0x00, 0x08, 0xe5, 0x00, 0x00, 0x00, 0x00, 0x5b, 0xa2, 0x00, 0x00, 0x00,
    0x03, 0xce, 0x1e, 0x00, 0x00, 0x00, 0x44, 0x7c, 0x00, 0x00, 0x00, 0x00, 0x6c, 0x26, 0x00, 0x00,
    0x00, 0x00, 0x0e, 0x00, 0x00, 0x00, 0x00, 0x24, 0x89, 0x00, 0x00, 0x00, 0x00, 0x00, 0x00, 0x60,
    0xc3, 0xc9, 0xce, 0x92, 0x0e, 0x00, 0x00, 0x00, 0x91, 0x97, 0x0f, 0x00, 0x02, 0x66, 0xc9, 0x06,
    0x00, 0x45, 0xb8, 0x00, 0x00, 0x00, 0x00, 0x00, 0x8d, 0x6f, 0x00, 0xac, 0x44, 0x0d, 0xb5, 0xca,
    0x8a, 0x7b, 0x28, 0xc4, 0x00, 0xe0, 0x0a, 0x8e, 0x79, 0x00, 0x91, 0x69, 0x02, 0xe4, 0x00, 0xe8,
    0x00, 0xdc, 0x17, 0x00, 0x6d, 0x46, 0x03, 0xe7, 0x00, 0xd9, 0x0c, 0xe8, 0x00, 0x00, 0x90, 0x24,
    0x1e, 0xc9, 0x00, 0x96, 0x49, 0xc4, 0x2b, 0x13, 0xde, 0x26, 0x75, 0x77, 0x00, 0x24, 0xbe, 0x36,
    0xb2, 0x8d, 0x2b, 0xad, 0x98, 0x06, 0x00, 0x00, 0x5d, 0xb3, 0x28, 0x00, 0x03, 0x3d, 0xaf, 0x03,
    0x00, 0x00, 0x00, 0x38, 0xaa, 0xcb, 0xce, 0x93, 0x13, 0x00, 0x00, 0x00, 0x00, 0x80, 0x84, 0x00,
    0x00, 0x00, 0x00, 0x00, 0x04, 0xe4, 0xe5, 0x06, 0x00, 0x00, 0x00, 0x00, 0x50, 0xb2, 0xab, 0x54,
    0x00, 0x00, 0x00, 0x00, 0xb3, 0x50, 0x49, 0xb7, 0x00, 0x00, 0x00, 0x18, 0xe5, 0x05, 0x02, 0xe1,
    0x1d, 0x00, 0x00, 0x77, 0x8b, 0x00, 0x00, 0x84, 0x7d, 0x00, 0x00, 0xe1, 0xe3, 0xd0, 0xd0, 0xe1,
    0xe7, 0x01, 0x3c, 0xbd, 0x00, 0x00, 0x00, 0x00, 0xb8, 0x43, 0x85, 0x4c, 0x00, 0x00, 0x00, 0x00,
    0x45, 0x8d, 0x00, 0xdd, 0xc8, 0xc8, 0xce, 0xc6, 0x2c, 0x00, 0xe8, 0x00, 0x00, 0x00, 0x46, 0xc9,
    0x00, 0xe8, 0x00, 0x00, 0x00, 0x02, 0xe7, 0x00, 0xe8, 0x00, 0x00, 0x00, 0x5e, 0xa4, 0x00, 0xf1,
    0xc8, 0xc8, 0xdc, 0xf0, 0x1f, 0x00, 0xe8, 0x00, 0x00, 0x00, 0x55, 0xb8, 0x00, 0xe8, 0x00, 0x00,
    0x00, 0x01, 0xe6, 0x00, 0xe8, 0x00, 0x00, 0x00, 0x3e, 0xc1, 0x00, 0xde, 0xc8, 0xc8, 0xc9, 0xc0,
    0x2a, 0x00, 0x00, 0x49, 0xc5, 0xc9, 0xc9, 0x74, 0x02, 0x00, 0x2f, 0xd0, 0x19, 0x00, 0x06, 0x77,
    0x16, 0x00, 0xa2, 0x47, 0x00, 0x00, 0x00, 0x00, 0x00, 0x00, 0xd4, 0x08, 0x00, 0x00, 0x00, 0x00,
    0x00, 0x00, 0xe5, 0x00, 0x00, 0x00, 0x00, 0x00, 0x00, 0x00, 0xde, 0x09, 0x00, 0x00, 0x00, 0x00,
    0x00, 0x00, 0xa8, 0x48, 0x00, 0x00, 0x00, 0x00, 0x00, 0x00, 0x36, 0xd0, 0x19, 0x00, 0x06, 0x76,
    0x19, 0x00, 0x00, 0x48, 0xc5, 0xc8, 0xcb, 0x75, 0x03, 0x00, 0xdd, 0xc8, 0xc8, 0xd7, 0xb4, 0x2f,
    0x00, 0x00, 0xe8, 0x00, 0x00, 0x00, 0x3a, 0xd9, 0x29, 0x00, 0xe8, 0x00, 0x00, 0x00, 0x00, 0x5b,
    0xa2, 0x00, 0xe8, 0x00, 0x00, 0x00, 0x00, 0x14, 0xde, 0x00, 0xe8, 0x00, 0x00, 0x00, 0x00, 0x00,
    0xeb, 0x00, 0xe8, 0x00, 0x00, 0x00, 0x00, 0x15, 0xdd, 0x00, 0xe8, 0x00, 0x00, 0x00, 0x00, 0x5e,
    0x9f, 0x00, 0xe8, 0x00, 0x00, 0x00, 0x3c, 0xdb, 0x28, 0x00, 0xde, 0xc8, 0xc8, 0xd7, 0xb3, 0x2f,
    0x00, 0x00, 0xdd, 0xc8, 0xc8, 0xc8, 0xba, 0x00, 0x00, 0xe8, 0x00, 0x00, 0x00, 0x00, 0x00, 0x00,
    0xe8, 0x00, 0x00, 0x00, 0x00, 0x00, 0x00, 0xe8, 0x00, 0x00, 0x00, 0x00, 0x00, 0x00, 0xf1, 0xc8,
    0xc8, 0xc8, 0x8d, 0x00, 0x00, 0xe8, 0x00, 0x00, 0x00, 0x00, 0x00, 0x00, 0xe8, 0x00, 0x00, 0x00,
    0x00, 0x00, 0x00, 0xe8, 0x00, 0x00, 0x00, 0x00, 0x00, 0x00, 0xde, 0xc8, 0xc8, 0xc8, 0xba, 0x00,
    0x00, 0xde, 0xc8, 0xc8, 0xc8, 0xa3, 0x00, 0xe8, 0x00, 0x00, 0x00, 0x00, 0x00, 0xe8, 0x00, 0x00,
    0x00, 0x00, 0x00, 0xe8, 0x00, 0x00, 0x00, 0x00, 0x00, 0xf1, 0xc8, 0xc8, 0xc8, 0x77, 0x00, 0xe8,
    0x00, 0x00, 0x00, 0x00, 0x00, 0xe8, 0x00, 0x00, 0x00, 0x00, 0x00, 0xe8, 0x00, 0x00, 0x00, 0x00,
    0x00, 0xc7, 0x00, 0x00, 0x00, 0x00, 0x00, 0x00, 0x42, 0xc2, 0xca, 0xcc, 0x93, 0x12, 0x00, 0x2a,
    0xd1, 0x1b, 0x00, 0x01, 0x5b, 0x2c, 0x00, 0xa1, 0x4a, 0x00, 0x00, 0x00, 0x00, 0x00, 0x00, 0xd3,
    0x0a, 0x00, 0x00, 0x00, 0x00, 0x00, 0x00, 0xe7, 0x00, 0x00, 0x00, 0xa4, 0xc8, 0xc9, 0x00, 0xdc,
    0x12, 0x00, 0x00, 0x00, 0x00, 0xe8, 0x00, 0x9e, 0x59, 0x00, 0x00, 0x00, 0x00, 0xe8, 0x00, 0x25,
    0xd6, 0x33, 0x00, 0x00, 0x0b, 0xf4, 0x00, 0x00, 0x2f, 0xb3, 0xd0, 0xc9, 0xcc, 0x85, 0x00, 0xc7,
    0x00, 0x00, 0x00, 0x00, 0x00, 0xc8, 0x00, 0xe8, 0x00, 0x00, 0x00, 0x00, 0x00, 0xe8, 0x00, 0xe8,
    0x00, 0x00, 0x00, 0x00, 0x00, 0xe8, 0x00, 0xe8, 0x00, 0x00, 0x00, 0x00, 0x00, 0xe8, 0x00, 0xf1,
    0xc8, 0xc8, 0xc8, 0xc8, 0xc8, 0xf1, 0x00, 0xe8, 0x00, 0x00, 0x00, 0x00, 0x00, 0xe8, 0x00, 0xe8,
    0x00, 0x00, 0x00, 0x00, 0x00, 0xe8, 0x00, 0xe8, 0x00, 0x00, 0x00, 0x00, 0x00, 0xe8, 0x00, 0xc8,
    0x00, 0x00, 0x00, 0x00, 0x00, 0xc8, 0x00, 0xc7, 0x00, 0x00, 0xe8, 0x00, 0x00, 0xe8, 0x00, 0x00,
    0xe8, 0x00, 0x00, 0xe8, 0x00, 0x00, 0xe8, 0x00, 0x00, 0xe8, 0x00, 0x00, 0xe8, 0x00, 0x00, 0xc8,
    0x00, 0x00, 0x00, 0xc7, 0x00, 0x00, 0x00, 0xe8, 0x00, 0x00, 0x00, 0xe8, 0x00, 0x00, 0x00, 0xe8,
    0x00, 0x00, 0x00, 0xe8, 0x00, 0x00, 0x00, 0xe8, 0x00, 0x00, 0x00, 0xe7, 0x00, 0x00, 0x27, 0xcc,
    0x00, 0x86, 0xda, 0x41, 0x00, 0x00, 0xc7, 0x00, 0x00, 0x01, 0x9c, 0x54, 0x00, 0xe8, 0x00, 0x00,
    0x93, 0x8f, 0x00, 0x00, 0xe8, 0x00, 0x86, 0x9c, 0x01, 0x00, 0x00, 0xe8, 0x78, 0xa8, 0x02, 0x00,
    0x00, 0x00, 0xf0, 0xff, 0x1f, 0x00, 0x00, 0x00, 0x00, 0xe8, 0x56, 0xd2, 0x14, 0x00, 0x00, 0x00,
    0xe8, 0x00, 0x5e, 0xcb, 0x0f, 0x00, 0x00, 0xe8, 0x00, 0x00, 0x66, 0xc4, 0x0b, 0x00, 0xc8, 0x00,
    0x00, 0x00, 0x6e, 0x87, 0x00, 0xc5, 0x00, 0x00, 0x00, 0x00, 0x00, 0xe8, 0x00, 0x00, 0x00, 0x00,
    0x00, 0xe8, 0x00, 0x00, 0x00, 0x00, 0x00, 0xe8, 0x00, 0x00, 0x00, 0x00, 0x00, 0xe8, 0x00, 0x00,
    0x00, 0x00, 0x00, 0xe8, 0x00, 0x00, 0x00, 0x00, 0x00, 0xe8, 0x00, 0x00, 0x00, 0x00, 0x00, 0xe8,
    0x00, 0x00, 0x00, 0x00, 0x00, 0xe0, 0xc8, 0xc8, 0xc8, 0xae, 0x00, 0xd5, 0x16, 0x00, 0x00, 0x00,
    0x00, 0x14, 0xd3, 0x00, 0xf4, 0x89, 0x00, 0x00, 0x00, 0x00, 0x86, 0xf4, 0x00, 0xff, 0xea, 0x12,
    0x00, 0x00, 0x0f, 0xe6, 0xff, 0x00, 0xe8, 0x8a, 0x82, 0x00, 0x00, 0x7d, 0x87, 0xe8, 0x00, 0xe8,
    0x11, 0xde, 0x0e, 0x0c, 0xda, 0x10, 0xe8, 0x00, 0xe8, 0x00, 0x76, 0x7b, 0x75, 0x76, 0x00, 0xe8,
    0x00, 0xe8, 0x00, 0x08, 0xd5, 0xd5, 0x09, 0x00, 0xe8, 0x00, 0xe8, 0x00, 0x00, 0x50, 0x53, 0x00,
    0x00, 0xe8, 0x00, 0xcb, 0x00, 0x00, 0x00, 0x00, 0x00, 0x00, 0xcb, 0x00, 0xcc, 0x13, 0x00, 0x00,
    0x00, 0xcb, 0x00, 0x00, 0xf4, 0xa7, 0x00, 0x00, 0x00, 0xe8, 0x00, 0x00, 0xfa, 0xe8, 0x52, 0x00,
    0x00, 0xe8, 0x00, 0x00, 0xe8, 0x50, 0xe9, 0x14, 0x00, 0xe8, 0x00, 0x00, 0xe8, 0x00, 0xa5, 0xa8,
    0x00, 0xe8, 0x00, 0x00, 0xe8, 0x00, 0x12, 0xe7, 0x53, 0xe8, 0x00, 0x00, 0xe8, 0x00, 0x00, 0x4f,
    0xe9, 0xfc, 0x00, 0x00, 0xe8, 0x00, 0x00, 0x00, 0xa4, 0xf4, 0x00, 0x00, 0xcb, 0x00, 0x00, 0x00,
    0x12, 0xcc, 0x00, 0x00, 0x00, 0x49, 0xc7, 0xcb, 0xc8, 0x45, 0x00, 0x00, 0x2c, 0xcd, 0x14, 0x00,
    0x16, 0xcc, 0x30, 0x00, 0xa2, 0x48, 0x00, 0x00, 0x00, 0x4c, 0xa4, 0x00, 0xd4, 0x09, 0x00, 0x00,
    0x00, 0x0f, 0xdd, 0x00, 0xe7, 0x00, 0x00, 0x00, 0x00, 0x00, 0xe6, 0x00, 0xde, 0x0e, 0x00, 0x00,
    0x00, 0x0a, 0xd0, 0x00, 0xa4, 0x4d, 0x00, 0x00, 0x00, 0x48, 0x9b, 0x00, 0x31, 0xce, 0x17, 0x00,
    0x14, 0xc9, 0x26, 0x00, 0x00, 0x4a, 0xcb, 0xcc, 0xc8, 0x3b, 0x00, 0x00, 0xe0, 0xc8, 0xc8, 0xcc,
    0xb1, 0x17, 0x00, 0xe8, 0x00, 0x00, 0x00, 0x67, 0xa4, 0x00, 0xe8, 0x00, 0x00, 0x00, 0x05, 0xe0,
    0x00, 0xe8, 0x00, 0x00, 0x00, 0x08, 0xdc, 0x00, 0xe8, 0x00, 0x00, 0x00, 0x7d, 0x95, 0x00, 0xf1,
    0xc8, 0xc8, 0xca, 0x95, 0x0d, 0x00, 0xe8, 0x00, 0x00, 0x00, 0x00, 0x00, 0x00, 0xe8, 0x00, 0x00,
    0x00, 0x00, 0x00, 0x00, 0xcb, 0x00, 0x00, 0x00, 0x00, 0x00, 0x00, 0x00, 0x49, 0xc7, 0xcb, 0xc8,
    0x45, 0x00, 0x00, 0x2c, 0xcd, 0x14, 0x00, 0x16, 0xcc, 0x30, 0x00, 0xa2, 0x48, 0x00, 0x00, 0x00,
    0x4c, 0xa4, 0x00, 0xd4, 0x09, 0x00, 0x00, 0x00, 0x0f, 0xdd, 0x00, 0xe7, 0x00, 0x00, 0x00, 0x00,
    0x00, 0xe6, 0x00, 0xde, 0x0e, 0x00, 0x00, 0x00, 0x0a, 0xd0, 0x00, 0xa4, 0x4d, 0x00, 0x00, 0x00,
    0x48, 0x9b, 0x00, 0x31, 0xce, 0x17, 0x00, 0x14, 0xc9, 0x26, 0x00, 0x00, 0x4a, 0xcb, 0xd7, 0xf6,
    0x3d, 0x00, 0x00, 0x00, 0x00, 0x00, 0x09, 0x87, 0x8d, 0x00, 0x00, 0x00, 0x00, 0x00, 0x00, 0x04,
    0xd0, 0x1c, 0x00, 0x00, 0x00, 0x00, 0x00, 0x00, 0x18, 0x04, 0x00, 0xe0, 0xc8, 0xc8, 0xca, 0xbc,
    0x24, 0x00, 0x00, 0xe8, 0x00, 0x00, 0x00, 0x48, 0xbd, 0x00, 0x00, 0xe8, 0x00, 0x00, 0x00, 0x02,
    0xe7, 0x00, 0x00, 0xe8, 0x00, 0x00, 0x00, 0x62, 0xb9, 0x00, 0x00, 0xf1, 0xc8, 0xd0, 0xff, 0xb0,
    0x1b, 0x00, 0x00, 0xe8, 0x00, 0x00, 0x4d, 0xb4, 0x00, 0x00, 0x00, 0xe8, 0x00, 0x00, 0x00, 0xc2,
    0x36, 0x00, 0x00, 0xe8, 0x00, 0x00, 0x00, 0x52, 0xa8, 0x00, 0x00, 0xc8, 0x00, 0x00, 0x00, 0x02,
    0xcc, 0x02, 0x00, 0x12, 0xa3, 0xc9, 0xc9, 0x9e, 0x18, 0x00, 0xa7, 0x5a, 0x00, 0x00, 0x48, 0x35,
    0x00, 0xe4, 0x03, 0x00, 0x00, 0x00, 0x00, 0x00, 0xc4, 0x7c, 0x0f, 0x00, 0x00, 0x00, 0x00, 0x25,
    0xbd, 0xfb, 0xce, 0x7b, 0x09, 0x00, 0x00, 0x00, 0x12, 0x4b, 0xb7, 0xac, 0x00, 0x00, 0x00, 0x00,
    0x00, 0x07, 0xe4, 0x00, 0x65, 0x26, 0x00, 0x00, 0x44, 0xb1, 0x00, 0x47, 0xbf, 0xd0, 0xc6, 0xaf,
    0x1a, 0x92, 0xc8, 0xc8, 0xfa, 0xc8, 0xc8, 0x95, 0x00, 0x00, 0x00, 0xe8, 0x00, 0x00, 0x00, 0x00,
    0x00, 0x00, 0xe8, 0x00, 0x00, 0x00, 0x00, 0x00, 0x00, 0xe8, 0x00, 0x00, 0x00, 0x00, 0x00, 0x00,
    0xe8, 0x00, 0x00, 0x00, 0x00, 0x00, 0x00, 0xe8, 0x00, 0x00, 0x00, 0x00, 0x00, 0x00, 0xe8, 0x00,
    0x00, 0x00, 0x00, 0x00, 0x00, 0xe8, 0x00, 0x00, 0x00, 0x00, 0x00, 0x00, 0xc7, 0x00, 0x00, 0x00,
    0x00, 0xc9, 0x00, 0x00, 0x00, 0x00, 0xc7, 0x00, 0x00, 0xe8, 0x00, 0x00, 0x00, 0x00, 0xe8, 0x00,
    0x00, 0xe8, 0x00, 0x00, 0x00, 0x00, 0xe8, 0x00, 0x00, 0xe8, 0x00, 0x00, 0x00, 0x00, 0xe8, 0x00,
    0x00, 0xe8, 0x00, 0x00, 0x00, 0x00, 0xe8, 0x00, 0x00, 0xe6, 0x00, 0x00, 0x00, 0x00, 0xe8, 0x00,
    0x00, 0xd2, 0x15, 0x00, 0x00, 0x15, 0xd6, 0x00, 0x00, 0x81, 0x8a, 0x00, 0x00, 0x8a, 0x85, 0x00,
    0x00, 0x09, 0x95, 0xca, 0xd1, 0x9d, 0x09, 0x00, 0xb4, 0x1d, 0x00, 0x00, 0x00, 0x00, 0x7c, 0x51,
    0x77, 0x7c, 0x00, 0x00, 0x00, 0x02, 0xdb, 0x11, 0x18, 0xd8, 0x01, 0x00, 0x00, 0x46, 0xa7, 0x00,
    0x00, 0xb2, 0x3e, 0x00, 0x00, 0xa6, 0x45, 0x00, 0x00, 0x4f, 0x9e, 0x00, 0x0f, 0xd7, 0x02, 0x00,
    0x00, 0x04, 0xdb, 0x0c, 0x67, 0x7f, 0x00, 0x00, 0x00, 0x00, 0x8a, 0x60, 0xc5, 0x1f, 0x00, 0x00,
    0x00, 0x00, 0x27, 0xe8, 0xba, 0x00, 0x00, 0x00, 0x00, 0x00, 0x00, 0xc1, 0x51, 0x00, 0x00, 0x00,
    0x6d, 0x5e, 0x00, 0x00, 0x00, 0x60, 0x83, 0x00, 0x00, 0x00, 0x34, 0x8d, 0x3c, 0xb4, 0x00, 0x00,
    0x00, 0xba, 0xdf, 0x00, 0x00, 0x00, 0x87, 0x5a, 0x02, 0xe1, 0x0a, 0x00, 0x0d, 0xc8, 0xb1, 0x28,
    0x00, 0x00, 0xd0, 0x10, 0x00, 0x9f, 0x4d, 0x00, 0x55, 0x80, 0x63, 0x75, 0x00, 0x22, 0xbc, 0x00,
    0x00, 0x50, 0x99, 0x00, 0xa3, 0x31, 0x16, 0xc0, 0x00, 0x70, 0x6d, 0x00, 0x00, 0x0a, 0xdb, 0x04,
    0xcf, 0x00, 0x00, 0xc2, 0x12, 0xbd, 0x1f, 0x00, 0x00, 0x00, 0xb4, 0x71, 0x93, 0x00, 0x00, 0x77,
    0x6d, 0xca, 0x00, 0x00, 0x00, 0x00, 0x65, 0xff, 0x44, 0x00, 0x00, 0x29, 0xff, 0x80, 0x00, 0x00,
    0x00, 0x00, 0x17, 0xdf, 0x05, 0x00, 0x00, 0x00, 0xcf, 0x2c, 0x00, 0x00, 0x50, 0x8c, 0x00, 0x00,
    0x00, 0x66, 0x76, 0x03, 0xcb, 0x38, 0x00, 0x1b, 0xda, 0x12, 0x00, 0x30, 0xd0, 0x06, 0xb1, 0x54,
    0x00, 0x00, 0x00, 0x86, 0xc8, 0xae, 0x00, 0x00, 0x00, 0x00, 0x1d, 0xff, 0x47, 0x00, 0x00, 0x00,
    0x00, 0xa8, 0x9b, 0xca, 0x03, 0x00, 0x00, 0x4d, 0xba, 0x00, 0x94, 0x77, 0x00, 0x0e, 0xd9, 0x21,
    0x00, 0x0d, 0xd9, 0x26, 0x72, 0x6d, 0x00, 0x00, 0x00, 0x48, 0x98, 0x7e, 0x5e, 0x00, 0x00, 0x00,
    0x59, 0x7e, 0x17, 0xdb, 0x16, 0x00, 0x14, 0xda, 0x18, 0x00, 0x62, 0xa8, 0x00, 0xa2, 0x64, 0x00,
    0x00, 0x00, 0xbe, 0x90, 0xc0, 0x01, 0x00, 0x00, 0x00, 0x24, 0xff, 0x26, 0x00, 0x00, 0x00, 0x00,
    0x00, 0xe8, 0x00, 0x00, 0x00, 0x00, 0x00, 0x00, 0xe8, 0x00, 0x00, 0x00, 0x00, 0x00, 0x00, 0xe8,
    0x00, 0x00, 0x00, 0x00, 0x00, 0x00, 0xc8, 0x00, 0x00, 0x00, 0x57, 0xc8, 0xc8, 0xc8, 0xca, 0xff,
    0x0c, 0x00, 0x00, 0x00, 0x00, 0x68, 0xa6, 0x00, 0x00, 0x00, 0x00, 0x14, 0xdf, 0x19, 0x00, 0x00,
    0x00, 0x00, 0x9e, 0x6f, 0x00, 0x00, 0x00, 0x00, 0x3a, 0xcf, 0x03, 0x00, 0x00, 0x00, 0x03, 0xcf,
    0x3a, 0x00, 0x00, 0x00, 0x00, 0x70, 0x9c, 0x00, 0x00, 0x00, 0x00, 0x19, 0xdf, 0x14, 0x00, 0x00,
    0x00, 0x00, 0x6e, 0xf4, 0xc8, 0xc8, 0xc8, 0xc7, 0x29, 0x00, 0xe4, 0xc7, 0x29, 0x00, 0xe8, 0x00,
    0x00, 0x00, 0xe8, 0x00, 0x00, 0x00, 0xe8, 0x00, 0x00, 0x00, 0xe8, 0x00, 0x00, 0x00, 0xe8, 0x00,
    0x00, 0x00, 0xe8, 0x00, 0x00, 0x00, 0xe8, 0x00, 0x00, 0x00, 0xe8, 0x00, 0x00, 0x00, 0xe8, 0x00,
    0x00, 0x00, 0xe5, 0xc7, 0x28, 0x0f, 0xa1, 0x00, 0x00, 0x00, 0x00, 0xc6, 0x03, 0x00, 0x00, 0x00,
    0x8d, 0x3c, 0x00, 0x00, 0x00, 0x43, 0x85, 0x00, 0x00, 0x00, 0x06, 0xc1, 0x00, 0x00, 0x00, 0x00,
    0xaf, 0x18, 0x00, 0x00, 0x00, 0x67, 0x60, 0x00, 0x00, 0x00, 0x1d, 0xa8, 0x00, 0x00, 0x00, 0x00,
    0xc2, 0x03, 0x00, 0x00, 0x00, 0x84, 0x28, 0x2b, 0xc7, 0xe4, 0x00, 0x00, 0x00, 0xe8, 0x00, 0x00,
    0x00, 0xe8, 0x00, 0x00, 0x00, 0xe8, 0x00, 0x00, 0x00, 0xe8, 0x00, 0x00, 0x00, 0xe8, 0x00, 0x00,
    0x00, 0xe8, 0x00, 0x00, 0x00, 0xe8, 0x00, 0x00, 0x00, 0xe8, 0x00, 0x00, 0x00, 0xe8, 0x00, 0x2a,
    0xc7, 0xe5, 0x00, 0x00, 0x00, 0x34, 0xe2, 0x00, 0x00, 0x00, 0x00, 0x00, 0x9d, 0x9e, 0x39, 0x00,
    0x00, 0x00, 0x13, 0xa5, 0x1b, 0xa0, 0x00, 0x00, 0x00, 0x76, 0x43, 0x00, 0xa5, 0x16, 0x00, 0x02,
    0xb6, 0x00, 0x00, 0x41, 0x7b, 0x00, 0x39, 0x69, 0x00, 0x00, 0x00, 0xa4, 0x00, 0x00, 0x00, 0x00,
    0x00, 0x00, 0x00, 0x00, 0x00, 0x00, 0x00, 0x00, 0x00, 0x00, 0x00, 0x99, 0xc8, 0xc8, 0xc8, 0xc8,
    0x35, 0x00, 0x26, 0x00, 0x00, 0x00, 0xb5, 0x20, 0x00, 0x00, 0x2c, 0x8f, 0x00, 0x00, 0x00, 0x2f,
    0x00, 0x00, 0x00, 0x00, 0x00, 0x00, 0x00, 0x00, 0x00, 0x00, 0x00, 0x00, 0x00, 0x00, 0x00, 0x00,
    0x00, 0x00, 0x00, 0x00, 0x00, 0x00, 0x00, 0x00, 0x00, 0x00, 0x14, 0xaf, 0xc8, 0xc6, 0x46, 0x00,
    0x0a, 0x23, 0x00, 0x17, 0xd9, 0x00, 0x38, 0xb0, 0xc9, 0xc7, 0xff, 0x00, 0xdb, 0x37, 0x00, 0x03,
    0xed, 0x00, 0xda, 0x20, 0x00, 0x58, 0xf3, 0x00, 0x3b, 0xc9, 0xc6, 0x78, 0xc6, 0x00, 0xc7, 0x00,
    0x00, 0x00, 0x00, 0x00, 0xe8, 0x00, 0x00, 0x00, 0x00, 0x00, 0xe8, 0x00, 0x00, 0x00, 0x00, 0x00,
    0xe8, 0x83, 0xcd, 0xc8, 0x21, 0x00, 0xf7, 0x5a, 0x00, 0x5a, 0xac, 0x00, 0xf2, 0x09, 0x00, 0x04,
    0xe6, 0x00, 0xf1, 0x04, 0x00, 0x09, 0xe6, 0x00, 0xf9, 0x58, 0x00, 0x5d, 0xac, 0x00, 0xc9, 0x80,
    0xcd, 0xcd, 0x22, 0x17, 0xb2, 0xc9, 0xbc, 0x27, 0xa3, 0x61, 0x00, 0x14, 0x14, 0xe0, 0x04, 0x00,
    0x00, 0x00, 0xe4, 0x06, 0x00, 0x00, 0x00, 0xa1, 0x68, 0x00, 0x14, 0x14, 0x15, 0xb6, 0xcd, 0xbd,
    0x26, 0x00, 0x00, 0x00, 0x00, 0xc7, 0x00, 0x00, 0x00, 0x00, 0x00, 0xe8, 0x00, 0x00, 0x00, 0x00,
    0x00, 0xe8, 0x00, 0x20, 0xca, 0xcd, 0x81, 0xe8, 0x00, 0xad, 0x5a, 0x00, 0x5a, 0xf7, 0x00, 0xe7,
    0x09, 0x00, 0x04, 0xf1, 0x00, 0xe6, 0x04, 0x00, 0x09, 0xf2, 0x00, 0xad, 0x58, 0x00, 0x5c, 0xf8,
    0x00, 0x21, 0xca, 0xcd, 0x7f, 0xca, 0x00, 0x10, 0xad, 0xc9, 0xc1, 0x28, 0x00, 0x9d, 0x64, 0x00,
    0x35, 0xb9, 0x00, 0xff, 0xd1, 0xc8, 0xc8, 0xcf, 0x00, 0xe4, 0x06, 0x00, 0x00, 0x00, 0x00, 0xa0,
    0x65, 0x00, 0x03, 0x44, 0x00, 0x11, 0xab, 0xcd, 0xc9, 0x6a, 0x00, 0x00, 0x00, 0x0d, 0x7f, 0x7b,
    0x00, 0x00, 0xaa, 0x6c, 0x0d, 0x00, 0x00, 0xe3, 0x00, 0x00, 0x01, 0xbc, 0xff, 0xc8, 0x55, 0x00,
    0x00, 0xe8, 0x00, 0x00, 0x00, 0x00, 0xe8, 0x00, 0x00, 0x00, 0x00, 0xe8, 0x00, 0x00, 0x00, 0x00,
    0xe8, 0x00, 0x00, 0x00, 0x00, 0xcb, 0x00, 0x00, 0x1a, 0xbc, 0xc7, 0x7c, 0xca, 0x00, 0xa6, 0x5e,
    0x00, 0x5e, 0xf7, 0x00, 0xe2, 0x09, 0x00, 0x05, 0xf1, 0x00, 0xe6, 0x05, 0x00, 0x0a, 0xf2, 0x00,
    0xab, 0x5d, 0x00, 0x5d, 0xf6, 0x00, 0x20, 0xc8, 0xc9, 0x80, 0xe3, 0x00, 0x3c, 0x08, 0x00, 0x33,
    0xbf, 0x00, 0x61, 0xc5, 0xc7, 0xc4, 0x2e, 0x00, 0x00, 0xc7, 0x00, 0x00, 0x00, 0x00, 0x00, 0xe8,
    0x00, 0x00, 0x00, 0x00, 0x00, 0xe8, 0x00, 0x00, 0x00, 0x00, 0x00, 0xe8, 0x7b, 0xc4, 0xd0, 0x56,
    0x00, 0xf7, 0x53, 0x00, 0x25, 0xda, 0x00, 0xed, 0x01, 0x00, 0x00, 0xe8, 0x00, 0xe8, 0x00, 0x00,
    0x00, 0xe8, 0x00, 0xe8, 0x00, 0x00, 0x00, 0xe8, 0x00, 0xc9, 0x00, 0x00, 0x00, 0xcb, 0x24, 0x88,
    0x00, 0x00, 0x00, 0x00, 0x00, 0x00, 0x00, 0x00, 0xc8, 0x00, 0x00, 0xe8, 0x00, 0x00, 0xe8, 0x00,
    0x00, 0xe8, 0x00, 0x00, 0xe8, 0x00, 0x00, 0xc7, 0x00, 0x00, 0x1f, 0x90, 0x00, 0x00, 0x00, 0x00,
    0x00, 0x00, 0x00, 0x00, 0x00, 0x00, 0x00, 0xca, 0x00, 0x00, 0x00, 0xe8, 0x00, 0x00, 0x00, 0xe8,
    0x00, 0x00, 0x00, 0xe8, 0x00, 0x00, 0x00, 0xe8, 0x00, 0x00, 0x00, 0xe7, 0x00, 0x00, 0x15, 0xd3,
    0x00, 0x4a, 0xd0, 0x53, 0x00, 0x00, 0xc7, 0x00, 0x00, 0x00, 0x00, 0x00, 0xe8, 0x00, 0x00, 0x00,
    0x00, 0x00, 0xe8, 0x00, 0x00, 0x00, 0x00, 0x00, 0xe8, 0x00, 0x18, 0xc9, 0x10, 0x00, 0xe8, 0x13,
    0xcc, 0x46, 0x00, 0x00, 0xec, 0xd9, 0x4c, 0x00, 0x00, 0x00, 0xea, 0xb8, 0x7e, 0x00, 0x00, 0x00,
    0xe8, 0x07, 0xb5, 0x78, 0x00, 0x00, 0xc9, 0x00, 0x07, 0xb1, 0x40, 0x00, 0xc9, 0x00, 0x00, 0x00,
    0xe8, 0x00, 0x00, 0x00, 0xe8, 0x00, 0x00, 0x00, 0xe8, 0x00, 0x00, 0x00, 0xe8, 0x00, 0x00, 0x00,
    0xe8, 0x00, 0x00, 0x00, 0xe8, 0x00, 0x00, 0x00, 0xde, 0x12, 0x00, 0x00, 0x66, 0xd7, 0x44, 0x00,
    0xc6, 0x92, 0xd9, 0x69, 0xa0, 0xd3, 0x6b, 0x00, 0x00, 0xfb, 0x34, 0x15, 0xff, 0x33, 0x15, 0xdd,
    0x00, 0x00, 0xec, 0x00, 0x00, 0xed, 0x00, 0x00, 0xe8, 0x00, 0x00, 0xe8, 0x00, 0x00, 0xe8, 0x00,
    0x00, 0xe8, 0x00, 0x00, 0xe8, 0x00, 0x00, 0xe8, 0x00, 0x00, 0xe8, 0x00, 0x00, 0xcb, 0x00, 0x00,
    0xca, 0x00, 0x00, 0xca, 0x00, 0x00, 0xc6, 0x7b, 0xc4, 0xd0, 0x56, 0x00, 0xf8, 0x53, 0x00, 0x25,
    0xda, 0x00, 0xed, 0x01, 0x00, 0x00, 0xe8, 0x00, 0xe8, 0x00, 0x00, 0x00, 0xe8, 0x00, 0xe8, 0x00,
    0x00, 0x00, 0xe8, 0x00, 0xcb, 0x00, 0x00, 0x00, 0xcb, 0x17, 0xb5, 0xcd, 0xbb, 0x19, 0x00, 0xa2,
    0x5a, 0x00, 0x5a, 0xa7, 0x00, 0xe0, 0x09, 0x00, 0x04, 0xe5, 0x00, 0xe6, 0x04, 0x00, 0x09, 0xdf,
    0x00, 0xa8, 0x58, 0x00, 0x5d, 0xa4, 0x00, 0x1a, 0xbe, 0xce, 0xba, 0x1a, 0x00, 0x00, 0xca, 0x82,
    0xcd, 0xc8, 0x21, 0x00, 0xf9, 0x5a, 0x00, 0x5a, 0xac, 0x00, 0xf2, 0x09, 0x00, 0x04, 0xe6, 0x00,
    0xf1, 0x04, 0x00, 0x09, 0xe6, 0x00, 0xf7, 0x58, 0x00, 0x5d, 0xac, 0x00, 0xe8, 0x84, 0xcd, 0xcd,
    0x22, 0x00, 0xe8, 0x00, 0x00, 0x00, 0x00, 0x00, 0xcc, 0x00, 0x00, 0x00, 0x00, 0x20, 0xca, 0xcd,
    0x7d, 0xcb, 0x00, 0xad, 0x5a, 0x00, 0x59, 0xf8, 0x00, 0xe7, 0x09, 0x00, 0x04, 0xf1, 0x00, 0xe6,
    0x04, 0x00, 0x09, 0xf2, 0x00, 0xad, 0x58, 0x00, 0x5d, 0xf7, 0x00, 0x21, 0xca, 0xcd, 0x86, 0xe8,
    0x00, 0x00, 0x00, 0x00, 0x00, 0xe8, 0x00, 0x00, 0x00, 0x00, 0x00, 0xcc, 0x00, 0x00, 0xc3, 0x8c,
    0xd3, 0x04, 0x00, 0xf5, 0x5f, 0x00, 0x00, 0x00, 0xed, 0x01, 0x00, 0x00, 0x00, 0xe8, 0x00, 0x00,
    0x00, 0x00, 0xe8, 0x00, 0x00, 0x00, 0x00, 0xca, 0x00, 0x00, 0x00, 0x00, 0x51, 0xc7, 0xc8, 0xa0,
    0x02, 0x00, 0xe4, 0x10, 0x00, 0x2f, 0x01, 0x00, 0xb6, 0x8f, 0x39, 0x01, 0x00, 0x00, 0x04, 0x45,
    0x9d, 0xac, 0x00, 0x18, 0x25, 0x00, 0x10, 0xe2, 0x00, 0x1c, 0xb2, 0xc8, 0xcd, 0x57, 0x00, 0x00,
    0x00, 0xc7, 0x00, 0x00, 0x00, 0x00, 0xe8, 0x00, 0x00, 0x04, 0xbf, 0xfa, 0xc8, 0x7a, 0x00, 0x00,
    0xe8, 0x00, 0x00, 0x00, 0x00, 0xe8, 0x00, 0x00, 0x00, 0x00, 0xe8, 0x00, 0x00, 0x00, 0x00, 0xd7,
    0x17, 0x00, 0x00, 0x00, 0x57, 0xcf, 0x9d, 0x00, 0xcb, 0x00, 0x00, 0x00, 0xcb, 0x00, 0xe8, 0x00,
    0x00, 0x00, 0xe8, 0x00, 0xe8, 0x00, 0x00, 0x00, 0xe8, 0x00, 0xe8, 0x00, 0x00, 0x02, 0xed, 0x00,
    0xd8, 0x24, 0x00, 0x56, 0xfb, 0x00, 0x50, 0xce, 0xc7, 0x84, 0xc6, 0x99, 0x36, 0x00, 0x00, 0x7b,
    0x4b, 0x53, 0x99, 0x00, 0x02, 0xd6, 0x0d, 0x05, 0xd9, 0x08, 0x47, 0x9b, 0x00, 0x00, 0x8b, 0x58,
    0xa9, 0x36, 0x00, 0x00, 0x28, 0xca, 0xc9, 0x00, 0x00, 0x00, 0x00, 0xc1, 0x61, 0x00, 0x00, 0x7a,
    0x4d, 0x00, 0x00, 0xee, 0x28, 0x00, 0x10, 0xaf, 0x3e, 0xa6, 0x00, 0x35, 0xed, 0x7e, 0x00, 0x5d,
    0x7d, 0x02, 0xd7, 0x06, 0x89, 0x4c, 0xc6, 0x00, 0xb0, 0x27, 0x00, 0x91, 0x4b, 0xc6, 0x03, 0xab,
    0x2f, 0xc7, 0x00, 0x00, 0x3b, 0xce, 0x98, 0x00, 0x56, 0xcc, 0x7a, 0x00, 0x00, 0x01, 0xdc, 0x3b,
    0x00, 0x0a, 0xe9, 0x21, 0x00, 0x41, 0x9a, 0x00, 0x07, 0xc2, 0x11, 0x00, 0xaa, 0x5a, 0x91, 0x74,
    0x00, 0x00, 0x0f, 0xe8, 0xbf, 0x01, 0x00, 0x00, 0x20, 0xe3, 0xcd, 0x08, 0x00, 0x04, 0xc4, 0x40,
    0x76, 0x95, 0x00, 0x60, 0x7f, 0x00, 0x01, 0xb5, 0x2b, 0x9a, 0x37, 0x00, 0x00, 0x80, 0x4b, 0x53,
    0x9c, 0x00, 0x04, 0xd9, 0x0c, 0x04, 0xda, 0x0b, 0x4e, 0x96, 0x00, 0x00, 0x85, 0x5f, 0xb1, 0x2e,
    0x00, 0x00, 0x20, 0xd6, 0xc2, 0x00, 0x00, 0x00, 0x00, 0xcb, 0x5f, 0x00, 0x00, 0x00, 0x09, 0xdc,
    0x09, 0x00, 0x00, 0x00, 0x46, 0x89, 0x00, 0x00, 0x00, 0x4b, 0xc8, 0xc8, 0xe5, 0x95, 0x00, 0x00,
    0x05, 0xc2, 0x21, 0x00, 0x00, 0x7f, 0x68, 0x00, 0x00, 0x2f, 0xb6, 0x01, 0x00, 0x05, 0xc1, 0x1e,
    0x00, 0x00, 0x57, 0xf3, 0xc8, 0xc8, 0x96, 0x00, 0x00, 0xaf, 0xd0, 0x2a, 0x00, 0x00, 0xe9, 0x00,
    0x00, 0x00, 0x00, 0xe8, 0x00, 0x00, 0x00, 0x00, 0xe8, 0x00, 0x00, 0x00, 0x0c, 0xdc, 0x00, 0x00,
    0x07, 0xdd, 0x78, 0x00, 0x00, 0x00, 0x0d, 0xdd, 0x00, 0x00, 0x00, 0x00, 0xe8, 0x00, 0x00, 0x00,
    0x00, 0xe8, 0x00, 0x00, 0x00, 0x00, 0xe9, 0x00, 0x00, 0x00, 0x00, 0xab, 0xcf, 0x29, 0x00, 0xca,
    0x00, 0x00, 0xe8, 0x00, 0x00, 0xe8, 0x00, 0x00, 0xe8, 0x00, 0x00, 0xe8, 0x00, 0x00, 0xe8, 0x00,
    0x00, 0xe8, 0x00, 0x00, 0xe8, 0x00, 0x00, 0xe8, 0x00, 0x00, 0xe8, 0x00, 0x00, 0xcb, 0x00, 0x2a,
    0xd1, 0xa7, 0x00, 0x00, 0x00, 0x01, 0xe9, 0x00, 0x00, 0x00, 0x00, 0xe8, 0x00, 0x00, 0x00, 0x00,
    0xe8, 0x00, 0x00, 0x00, 0x00, 0xde, 0x0b, 0x00, 0x00, 0x00, 0x79, 0xdc, 0x07, 0x00, 0x00, 0xde,
    0x0c, 0x00, 0x00, 0x00, 0xe8, 0x00, 0x00, 0x00, 0x00, 0xe8, 0x00, 0x00, 0x00, 0x01, 0xe9, 0x00,
    0x00, 0x29, 0xd0, 0xad, 0x00, 0x00, 0x0a, 0xaa, 0xbd, 0x4f, 0x01, 0x64, 0x00, 0x27, 0x3b, 0x10,
    0x8b, 0xc9, 0x5d, 0x00, 0x00, 0x00, 0x00, 0x00, 0x00, 0x00, 0x00, 0x00, 0x00, 0x00, 0x00, 0x00,
    0x00, 0x00, 0x00, 0x00, 0x00, 0x00, 0x00, 0x00, 0x00, 0x00, 0x23, 0x0f, 0x00, 0xbe, 0x19, 0x42,
    0xa6, 0x00, 0x1b, 0xc9, 0x00, 0x00, 0x81, 0x2a, 0x00, 0x00, 0x00, 0x1c, 0x16, 0x00, 0x34, 0xa1,
    0x00, 0x00, 0xc7, 0x21, 0x0a, 0xd1, 0x09, 0x4a, 0x5f, 0x00, 0x00, 0x00, 0x00, 0x28, 0x87, 0x00,
    0x00, 0x00, 0x00, 0x00, 0x00, 0x00, 0x00, 0x00, 0x00, 0x00, 0x1b, 0x00, 0x00, 0x9b, 0x00, 0x00,
    0xba, 0x10, 0x00, 0x00, 0x00, 0x00, 0x00, 0x00, 0x00, 0x00, 0x00, 0x00, 0x00, 0x00, 0x00, 0x00,
    0x00, 0x00, 0x00, 0x00, 0x11, 0xca, 0x00, 0x00, 0x99, 0x00, 0x00, 0x0d, 0x00, 0x00, 0x00, 0x00,
    0x00, 0x00, 0x00, 0x00, 0x00, 0x00, 0x00, 0x00, 0x00, 0x00, 0x00, 0x00, 0x00, 0x00, 0x00, 0x00,
    0x1a, 0x01, 0x1b, 0x00, 0x00, 0xa1, 0x02, 0x9b, 0x00, 0x00, 0xbc, 0x17, 0xba, 0x10, 0x00, 0x00,
    0x00, 0x00, 0x00, 0x00, 0x00, 0x00, 0x00, 0x00, 0x00, 0x00, 0x00, 0x00, 0x00, 0x00, 0x00, 0x00,
    0x00, 0x00, 0x00, 0x00, 0x00, 0x00, 0x00, 0x00, 0x00, 0x00, 0x00, 0x00, 0x11, 0xca, 0x18, 0xce,
    0x00, 0x99, 0x03, 0x9e, 0x00, 0x0d, 0x00, 0x0d, 0x00, 0x00, 0x00, 0x00, 0x00, 0x00, 0x00, 0x00,
    0x00, 0x00, 0x00, 0x00, 0x00, 0x00, 0x00, 0x00, 0x00, 0x00, 0x00, 0x00, 0x00, 0x00, 0x00, 0x00,
    0x04, 0xc0, 0xc8, 0xc8, 0xc8, 0xc8, 0x61, 0x00, 0x00, 0x00, 0x00, 0x00, 0x00, 0x00, 0x00, 0x00,
    0x00, 0x00, 0x00, 0x00, 0x00, 0x00, 0x00, 0x00, 0x00, 0x00, 0x00, 0x00, 0x04, 0xc0, 0xc8, 0xc8,
    0xc8, 0xc8, 0xc8, 0xc8, 0xc8, 0xc8, 0xc8, 0xc0, 0x04, 0x00, 0x00, 0x00, 0x00, 0x00, 0x00, 0x00,
    0x00, 0x00, 0x00, 0x00, 0x00, 0x00, 0x00, 0x00, 0x00, 0x00, 0x00, 0x00, 0x00, 0x00, 0x00, 0x00,
    0x00, 0x00, 0x00, 0x00, 0x00, 0x00, 0x00, 0x00, 0x00, 0x00, 0x00, 0x00, 0x00, 0x00, 0x00, 0x00,
    0x28, 0x87, 0x00, 0x80, 0x2d, 0x20, 0x8c, 0x00, 0x28, 0x87, 0x00, 0x00, 0x00, 0x00, 0x00, 0xd1,
    0x00, 0x00, 0xe8, 0x00, 0x00, 0xe8, 0x00, 0x00, 0xe8, 0x00, 0x00, 0xe8, 0x00, 0x00, 0xc0, 0x00,
    0x00, 0x00, 0x00, 0x57, 0x00, 0x00, 0x00, 0x00, 0x00, 0x00, 0xe8, 0x00, 0x00, 0x00, 0x00, 0x10,
    0xae, 0xe4, 0xc6, 0x3f, 0x00, 0x00, 0x9d, 0x6f, 0x00, 0x0a, 0x1d, 0x00, 0x00, 0xe2, 0x08, 0x00,
    0x00, 0x00, 0x00, 0x00, 0xe5, 0x07, 0x00, 0x00, 0x00, 0x00, 0x00, 0x9c, 0x6b, 0x00, 0x0b, 0x1b,
    0x00, 0x00, 0x0d, 0xb6, 0xe0, 0xc1, 0x39, 0x00, 0x00, 0x00, 0x00, 0xe8, 0x00, 0x00, 0x00, 0x00,
    0x00, 0x00, 0x56, 0x00, 0x00, 0x00, 0x00, 0x00, 0x33, 0xca, 0xc9, 0xbc, 0x32, 0x00, 0x00, 0xc7,
    0x31, 0x00, 0x22, 0x4b, 0x00, 0x00, 0xe7, 0x00, 0x00, 0x00, 0x00, 0x00, 0x00, 0xe8, 0x00, 0x00,
    0x00, 0x00, 0x06, 0xc1, 0xff, 0xc8, 0xb3, 0x00, 0x00, 0x00, 0x00, 0xe8, 0x00, 0x00, 0x00, 0x00,
    0x00, 0x00, 0xe8, 0x00, 0x00, 0x00, 0x00, 0x00, 0x00, 0xe8, 0x00, 0x00, 0x00, 0x00, 0x05, 0xbf,
    0xfe, 0xc8, 0xc8, 0xc8, 0x5f, 0x03, 0xb0, 0xa7, 0xc7, 0xab, 0xb6, 0x04, 0x00, 0x8c, 0x71, 0x00,
    0x71, 0x8c, 0x00, 0x00, 0xdf, 0x0d, 0x00, 0x0d, 0xdc, 0x00, 0x00, 0xdc, 0x0c, 0x00, 0x0c, 0xdb,
    0x00, 0x00, 0x89, 0x6d, 0x00, 0x6d, 0x8a, 0x00, 0x03, 0xb3, 0xab, 0xc8, 0xac, 0xaf, 0x03, 0x70,
    0x63, 0x00, 0x00, 0x00, 0x63, 0x72, 0x10, 0xd7, 0x16, 0x00, 0x16, 0xd8, 0x11, 0x00, 0x5a, 0xa4,
    0x00, 0xa3, 0x5c, 0x00, 0x00, 0x00, 0xba, 0x85, 0xbd, 0x00, 0x00, 0x04, 0xbf, 0xd5, 0xff, 0xd5,
    0xc0, 0x05, 0x00, 0x00, 0x00, 0xe8, 0x00, 0x00, 0x00, 0x04, 0xbf, 0xc8, 0xfa, 0xc8, 0xc0, 0x05,
    0x00, 0x00, 0x00, 0xe8, 0x00, 0x00, 0x00, 0x00, 0x00, 0x00, 0xca, 0x00, 0x00, 0x00, 0x00, 0xcd,
    0x00, 0x00, 0xe8, 0x00, 0x00, 0xe8, 0x00, 0x00, 0xcd, 0x00, 0x00, 0x00, 0x00, 0x00, 0x00, 0x00,
    0x00, 0x00, 0x00, 0x00, 0xcb, 0x00, 0x00, 0xe8, 0x00, 0x00, 0xe8, 0x00, 0x00, 0xcd, 0x00, 0x2e,
    0xc9, 0xca, 0xbc, 0x2f, 0x00, 0xd3, 0x2c, 0x00, 0x19, 0x24, 0x00, 0xd1, 0x12, 0x00, 0x00, 0x00,
    0x00, 0x84, 0xb2, 0x35, 0x00, 0x00, 0x00, 0xd9, 0x25, 0xb4, 0xb1, 0x18, 0x00, 0xc0, 0x5e, 0x00,
    0x63, 0xba, 0x00, 0x1a, 0xb1, 0xac, 0x1f, 0xd9, 0x00, 0x00, 0x00, 0x37, 0xaf, 0x85, 0x00, 0x00,
    0x00, 0x00, 0x13, 0xd0, 0x00, 0x28, 0x10, 0x00, 0x2e, 0xd1, 0x00, 0x41, 0xc4, 0xca, 0xc7, 0x2b,
    0x00, 0x00, 0x8f, 0x0a, 0x97, 0x01, 0x00, 0x00, 0x00, 0x00, 0x00, 0x00, 0x00, 0x00, 0x00, 0x00,
    0x00, 0x00, 0x00, 0x00, 0x00, 0x00, 0x00, 0x00, 0x00, 0x00, 0x00, 0x00, 0x00, 0x00, 0x00, 0x00,
    0x00, 0x00, 0x00, 0x00, 0x00, 0x00, 0x00, 0x00, 0x00, 0x00, 0x0f, 0x89, 0xc8, 0xc9, 0x8b, 0x11,
    0x00, 0x00, 0x07, 0xcb, 0x67, 0x03, 0x03, 0x6c, 0xcf, 0x08, 0x00, 0x7c, 0x80, 0x21, 0xaf, 0xc7,
    0x8b, 0x83, 0x7d, 0x00, 0xd6, 0x1d, 0xbc, 0x4c, 0x00, 0x32, 0x1e, 0xd6, 0x00, 0xeb, 0x01, 0xe5,
    0x01, 0x00, 0x00, 0x02, 0xeb, 0x00, 0xd6, 0x1e, 0xb5, 0x4f, 0x00, 0x2d, 0x1e, 0xd5, 0x00, 0x7b,
    0x81, 0x1b, 0xac, 0xc6, 0x89, 0x84, 0x7b, 0x00, 0x07, 0xc7, 0x64, 0x02, 0x03, 0x69, 0xca, 0x08,
    0x00, 0x00, 0x09, 0x89, 0xc8, 0xc9, 0x8b, 0x09, 0x00, 0x00, 0x00, 0x74, 0x8c, 0x77, 0x0a, 0x79,
    0x61, 0xd6, 0x52, 0x89, 0x07, 0xd2, 0x0c, 0x92, 0x64, 0x78, 0x00, 0x00, 0x00, 0x00, 0x00, 0x00,
    0x00, 0x00, 0x00, 0x00, 0x00, 0x00, 0x00, 0x00, 0x00, 0x00, 0x00, 0x23, 0x0f, 0x24, 0x0f, 0x00,
    0xbe, 0x19, 0xc0, 0x16, 0x42, 0xa6, 0x45, 0xa2, 0x00, 0x1b, 0xc9, 0x1e, 0xc7, 0x00, 0x00, 0x81,
    0x2a, 0x82, 0x26, 0x00, 0x00, 0x00, 0x00, 0x00, 0x79, 0xc8, 0xc8, 0xc8, 0xc8, 0xcb, 0x00, 0x00,
    0x00, 0x00, 0x00, 0x00, 0xe8, 0x00, 0x00, 0x00, 0x00, 0x00, 0x00, 0xe8, 0x00, 0x00, 0x00, 0x00,
    0x00, 0x00, 0x44, 0x00, 0x00, 0x00, 0x00, 0x00, 0x00, 0x00, 0x00, 0x00, 0x0f, 0x89, 0xc8, 0xc9,
    0x8b, 0x11, 0x00, 0x00, 0x07, 0xcb, 0x67, 0x03, 0x03, 0x6c, 0xcf, 0x08, 0x00, 0x7c, 0x80, 0xc8,
    0xc8, 0xca, 0x69, 0x83, 0x7d, 0x00, 0xd6, 0x1d, 0xe8, 0x00, 0x17, 0xe5, 0x1e, 0xd6, 0x00, 0xeb,
    0x01, 0xf1, 0xcb, 0xf9, 0x6f, 0x02, 0xeb, 0x00, 0xd6, 0x1e, 0xe8, 0x00, 0x7f, 0x43, 0x1e, 0xd5,
    0x00, 0x7b, 0x81, 0xca, 0x00, 0x1d, 0x85, 0x84, 0x7b, 0x00, 0x07, 0xc7, 0x64, 0x02, 0x03, 0x69,
    0xca, 0x08, 0x00, 0x00, 0x09, 0x89, 0xc8, 0xc9, 0x8b, 0x09, 0x00, 0x00, 0x00, 0xa4, 0xc8, 0xc8,
    0x41, 0x00, 0x00, 0x00, 0x00, 0x00, 0x00, 0x00, 0x00, 0x00, 0x00, 0x00, 0x00, 0x00, 0x00, 0x00,
    0x00, 0x00, 0x00, 0x00, 0x00, 0x00, 0x00, 0x00, 0x00, 0x00, 0x00, 0x00, 0x00, 0x00, 0x00, 0x00,
    0x00, 0x00, 0x00, 0x00, 0x00, 0x00, 0x00, 0x00, 0x00, 0x00, 0x00, 0x00, 0x51, 0xca, 0x53, 0x00,
    0xd9, 0x20, 0xd9, 0x00, 0xd9, 0x20, 0xd9, 0x00, 0x52, 0xc6, 0x53, 0x00, 0x00, 0x00, 0x00, 0x00,
    0x00, 0x00, 0x00, 0x00, 0x00, 0x00, 0x00, 0x00, 0x00, 0x00, 0x00, 0x00, 0x00, 0x00, 0x00, 0x00,
    0x00, 0x00, 0x00, 0xcf, 0x00, 0x00, 0x00, 0x00, 0x00, 0x00, 0xe8, 0x00, 0x00, 0x00, 0x37, 0xc8,
    0xc8, 0xfa, 0xc8, 0xc8, 0x35, 0x00, 0x00, 0x00, 0xe8, 0x00, 0x00, 0x00, 0x00, 0x00, 0x00, 0xcf,
    0x00, 0x00, 0x00, 0x4b, 0xc8, 0xc8, 0xc8, 0xc8, 0xbf, 0x03, 0x07, 0xa6, 0xae, 0x7d, 0x00, 0x00,
    0x01, 0x00, 0xc2, 0x00, 0x00, 0x00, 0x5b, 0x77, 0x00, 0x00, 0x37, 0xa9, 0x02, 0x00, 0x00, 0xd9,
    0xb0, 0xa2, 0x14, 0x00, 0x00, 0x00, 0x00, 0x00, 0x00, 0x00, 0x00, 0x00, 0x00, 0x00, 0x00, 0x00,
    0x00, 0x00, 0x13, 0xa5, 0xb3, 0x83, 0x00, 0x00, 0x04, 0xbd, 0x00, 0x55, 0xcc, 0x5c, 0x00, 0x00,
    0x02, 0xc2, 0x2a, 0xaa, 0xb0, 0x71, 0x00, 0x00, 0x00, 0x00, 0x00, 0x00, 0x00, 0x00, 0x00, 0x00,
    0x00, 0x00, 0x00, 0x00, 0x26, 0x00, 0x00, 0x31, 0xa5, 0x00, 0x00, 0x9f, 0x1f, 0x00, 0x00, 0x32,
    0x00, 0x00, 0x00, 0x00, 0x00, 0x00, 0x00, 0x00, 0x00, 0x00, 0x00, 0x00, 0x00, 0x00, 0x00, 0x00,
    0x00, 0x00, 0x00, 0x00, 0x00, 0x00, 0x00, 0x00, 0x00, 0x00, 0x00, 0xca, 0x00, 0x00, 0x00, 0xca,
    0x00, 0x00, 0xe8, 0x00, 0x00, 0x00, 0xe8, 0x00, 0x00, 0xe8, 0x00, 0x00, 0x00, 0xe8, 0x00, 0x00,
    0xe9, 0x00, 0x00, 0x01, 0xed, 0x00, 0x00, 0xf3, 0x22, 0x00, 0x53, 0xf4, 0x00, 0x00, 0xf8, 0xc8,
    0xc8, 0x86, 0xc8, 0x00, 0x00, 0xe8, 0x00, 0x00, 0x00, 0x00, 0x00, 0x00, 0xcd, 0x00, 0x00, 0x00,
    0x00, 0x00, 0x2b, 0xdb, 0xfc, 0xc8, 0xe0, 0x00, 0xc1, 0xff, 0xf4, 0x00, 0xe8, 0x00, 0xe7, 0xff,
    0xf4, 0x00, 0xe8, 0x00, 0xba, 0xff, 0xf4, 0x00, 0xe8, 0x00, 0x23, 0xc2, 0xf2, 0x00, 0xe8, 0x00,
    0x00, 0x00, 0xe8, 0x00, 0xe8, 0x00, 0x00, 0x00, 0xe8, 0x00, 0xe8, 0x00, 0x00, 0x00, 0xe8, 0x00,
    0xe8, 0x00, 0x00, 0x00, 0xe8, 0x00, 0xe8, 0x00, 0x00, 0x00, 0xe8, 0x00, 0xe8, 0x00, 0x00, 0x00,
    0xd0, 0x00, 0xd0, 0x00, 0x00, 0x00, 0x00, 0x00, 0x00, 0x8f, 0xac, 0x00, 0x1f, 0xc4, 0x9d, 0x00,
    0x00, 0x69, 0xd6, 0x00, 0x00, 0x42, 0xc0, 0x00, 0x00, 0x00, 0xc0, 0x00, 0x00, 0x00, 0xc0, 0x00,
    0x00, 0x8d, 0xe9, 0x74, 0x00, 0x00, 0x00, 0x00, 0x00, 0x00, 0x00, 0x00, 0x00, 0x00, 0x00, 0x00,
    0x46, 0x91, 0x94, 0x46, 0xb7, 0x02, 0x03, 0xb7, 0xad, 0x0d, 0x0e, 0xae, 0x1f, 0x83, 0x84, 0x1f,
    0x00, 0x00, 0x00, 0x00, 0x00, 0x00, 0x00, 0x00, 0x00, 0x00, 0x00, 0x00, 0x00, 0x00, 0x00, 0x00,
    0x1c, 0x16, 0x1d, 0x15, 0x00, 0x34, 0xa1, 0x37, 0xa0, 0x00, 0x00, 0xc7, 0x21, 0xc8, 0x20, 0x0a,
    0xd1, 0x14, 0xd1, 0x08, 0x4a, 0x5f, 0x4d, 0x5d, 0x00, 0x00, 0x00, 0x00, 0x00, 0x00, 0x00, 0x22,
    0x68, 0x00, 0x00, 0x00, 0x12, 0x6d, 0x00, 0x00, 0x00, 0x85, 0xfa, 0x00, 0x00, 0x00, 0x89, 0x43,
    0x00, 0x00, 0x00, 0x00, 0xe8, 0x00, 0x00, 0x18, 0xb3, 0x00, 0x00, 0x00, 0x00, 0x00, 0xe8, 0x00,
    0x00, 0x94, 0x37, 0x00, 0x00, 0x00, 0x00, 0x00, 0xe8, 0x00, 0x20, 0xaa, 0x00, 0x35, 0xdd, 0x00,
    0x00, 0xac, 0xd8, 0x90, 0x9f, 0x2d, 0x07, 0xbd, 0xf5, 0x00, 0x00, 0x00, 0x00, 0x2a, 0xa2, 0x00,
    0x86, 0x43, 0xe8, 0x00, 0x00, 0x00, 0x00, 0xa9, 0x23, 0x09, 0xdd, 0xc8, 0xfa, 0x75, 0x00, 0x00,
    0x2c, 0x98, 0x00, 0x00, 0x00, 0x00, 0xce, 0x00, 0x00, 0x00, 0x09, 0x0b, 0x00, 0x00, 0x00, 0x00,
    0x00, 0x00, 0x00, 0x39, 0x8c, 0x00, 0x00, 0x00, 0x12, 0x6d, 0x00, 0x00, 0x00, 0x00, 0x6e, 0xef,
    0x00, 0x00, 0x00, 0x89, 0x43, 0x00, 0x00, 0x00, 0x00, 0x00, 0xe8, 0x00, 0x00, 0x18, 0xb3, 0x00,
    0x00, 0x00, 0x00, 0x00, 0x00, 0xe8, 0x00, 0x00, 0x94, 0x37, 0x00, 0x00, 0x00, 0x00, 0x00, 0x00,
    0xe8, 0x00, 0x20, 0xaa, 0x0b, 0xa1, 0xcb, 0x6f, 0x00, 0x00, 0xac, 0xd8, 0x90, 0x9f, 0x2d, 0x09,
    0x25, 0x0f, 0xdf, 0x00, 0x00, 0x00, 0x00, 0x2a, 0xa2, 0x00, 0x00, 0x00, 0x5c, 0x73, 0x00, 0x00,
    0x00, 0x00, 0xa9, 0x23, 0x00, 0x00, 0x46, 0x82, 0x00, 0x00, 0x00, 0x00, 0x2c, 0x98, 0x00, 0x00,
    0x03, 0xd6, 0xc8, 0xc3, 0x0c, 0x00, 0x00, 0x09, 0x0b, 0x00, 0x00, 0x00, 0x00, 0x00, 0x00, 0x00,
    0x14, 0xa9, 0xce, 0x74, 0x00, 0x00, 0x12, 0x6d, 0x00, 0x00, 0x0f, 0x1e, 0x14, 0xdd, 0x00, 0x00,
    0x89, 0x43, 0x00, 0x00, 0x00, 0x75, 0xe6, 0x58, 0x00, 0x18, 0xb3, 0x00, 0x00, 0x00, 0x00, 0x00,
    0x12, 0xd7, 0x00, 0x94, 0x37, 0x00, 0x00, 0x00, 0x1a, 0x12, 0x18, 0xdb, 0x20, 0xaa, 0x00, 0x35,
    0xdd, 0x00, 0x26, 0xb7, 0xc3, 0x41, 0x9f, 0x2d, 0x07, 0xbf, 0xf6, 0x00, 0x00, 0x00, 0x00, 0x2a,
    0xa2, 0x00, 0x88, 0x4e, 0xe8, 0x00, 0x00, 0x00, 0x00, 0xa9, 0x23, 0x09, 0xdf, 0xc8, 0xfa, 0x75,
    0x00, 0x00, 0x2c, 0x98, 0x00, 0x00, 0x00, 0x00, 0xce, 0x00, 0x00, 0x00, 0x09, 0x0b, 0x00, 0x00,
    0x00, 0x00, 0x00, 0x00, 0x00, 0x00, 0x04, 0x00, 0x00, 0x00, 0x00, 0x9a, 0x0f, 0x00, 0x00, 0x00,
    0x1b, 0x00, 0x00, 0x00, 0x22, 0x80, 0x00, 0x00, 0x00, 0xa4, 0x34, 0x00, 0x00, 0x61, 0x99, 0x00,
    0x00, 0x00, 0xd3, 0x14, 0x00, 0x00, 0x00, 0xdf, 0x24, 0x00, 0x43, 0x5c, 0x48, 0xd7, 0xe1, 0xae,
    0x22, 0x00, 0x00, 0x1b, 0x03, 0x00, 0x00, 0x00, 0x00, 0x00, 0x00, 0x62, 0x7a, 0x00, 0x00, 0x00,
    0x00, 0x00, 0x00, 0x00, 0x9c, 0x0f, 0x00, 0x00, 0x00, 0x00, 0x00, 0x00, 0x00, 0x00, 0x00, 0x00,
    0x00, 0x00, 0x00, 0x00, 0x80, 0x84, 0x00, 0x00, 0x00, 0x00, 0x00, 0x04, 0xe4, 0xe5, 0x06, 0x00,
    0x00, 0x00, 0x00, 0x50, 0xb2, 0xab, 0x54, 0x00, 0x00, 0x00, 0x00, 0xb3, 0x50, 0x49, 0xb7, 0x00,
    0x00, 0x00, 0x18, 0xe5, 0x05, 0x02, 0xe1, 0x1d, 0x00, 0x00, 0x77, 0x8b, 0x00, 0x00, 0x84, 0x7d,
    0x00, 0x00, 0xe1, 0xe3, 0xd0, 0xd0, 0xe1, 0xe7, 0x01, 0x3c, 0xbd, 0x00, 0x00, 0x00, 0x00, 0xb8,
    0x43, 0x85, 0x4c, 0x00, 0x00, 0x00, 0x00, 0x45, 0x8d, 0x00, 0x00, 0x00, 0x00, 0x01, 0x1c, 0x00,
    0x00, 0x00, 0x00, 0x00, 0x00, 0x6c, 0x6f, 0x00, 0x00, 0x00, 0x00, 0x00, 0x08, 0xa2, 0x01, 0x00,
    0x00, 0x00, 0x00, 0x00, 0x00, 0x00, 0x00, 0x00, 0x00, 0x00, 0x00, 0x00, 0x80, 0x84, 0x00, 0x00,
    0x00, 0x00, 0x00, 0x04, 0xe4, 0xe5, 0x06, 0x00, 0x00, 0x00, 0x00, 0x50, 0xb2, 0xab, 0x54, 0x00,
    0x00, 0x00, 0x00, 0xb3, 0x50, 0x49, 0xb7, 0x00, 0x00, 0x00, 0x18, 0xe5, 0x05, 0x02, 0xe1, 0x1d,
    0x00, 0x00, 0x77, 0x8b, 0x00, 0x00, 0x84, 0x7d, 0x00, 0x00, 0xe1, 0xe3, 0xd0, 0xd0, 0xe1, 0xe7,
    0x01, 0x3c, 0xbd, 0x00, 0x00, 0x00, 0x00, 0xb8, 0x43, 0x85, 0x4c, 0x00, 0x00, 0x00, 0x00, 0x45,
    0x8d, 0x00, 0x00, 0x00, 0x0d, 0x10, 0x00, 0x00, 0x00, 0x00, 0x00, 0x03, 0xb0, 0xb4, 0x07, 0x00,
    0x00, 0x00, 0x00, 0x61, 0x40, 0x34, 0x6c, 0x00, 0x00, 0x00, 0x00, 0x00, 0x00, 0x00, 0x00, 0x00,
    0x00, 0x00, 0x00, 0x00, 0x80, 0x84, 0x00, 0x00, 0x00, 0x00, 0x00, 0x04, 0xe4, 0xe5, 0x06, 0x00,
    0x00, 0x00, 0x00, 0x50, 0xb2, 0xab, 0x54, 0x00, 0x00, 0x00, 0x00, 0xb3, 0x50, 0x49, 0xb7, 0x00,
    0x00, 0x00, 0x18, 0xe5, 0x05, 0x02, 0xe1, 0x1d, 0x00, 0x00, 0x77, 0x8b, 0x00, 0x00, 0x84, 0x7d,
    0x00, 0x00, 0xe1, 0xe3, 0xd0, 0xd0, 0xe1, 0xe7, 0x01, 0x3c, 0xbd, 0x00, 0x00, 0x00, 0x00, 0xb8,
    0x43, 0x85, 0x4c, 0x00, 0x00, 0x00, 0x00, 0x45, 0x8d, 0x00, 0x00, 0x7b, 0x8e, 0x11, 0x3a, 0x2e,
    0x00, 0x00, 0x27, 0x6c, 0x33, 0xb0, 0xab, 0x08, 0x00, 0x00, 0x00, 0x00, 0x00, 0x00, 0x00, 0x00,
    0x00, 0x00, 0x00, 0x00, 0x80, 0x84, 0x00, 0x00, 0x00, 0x00, 0x00, 0x04, 0xe4, 0xe5, 0x06, 0x00,
    0x00, 0x00, 0x00, 0x50, 0xb2, 0xab, 0x54, 0x00, 0x00, 0x00, 0x00, 0xb3, 0x50, 0x49, 0xb7, 0x00,
    0x00, 0x00, 0x18, 0xe5, 0x05, 0x02, 0xe1, 0x1d, 0x00, 0x00, 0x77, 0x8b, 0x00, 0x00, 0x84, 0x7d,
    0x00, 0x00, 0xe1, 0xe3, 0xd0, 0xd0, 0xe1, 0xe7, 0x01, 0x3c, 0xbd, 0x00, 0x00, 0x00, 0x00, 0xb8,
    0x43, 0x85, 0x4c, 0x00, 0x00, 0x00, 0x00, 0x45, 0x8d, 0x00, 0x00, 0x3f, 0x5a, 0x4f, 0x48, 0x00,
    0x00, 0x00, 0x00, 0x00, 0x00, 0x00, 0x00, 0x00, 0x00, 0x00, 0x00, 0x00, 0x80, 0x84, 0x00, 0x00,
    0x00, 0x00, 0x00, 0x04, 0xe4, 0xe5, 0x06, 0x00, 0x00, 0x00, 0x00, 0x50, 0xb2, 0xab, 0x54, 0x00,
    0x00, 0x00, 0x00, 0xb3, 0x50, 0x49, 0xb7, 0x00, 0x00, 0x00, 0x18, 0xe5, 0x05, 0x02, 0xe1, 0x1d,
    0x00, 0x00, 0x77, 0x8b, 0x00, 0x00, 0x84, 0x7d, 0x00, 0x00, 0xe1, 0xe3, 0xd0, 0xd0, 0xe1, 0xe7,
    0x01, 0x3c, 0xbd, 0x00, 0x00, 0x00, 0x00, 0xb8, 0x43, 0x85, 0x4c, 0x00, 0x00, 0x00, 0x00, 0x45,
    0x8d, 0x00, 0x00, 0x00, 0x54, 0xb7, 0x53, 0x00, 0x00, 0x00, 0x00, 0x00, 0x00, 0xe0, 0x2b, 0xde,
    0x00, 0x00, 0x00, 0x00, 0x00, 0x00, 0x82, 0xd5, 0x80, 0x00, 0x00, 0x00, 0x00, 0x00, 0x00, 0x00,
    0x00, 0x00, 0x00, 0x00, 0x00, 0x00, 0x00, 0x00, 0x1c, 0xe2, 0x17, 0x00, 0x00, 0x00, 0x00, 0x00,
    0x00, 0x82, 0xf4, 0x79, 0x00, 0x00, 0x00, 0x00, 0x00, 0x03, 0xe2, 0x50, 0xdd, 0x01, 0x00, 0x00,
    0x00, 0x00, 0x4e, 0xba, 0x00, 0xbf, 0x46, 0x00, 0x00, 0x00, 0x00, 0xb4, 0x50, 0x00, 0x55, 0xac,
    0x00, 0x00, 0x00, 0x1c, 0xdf, 0x03, 0x00, 0x04, 0xe1, 0x18, 0x00, 0x00, 0x80, 0xfc, 0xd0, 0xd0,
    0xd0, 0xfc, 0x79, 0x00, 0x02, 0xdc, 0x17, 0x00, 0x00, 0x00, 0x1c, 0xda, 0x01, 0x33, 0x9d, 0x00,
    0x00, 0x00, 0x00, 0x00, 0xa2, 0x30, 0x00, 0x00, 0x00, 0x00, 0xb4, 0xf0, 0xc8, 0xc8, 0xc8, 0xc7,
    0x29, 0x00, 0x00, 0x00, 0x42, 0xf8, 0xa6, 0x00, 0x00, 0x00, 0x00, 0x00, 0x00, 0x00, 0x00, 0xc9,
    0x6c, 0xd3, 0x00, 0x00, 0x00, 0x00, 0x00, 0x00, 0x00, 0x51, 0xcd, 0x01, 0xdc, 0x06, 0x00, 0x00,
    0x00, 0x00, 0x00, 0x02, 0xd5, 0x45, 0x00, 0xb3, 0xe1, 0xc8, 0xc8, 0xbf, 0x05, 0x00, 0x60, 0xba,
    0x00, 0x00, 0x7f, 0x60, 0x00, 0x00, 0x00, 0x00, 0x06, 0xe3, 0xdb, 0xc8, 0xc8, 0xe8, 0x90, 0x00,
    0x00, 0x00, 0x00, 0x6e, 0xa0, 0x00, 0x00, 0x00, 0x18, 0xbf, 0x00, 0x00, 0x00, 0x00, 0xc7, 0x19,
    0x00, 0x00, 0x00, 0x00, 0xdf, 0xc8, 0xc8, 0xc7, 0x29, 0x00, 0x00, 0x49, 0xc5, 0xc9, 0xc9, 0x74,
    0x02, 0x00, 0x2f, 0xd0, 0x19, 0x00, 0x06, 0x77, 0x16, 0x00, 0xa2, 0x47, 0x00, 0x00, 0x00, 0x00,
    0x00, 0x00, 0xd4, 0x08, 0x00, 0x00, 0x00, 0x00, 0x00, 0x00, 0xe5, 0x00, 0x00, 0x00, 0x00, 0x00,
    0x00, 0x00, 0xde, 0x09, 0x00, 0x00, 0x00, 0x00, 0x00, 0x00, 0xa8, 0x48, 0x00, 0x00, 0x00, 0x00,
    0x00, 0x00, 0x36, 0xd0, 0x19, 0x00, 0x06, 0x76, 0x19, 0x00, 0x00, 0x48, 0xc5, 0xec, 0xcb, 0x75,
    0x03, 0x00, 0x00, 0x00, 0x00, 0xa9, 0xb2, 0x02, 0x00, 0x00, 0x00, 0x00, 0x21, 0xc4, 0xa2, 0x00,
    0x00, 0x00, 0x00, 0x1f, 0x00, 0x00, 0x00, 0x00, 0x00, 0x02, 0xc4, 0x15, 0x00, 0x00, 0x00, 0x00,
    0x00, 0x2b, 0x83, 0x00, 0x00, 0x00, 0x00, 0x00, 0x00, 0x00, 0x00, 0x00, 0x00, 0x00, 0xdd, 0xc8,
    0xc8, 0xc8, 0xba, 0x00, 0x00, 0xe8, 0x00, 0x00, 0x00, 0x00, 0x00, 0x00, 0xe8, 0x00, 0x00, 0x00,
    0x00, 0x00, 0x00, 0xe8, 0x00, 0x00, 0x00, 0x00, 0x00, 0x00, 0xf1, 0xc8, 0xc8, 0xc8, 0x8d, 0x00,
    0x00, 0xe8, 0x00, 0x00, 0x00, 0x00, 0x00, 0x00, 0xe8, 0x00, 0x00, 0x00, 0x00, 0x00, 0x00, 0xe8,
    0x00, 0x00, 0x00, 0x00, 0x00, 0x00, 0xde, 0xc8, 0xc8, 0xc8, 0xba, 0x00, 0x00, 0x00, 0x00, 0x00,
    0x1a, 0x03, 0x00, 0x00, 0x00, 0x00, 0x08, 0xc4, 0x10, 0x00, 0x00, 0x00, 0x00, 0x6c, 0x42, 0x00,
    0x00, 0x00, 0x00, 0x00, 0x00, 0x00, 0x00, 0x00, 0x00, 0xdd, 0xc8, 0xc8, 0xc8, 0xba, 0x00, 0x00,
    0xe8, 0x00, 0x00, 0x00, 0x00, 0x00, 0x00, 0xe8, 0x00, 0x00, 0x00, 0x00, 0x00, 0x00, 0xe8, 0x00,
    0x00, 0x00, 0x00, 0x00, 0x00, 0xf1, 0xc8, 0xc8, 0xc8, 0x8d, 0x00, 0x00, 0xe8, 0x00, 0x00, 0x00,
    0x00, 0x00, 0x00, 0xe8, 0x00, 0x00, 0x00, 0x00, 0x00, 0x00, 0xe8, 0x00, 0x00, 0x00, 0x00, 0x00,
    0x00, 0xde, 0xc8, 0xc8, 0xc8, 0xba, 0x00, 0x00, 0x00, 0x00, 0x19, 0x01, 0x00, 0x00, 0x00, 0x00,
    0x2e, 0xc0, 0x80, 0x00, 0x00, 0x00, 0x00, 0x98, 0x0c, 0x82, 0x1f, 0x00, 0x00, 0x00, 0x00, 0x00,
    0x00, 0x00, 0x00, 0x00, 0xdd, 0xc8, 0xc8, 0xc8, 0xba, 0x00, 0x00, 0xe8, 0x00, 0x00, 0x00, 0x00,
    0x00, 0x00, 0xe8, 0x00, 0x00, 0x00, 0x00, 0x00, 0x00, 0xe8, 0x00, 0x00, 0x00, 0x00, 0x00, 0x00,
    0xf1, 0xc8, 0xc8, 0xc8, 0x8d, 0x00, 0x00, 0xe8, 0x00, 0x00, 0x00, 0x00, 0x00, 0x00, 0xe8, 0x00,
    0x00, 0x00, 0x00, 0x00, 0x00, 0xe8, 0x00, 0x00, 0x00, 0x00, 0x00, 0x00, 0xde, 0xc8, 0xc8, 0xc8,
    0xba, 0x00, 0x00, 0x00, 0x90, 0x08, 0x98, 0x00, 0x00, 0x00, 0x00, 0x00, 0x00, 0x00, 0x00, 0x00,
    0x00, 0xdd, 0xc8, 0xc8, 0xc8, 0xba, 0x00, 0x00, 0xe8, 0x00, 0x00, 0x00, 0x00, 0x00, 0x00, 0xe8,
    0x00, 0x00, 0x00, 0x00, 0x00, 0x00, 0xe8, 0x00, 0x00, 0x00, 0x00, 0x00, 0x00, 0xf1, 0xc8, 0xc8,
    0xc8, 0x8d, 0x00, 0x00, 0xe8, 0x00, 0x00, 0x00, 0x00, 0x00, 0x00, 0xe8, 0x00, 0x00, 0x00, 0x00,
    0x00, 0x00, 0xe8, 0x00, 0x00, 0x00, 0x00, 0x00, 0x00, 0xde, 0xc8, 0xc8, 0xc8, 0xba, 0x00, 0x05,
    0x19, 0x00, 0x00, 0x14, 0xc2, 0x06, 0x00, 0x00, 0x4a, 0x64, 0x00, 0x00, 0x00, 0x00, 0x00, 0x00,
    0x00, 0xc7, 0x00, 0x00, 0x00, 0xe8, 0x00, 0x00, 0x00, 0xe8, 0x00, 0x00, 0x00, 0xe8, 0x00, 0x00,
    0x00, 0xe8, 0x00, 0x00, 0x00, 0xe8, 0x00, 0x00, 0x00, 0xe8, 0x00, 0x00, 0x00, 0xe8, 0x00, 0x00,
    0x00, 0xc8, 0x00, 0x00, 0x00, 0x1e, 0x00, 0x00, 0x1a, 0xc2, 0x00, 0x00, 0x89, 0x25, 0x00, 0x00,
    0x00, 0x00, 0x00, 0x00, 0xc7, 0x00, 0x00, 0x00, 0xe8, 0x00, 0x00, 0x00, 0xe8, 0x00, 0x00, 0x00,
    0xe8, 0x00, 0x00, 0x00, 0xe8, 0x00, 0x00, 0x00, 0xe8, 0x00, 0x00, 0x00, 0xe8, 0x00, 0x00, 0x00,
    0xe8, 0x00, 0x00, 0x00, 0xc8, 0x00, 0x00, 0x00, 0x00, 0x1e, 0x00, 0x00, 0x00, 0x56, 0xc6, 0x58,
    0x00, 0x05, 0x9d, 0x02, 0x9b, 0x05, 0x00, 0x00, 0x00, 0x00, 0x00, 0x00, 0x00, 0xc7, 0x00, 0x00,
    0x00, 0x00, 0xe8, 0x00, 0x00, 0x00, 0x00, 0xe8, 0x00, 0x00, 0x00, 0x00, 0xe8, 0x00, 0x00, 0x00,
    0x00, 0xe8, 0x00, 0x00, 0x00, 0x00, 0xe8, 0x00, 0x00, 0x00, 0x00, 0xe8, 0x00, 0x00, 0x00, 0x00,
    0xe8, 0x00, 0x00, 0x00, 0x00, 0xc8, 0x00, 0x00, 0x02, 0x96, 0x0c, 0x8c, 0x00, 0x00, 0x00, 0x00,
    0x00, 0x00, 0xc7, 0x00, 0x00, 0x00, 0xe8, 0x00, 0x00, 0x00, 0xe8, 0x00, 0x00, 0x00, 0xe8, 0x00,
    0x00, 0x00, 0xe8, 0x00, 0x00, 0x00, 0xe8, 0x00, 0x00, 0x00, 0xe8, 0x00, 0x00, 0x00, 0xe8, 0x00,
    0x00, 0x00, 0xc8, 0x00, 0x00, 0x00, 0xdd, 0xc8, 0xc8, 0xd7, 0xb4, 0x2f, 0x00, 0x00, 0x00, 0xe8,
    0x00, 0x00, 0x00, 0x3a, 0xd9, 0x29, 0x00, 0x00, 0xe8, 0x00, 0x00, 0x00, 0x00, 0x5b, 0xa2, 0x00,
    0x00, 0xe8, 0x00, 0x00, 0x00, 0x00, 0x14, 0xde, 0x06, 0xc0, 0xff, 0xc8, 0xc2, 0x09, 0x00, 0x00,
    0xeb, 0x00, 0x00, 0xe8, 0x00, 0x00, 0x00, 0x00, 0x15, 0xdd, 0x00, 0x00, 0xe8, 0x00, 0x00, 0x00,
    0x00, 0x5e, 0x9f, 0x00, 0x00, 0xe8, 0x00, 0x00, 0x00, 0x3c, 0xdb, 0x28, 0x00, 0x00, 0xde, 0xc8,
    0xc8, 0xd7, 0xb3, 0x2f, 0x00, 0x00, 0x00, 0x64, 0x8f, 0x0e, 0x5c, 0x06, 0x00, 0x00, 0x06, 0x86,
    0x32, 0xb1, 0x8d, 0x00, 0x00, 0x00, 0x00, 0x00, 0x00, 0x00, 0x00, 0x00, 0x00, 0x00, 0xcc, 0x13,
    0x00, 0x00, 0x00, 0xcb, 0x00, 0x00, 0xf4, 0xa7, 0x00, 0x00, 0x00, 0xe8, 0x00, 0x00, 0xfa, 0xe8,
    0x52, 0x00, 0x00, 0xe8, 0x00, 0x00, 0xe8, 0x50, 0xe9, 0x14, 0x00, 0xe8, 0x00, 0x00, 0xe8, 0x00,
    0xa5, 0xa8, 0x00, 0xe8, 0x00, 0x00, 0xe8, 0x00, 0x12, 0xe7, 0x53, 0xe8, 0x00, 0x00, 0xe8, 0x00,
    0x00, 0x4f, 0xe9, 0xfc, 0x00, 0x00, 0xe8, 0x00, 0x00, 0x00, 0xa4, 0xf4, 0x00, 0x00, 0xcb, 0x00,
    0x00, 0x00, 0x12, 0xcc, 0x00, 0x00, 0x00, 0x10, 0x0e, 0x00, 0x00, 0x00, 0x00, 0x00, 0x00, 0x36,
    0xa6, 0x00, 0x00, 0x00, 0x00, 0x00, 0x00, 0x00, 0x76, 0x35, 0x00, 0x00, 0x00, 0x00, 0x00, 0x00,
    0x00, 0x00, 0x00, 0x00, 0x00, 0x00, 0x00, 0x49, 0xc7, 0xcb, 0xc8, 0x45, 0x00, 0x00, 0x2c, 0xcd,
    0x14, 0x00, 0x16, 0xcc, 0x30, 0x00, 0xa2, 0x48, 0x00, 0x00, 0x00, 0x4c, 0xa4, 0x00, 0xd4, 0x09,
    0x00, 0x00, 0x00, 0x0f, 0xdd, 0x00, 0xe7, 0x00, 0x00, 0x00, 0x00, 0x00, 0xe6, 0x00, 0xde, 0x0e,
    0x00, 0x00, 0x00, 0x0a, 0xd0, 0x00, 0xa4, 0x4d, 0x00, 0x00, 0x00, 0x48, 0x9b, 0x00, 0x31, 0xce,
    0x17, 0x00, 0x14, 0xc9, 0x26, 0x00, 0x00, 0x4a, 0xcb, 0xcc, 0xc8, 0x3b, 0x00, 0x00, 0x00, 0x00,
    0x00, 0x00, 0x1e, 0x00, 0x00, 0x00, 0x00, 0x00, 0x00, 0x3d, 0x9b, 0x00, 0x00, 0x00, 0x00, 0x00,
    0x00, 0x9f, 0x0c, 0x00, 0x00, 0x00, 0x00, 0x00, 0x00, 0x00, 0x00, 0x00, 0x00, 0x00, 0x00, 0x49,
    0xc7, 0xcb, 0xc8, 0x45, 0x00, 0x00, 0x2c, 0xcd, 0x14, 0x00, 0x16, 0xcc, 0x30, 0x00, 0xa2, 0x48,
    0x00, 0x00, 0x00, 0x4c, 0xa4, 0x00, 0xd4, 0x09, 0x00, 0x00, 0x00, 0x0f, 0xdd, 0x00, 0xe7, 0x00,
    0x00, 0x00, 0x00, 0x00, 0xe6, 0x00, 0xde, 0x0e, 0x00, 0x00, 0x00, 0x0a, 0xd0, 0x00, 0xa4, 0x4d,
    0x00, 0x00, 0x00, 0x48, 0x9b, 0x00, 0x31, 0xce, 0x17, 0x00, 0x14, 0xc9, 0x26, 0x00, 0x00, 0x4a,
    0xcb, 0xcc, 0xc8, 0x3b, 0x00, 0x00, 0x00, 0x00, 0x00, 0x21, 0x00, 0x00, 0x00, 0x00, 0x00, 0x00,
    0x59, 0xc5, 0x50, 0x00, 0x00, 0x00, 0x00, 0x07, 0x9a, 0x02, 0x9a, 0x02, 0x00, 0x00, 0x00, 0x00,
    0x00, 0x00, 0x00, 0x00, 0x00, 0x00, 0x00, 0x49, 0xc7, 0xcb, 0xc8, 0x45, 0x00, 0x00, 0x2c, 0xcd,
    0x14, 0x00, 0x16, 0xcc, 0x30, 0x00, 0xa2, 0x48, 0x00, 0x00, 0x00, 0x4c, 0xa4, 0x00, 0xd4, 0x09,
    0x00, 0x00, 0x00, 0x0f, 0xdd, 0x00, 0xe7, 0x00, 0x00, 0x00, 0x00, 0x00, 0xe6, 0x00, 0xde, 0x0e,
    0x00, 0x00, 0x00, 0x0a, 0xd0, 0x00, 0xa4, 0x4d, 0x00, 0x00, 0x00, 0x48, 0x9b, 0x00, 0x31, 0xce,
    0x17, 0x00, 0x14, 0xc9, 0x26, 0x00, 0x00, 0x4a, 0xcb, 0xcc, 0xc8, 0x3b, 0x00, 0x00, 0x00, 0x2c,
    0xa4, 0x48, 0x00, 0x68, 0x00, 0x00, 0x00, 0x85, 0x16, 0x86, 0xbb, 0x48, 0x00, 0x00, 0x00, 0x00,
    0x00, 0x00, 0x00, 0x00, 0x00, 0x00, 0x00, 0x49, 0xc7, 0xcb, 0xc8, 0x45, 0x00, 0x00, 0x2c, 0xcd,
    0x14, 0x00, 0x16, 0xcc, 0x30, 0x00, 0xa2, 0x48, 0x00, 0x00, 0x00, 0x4c, 0xa4, 0x00, 0xd4, 0x09,
    0x00, 0x00, 0x00, 0x0f, 0xdd, 0x00, 0xe7, 0x00, 0x00, 0x00, 0x00, 0x00, 0xe6, 0x00, 0xde, 0x0e,
    0x00, 0x00, 0x00, 0x0a, 0xd0, 0x00, 0xa4, 0x4d, 0x00, 0x00, 0x00, 0x48, 0x9b, 0x00, 0x31, 0xce,
    0x17, 0x00, 0x14, 0xc9, 0x26, 0x00, 0x00, 0x4a, 0xcb, 0xcc, 0xc8, 0x3b, 0x00, 0x00, 0x00, 0x1e,
    0x7a, 0x2c, 0x6c, 0x00, 0x00, 0x00, 0x00, 0x00, 0x00, 0x00, 0x00, 0x00, 0x00, 0x00, 0x00, 0x49,
    0xc7, 0xcb, 0xc8, 0x45, 0x00, 0x00, 0x2c, 0xcd, 0x14, 0x00, 0x16, 0xcc, 0x30, 0x00, 0xa2, 0x48,
    0x00, 0x00, 0x00, 0x4c, 0xa4, 0x00, 0xd4, 0x09, 0x00, 0x00, 0x00, 0x0f, 0xdd, 0x00, 0xe7, 0x00,
    0x00, 0x00, 0x00, 0x00, 0xe6, 0x00, 0xde, 0x0e, 0x00, 0x00, 0x00, 0x0a, 0xd0, 0x00, 0xa4, 0x4d,
    0x00, 0x00, 0x00, 0x48, 0x9b, 0x00, 0x31, 0xce, 0x17, 0x00, 0x14, 0xc9, 0x26, 0x00, 0x00, 0x4a,
    0xcb, 0xcc, 0xc8, 0x3b, 0x00, 0x05, 0x13, 0x00, 0x00, 0x00, 0x16, 0x00, 0x15, 0xc0, 0x14, 0x00,
    0x58, 0x91, 0x00, 0x00, 0x30, 0xbc, 0x51, 0xaf, 0x04, 0x00, 0x00, 0x00, 0x6a, 0xf2, 0x0f, 0x00,
    0x00, 0x00, 0x23, 0xc0, 0x66, 0xa1, 0x01, 0x00, 0x0d, 0xc1, 0x1e, 0x00, 0x69, 0x84, 0x00, 0x05,
    0x1b, 0x00, 0x00, 0x00, 0x22, 0x00, 0x00, 0x00, 0x00, 0x00, 0x00, 0x00, 0x04, 0x00, 0x00, 0x00,
    0x49, 0xc7, 0xcb, 0xd5, 0xfb, 0x00, 0x00, 0x2c, 0xcd, 0x14, 0x00, 0x93, 0xff, 0x30, 0x00, 0xa2,
    0x48, 0x00, 0x12, 0xbd, 0x4d, 0xa4, 0x00, 0xd4, 0x09, 0x00, 0x8b, 0x45, 0x0f, 0xdd, 0x00, 0xe7,
    0x00, 0x1b, 0xb5, 0x00, 0x00, 0xe6, 0x00, 0xde, 0x0e, 0x98, 0x37, 0x00, 0x0a, 0xd0, 0x00, 0xa4,
    0x71, 0xaa, 0x00, 0x00, 0x48, 0x9b, 0x00, 0x31, 0xff, 0x42, 0x00, 0x14, 0xc9, 0x26, 0x00, 0x32,
    0xeb, 0xcb, 0xcc, 0xc8, 0x3b, 0x00, 0x00, 0x33, 0x1d, 0x00, 0x00, 0x00, 0x00, 0x00, 0x00, 0x00,
    0x1b, 0x03, 0x00, 0x00, 0x00, 0x00, 0x00, 0x00, 0x65, 0x77, 0x00, 0x00, 0x00, 0x00, 0x00, 0x00,
    0x00, 0x9f, 0x0f, 0x00, 0x00, 0x00, 0x00, 0x00, 0x00, 0x00, 0x00, 0x00, 0x00, 0x00, 0x00, 0xc9,
    0x00, 0x00, 0x00, 0x00, 0xc7, 0x00, 0x00, 0xe8, 0x00, 0x00, 0x00, 0x00, 0xe8, 0x00, 0x00, 0xe8,
    0x00, 0x00, 0x00, 0x00, 0xe8, 0x00, 0x00, 0xe8, 0x00, 0x00, 0x00, 0x00, 0xe8, 0x00, 0x00, 0xe8,
    0x00, 0x00, 0x00, 0x00, 0xe8, 0x00, 0x00, 0xe6, 0x00, 0x00, 0x00, 0x00, 0xe8, 0x00, 0x00, 0xd2,
    0x15, 0x00, 0x00, 0x15, 0xd6, 0x00, 0x00, 0x81, 0x8a, 0x00, 0x00, 0x8a, 0x85, 0x00, 0x00, 0x09,
    0x95, 0xca, 0xd1, 0x9d, 0x09, 0x00, 0x00, 0x00, 0x00, 0x00, 0x02, 0x1c, 0x00, 0x00, 0x00, 0x00,
    0x00, 0x00, 0x70, 0x6c, 0x00, 0x00, 0x00, 0x00, 0x00, 0x0a, 0xa3, 0x01, 0x00, 0x00, 0x00, 0x00,
    0x00, 0x00, 0x00, 0x00, 0x00, 0x00, 0x00, 0xc9, 0x00, 0x00, 0x00, 0x00, 0xc7, 0x00, 0x00, 0xe8,
    0x00, 0x00, 0x00, 0x00, 0xe8, 0x00, 0x00, 0xe8, 0x00, 0x00, 0x00, 0x00, 0xe8, 0x00, 0x00, 0xe8,
    0x00, 0x00, 0x00, 0x00, 0xe8, 0x00, 0x00, 0xe8, 0x00, 0x00, 0x00, 0x00, 0xe8, 0x00, 0x00, 0xe6,
    0x00, 0x00, 0x00, 0x00, 0xe8, 0x00, 0x00, 0xd2, 0x15, 0x00, 0x00, 0x15, 0xd6, 0x00, 0x00, 0x81,
    0x8a, 0x00, 0x00, 0x8a, 0x85, 0x00, 0x00, 0x09, 0x95, 0xca, 0xd1, 0x9d, 0x09, 0x00, 0x00, 0x00,
    0x00, 0x0e, 0x10, 0x00, 0x00, 0x00, 0x00, 0x00, 0x04, 0xb1, 0xb6, 0x07, 0x00, 0x00, 0x00, 0x00,
    0x64, 0x3d, 0x37, 0x6b, 0x00, 0x00, 0x00, 0x00, 0x00, 0x00, 0x00, 0x00, 0x00, 0x00, 0x00, 0xc9,
    0x00, 0x00, 0x00, 0x00, 0xc7, 0x00, 0x00, 0xe8, 0x00, 0x00, 0x00, 0x00, 0xe8, 0x00, 0x00, 0xe8,
    0x00, 0x00, 0x00, 0x00, 0xe8, 0x00, 0x00, 0xe8, 0x00, 0x00, 0x00, 0x00, 0xe8, 0x00, 0x00, 0xe8,
    0x00, 0x00, 0x00, 0x00, 0xe8, 0x00, 0x00, 0xe6, 0x00, 0x00, 0x00, 0x00, 0xe8, 0x00, 0x00, 0xd2,
    0x15, 0x00, 0x00, 0x15, 0xd6, 0x00, 0x00, 0x81, 0x8a, 0x00, 0x00, 0x8a, 0x85, 0x00, 0x00, 0x09,
    0x95, 0xca, 0xd1, 0x9d, 0x09, 0x00, 0x00, 0x00, 0x41, 0x57, 0x51, 0x45, 0x00, 0x00, 0x00, 0x00,
    0x00, 0x00, 0x00, 0x00, 0x00, 0x00, 0x00, 0xc9, 0x00, 0x00, 0x00, 0x00, 0xc7, 0x00, 0x00, 0xe8,
    0x00, 0x00, 0x00, 0x00, 0xe8, 0x00, 0x00, 0xe8, 0x00, 0x00, 0x00, 0x00, 0xe8, 0x00, 0x00, 0xe8,
    0x00, 0x00, 0x00, 0x00, 0xe8, 0x00, 0x00, 0xe8, 0x00, 0x00, 0x00, 0x00, 0xe8, 0x00, 0x00, 0xe6,
    0x00, 0x00, 0x00, 0x00, 0xe8, 0x00, 0x00, 0xd2, 0x15, 0x00, 0x00, 0x15, 0xd6, 0x00, 0x00, 0x81,
    0x8a, 0x00, 0x00, 0x8a, 0x85, 0x00, 0x00, 0x09, 0x95, 0xca, 0xd1, 0x9d, 0x09, 0x00, 0x00, 0x00,
    0x00, 0x00, 0x1e, 0x00, 0x00, 0x00, 0x00, 0x00, 0x30, 0xab, 0x00, 0x00, 0x00, 0x00, 0x00, 0x99,
    0x13, 0x00, 0x00, 0x00, 0x00, 0x00, 0x00, 0x00, 0x00, 0x00, 0x7e, 0x5e, 0x00, 0x00, 0x00, 0x59,
    0x7e, 0x17, 0xdb, 0x16, 0x00, 0x14, 0xda, 0x18, 0x00, 0x62, 0xa8, 0x00, 0xa2, 0x64, 0x00, 0x00,
    0x00, 0xbe, 0x90, 0xc0, 0x01, 0x00, 0x00, 0x00, 0x24, 0xff, 0x26, 0x00, 0x00, 0x00, 0x00, 0x00,
    0xe8, 0x00, 0x00, 0x00, 0x00, 0x00, 0x00, 0xe8, 0x00, 0x00, 0x00, 0x00, 0x00, 0x00, 0xe8, 0x00,
    0x00, 0x00, 0x00, 0x00, 0x00, 0xc8, 0x00, 0x00, 0x00, 0x00, 0xc3, 0x00, 0x00, 0x00, 0x00, 0x00,
    0x00, 0xe8, 0x00, 0x00, 0x00, 0x00, 0x00, 0x00, 0xf1, 0xc8, 0xc8, 0xc9, 0xa4, 0x1b, 0x00, 0xe8,
    0x00, 0x00, 0x00, 0x5b, 0xb7, 0x00, 0xe8, 0x00, 0x00, 0x00, 0x02, 0xe5, 0x00, 0xe8, 0x00, 0x00,
    0x00, 0x5b, 0xb7, 0x00, 0xf1, 0xc8, 0xc8, 0xc9, 0xa5, 0x1b, 0x00, 0xe8, 0x00, 0x00, 0x00, 0x00,
    0x00, 0x00, 0xc7, 0x00, 0x00, 0x00, 0x00, 0x00, 0x00, 0x28, 0xc3, 0xd4, 0x73, 0x00, 0x00, 0x00,
    0xb4, 0x3d, 0x0d, 0xe2, 0x00, 0x00, 0x00, 0xe2, 0x01, 0x3c, 0xae, 0x00, 0x00, 0x00, 0xe8, 0x03,
    0xb1, 0x12, 0x00, 0x00, 0x00, 0xe8, 0x1b, 0x92, 0x00, 0x00, 0x00, 0x00, 0xe8, 0x00, 0x98, 0xaa,
    0x51, 0x01, 0x00, 0xe8, 0x00, 0x00, 0x1c, 0x88, 0xaa, 0x00, 0xe8, 0x04, 0x30, 0x00, 0x0f, 0xe1,
    0x00, 0xca, 0x07, 0xa3, 0xca, 0xce, 0x4d, 0x00, 0x51, 0x2b, 0x00, 0x00, 0x00, 0x00, 0x2a, 0xa3,
    0x00, 0x00, 0x00, 0x00, 0x00, 0x89, 0x13, 0x00, 0x00, 0x00, 0x00, 0x00, 0x00, 0x00, 0x00, 0x00,
    0x14, 0xaf, 0xc8, 0xc6, 0x46, 0x00, 0x0a, 0x23, 0x00, 0x17, 0xd9, 0x00, 0x38, 0xb0, 0xc9, 0xc7,
    0xff, 0x00, 0xdb, 0x37, 0x00, 0x03, 0xed, 0x00, 0xda, 0x20, 0x00, 0x58, 0xf3, 0x00, 0x3b, 0xc9,
    0xc6, 0x78, 0xc6, 0x00, 0x00, 0x00, 0x2f, 0x4e, 0x00, 0x00, 0x00, 0x00, 0xa8, 0x28, 0x00, 0x00,
    0x00, 0x16, 0x88, 0x00, 0x00, 0x00, 0x00, 0x00, 0x00, 0x00, 0x00, 0x00, 0x14, 0xaf, 0xc8, 0xc6,
    0x46, 0x00, 0x0a, 0x23, 0x00, 0x17, 0xd9, 0x00, 0x38, 0xb0, 0xc9, 0xc7, 0xff, 0x00, 0xdb, 0x37,
    0x00, 0x03, 0xed, 0x00, 0xda, 0x20, 0x00, 0x58, 0xf3, 0x00, 0x3b, 0xc9, 0xc6, 0x78, 0xc6, 0x00,
    0x00, 0x00, 0x91, 0x24, 0x00, 0x00, 0x00, 0x41, 0x95, 0x9b, 0x00, 0x00, 0x00, 0x8b, 0x08, 0x7f,
    0x14, 0x00, 0x00, 0x00, 0x00, 0x00, 0x00, 0x00, 0x14, 0xaf, 0xc8, 0xc6, 0x46, 0x00, 0x0a, 0x23,
    0x00, 0x17, 0xd9, 0x00, 0x38, 0xb0, 0xc9, 0xc7, 0xff, 0x00, 0xdb, 0x37, 0x00, 0x03, 0xed, 0x00,
    0xda, 0x20, 0x00, 0x58, 0xf3, 0x00, 0x3b, 0xc9, 0xc6, 0x78, 0xc6, 0x00, 0x1c, 0xb0, 0x82, 0x05,
    0x80, 0x00, 0x60, 0x21, 0x43, 0xb2, 0x51, 0x00, 0x00, 0x00, 0x00, 0x00, 0x00, 0x00, 0x14, 0xaf,
    0xc8, 0xc6, 0x46, 0x00, 0x0a, 0x23, 0x00, 0x17, 0xd9, 0x00, 0x38, 0xb0, 0xc9, 0xc7, 0xff, 0x00,
    0xdb, 0x37, 0x00, 0x03, 0xed, 0x00, 0xda, 0x20, 0x00, 0x58, 0xf3, 0x00, 0x3b, 0xc9, 0xc6, 0x78,
    0xc6, 0x00, 0x45, 0x51, 0x56, 0x42, 0x00, 0x00, 0x00, 0x00, 0x00, 0x00, 0x00, 0x00, 0x00, 0x00,
    0x00, 0x00, 0x00, 0x00, 0x14, 0xaf, 0xc8, 0xc6, 0x46, 0x00, 0x0a, 0x23, 0x00, 0x17, 0xd9, 0x00,
    0x38, 0xb0, 0xc9, 0xc7, 0xff, 0x00, 0xdb, 0x37, 0x00, 0x03, 0xed, 0x00, 0xda, 0x20, 0x00, 0x58,
    0xf3, 0x00, 0x3b, 0xc9, 0xc6, 0x78, 0xc6, 0x00, 0x00, 0x6a, 0xcc, 0x69, 0x00, 0x00, 0x00, 0xe1,
    0x1e, 0xdf, 0x00, 0x00, 0x00, 0x6b, 0xcd, 0x69, 0x00, 0x00, 0x00, 0x00, 0x00, 0x00, 0x00, 0x00,
    0x14, 0xaf, 0xc8, 0xc6, 0x46, 0x00, 0x0a, 0x23, 0x00, 0x17, 0xd9, 0x00, 0x3e, 0xb5, 0xc9, 0xbe,
    0xe7, 0x00, 0xdd, 0x33, 0x00, 0x03, 0xed, 0x00, 0xdb, 0x20, 0x00, 0x42, 0xef, 0x00, 0x41, 0xcd,
    0xc1, 0x54, 0xcc, 0x00, 0x18, 0xb1, 0xc8, 0xd2, 0x5e, 0xb0, 0xca, 0xc5, 0x2b, 0x00, 0x0c, 0x21,
    0x00, 0x19, 0xff, 0x5f, 0x00, 0x36, 0xbe, 0x00, 0x3b, 0xb0, 0xc6, 0xc7, 0xff, 0xd0, 0xc8, 0xc8,
    0xd2, 0x00, 0xdc, 0x33, 0x00, 0x04, 0xf8, 0x05, 0x00, 0x00, 0x00, 0x00, 0xda, 0x20, 0x00, 0x5b,
    0xd8, 0x61, 0x00, 0x08, 0x48, 0x00, 0x3a, 0xc7, 0xcc, 0x99, 0x09, 0x9f, 0xc9, 0xc7, 0x5a, 0x17,
    0xb2, 0xc9, 0xbc, 0x27, 0xa3, 0x61, 0x00, 0x14, 0x14, 0xe0, 0x04, 0x00, 0x00, 0x00, 0xe4, 0x06,
    0x00, 0x00, 0x00, 0xa1, 0x68, 0x00, 0x14, 0x14, 0x15, 0xb6, 0xff, 0xbd, 0x26, 0x00, 0x00, 0xaa,
    0xb2, 0x02, 0x00, 0x1e, 0xc4, 0xa4, 0x00, 0x00, 0x42, 0x3c, 0x00, 0x00, 0x00, 0x00, 0x1c, 0xb5,
    0x00, 0x00, 0x00, 0x00, 0x00, 0x76, 0x26, 0x00, 0x00, 0x00, 0x00, 0x00, 0x00, 0x00, 0x00, 0x10,
    0xad, 0xc9, 0xc1, 0x28, 0x00, 0x9d, 0x64, 0x00, 0x35, 0xb9, 0x00, 0xff, 0xd1, 0xc8, 0xc8, 0xcf,
    0x00, 0xe4, 0x06, 0x00, 0x00, 0x00, 0x00, 0xa0, 0x65, 0x00, 0x03, 0x44, 0x00, 0x11, 0xab, 0xcd,
    0xc9, 0x6a, 0x00, 0x00, 0x00, 0x00, 0x21, 0x5d, 0x00, 0x00, 0x00, 0x00, 0x98, 0x3a, 0x00, 0x00,
    0x00, 0x08, 0x96, 0x00, 0x00, 0x00, 0x00, 0x00, 0x00, 0x00, 0x00, 0x10, 0xad, 0xc9, 0xc1, 0x28,
    0x00, 0x9d, 0x64, 0x00, 0x35, 0xb9, 0x00, 0xff, 0xd1, 0xc8, 0xc8, 0xcf, 0x00, 0xe4, 0x06, 0x00,
    0x00, 0x00, 0x00, 0xa0, 0x65, 0x00, 0x03, 0x44, 0x00, 0x11, 0xab, 0xcd, 0xc9, 0x6a, 0x00, 0x00,
    0x03, 0x9d, 0x14, 0x00, 0x00, 0x00, 0x5f, 0x8e, 0x86, 0x00, 0x00, 0x00, 0x91, 0x01, 0x8f, 0x03,
    0x00, 0x00, 0x00, 0x00, 0x00, 0x00, 0x00, 0x10, 0xad, 0xc9, 0xc1, 0x28, 0x00, 0x9d, 0x64, 0x00,
    0x35, 0xb9, 0x00, 0xff, 0xd1, 0xc8, 0xc8, 0xcf, 0x00, 0xe4, 0x06, 0x00, 0x00, 0x00, 0x00, 0xa0,
    0x65, 0x00, 0x03, 0x44, 0x00, 0x11, 0xab, 0xcd, 0xc9, 0x6a, 0x00, 0x00, 0x35, 0x63, 0x45, 0x53,
    0x00, 0x00, 0x00, 0x00, 0x00, 0x00, 0x00, 0x00, 0x00, 0x00, 0x00, 0x00, 0x00, 0x10, 0xad, 0xc9,
    0xc1, 0x28, 0x00, 0x9d, 0x64, 0x00, 0x35, 0xb9, 0x00, 0xff, 0xd1, 0xc8, 0xc8, 0xcf, 0x00, 0xe4,
    0x06, 0x00, 0x00, 0x00, 0x00, 0xa0, 0x65, 0x00, 0x03, 0x44, 0x00, 0x11, 0xab, 0xcd, 0xc9, 0x6a,
    0x00, 0x20, 0x5c, 0x00, 0x00, 0x05, 0xc2, 0x09, 0x00, 0x00, 0x47, 0x58, 0x00, 0x00, 0x00, 0x00,
    0x00, 0x00, 0x00, 0xc8, 0x00, 0x00, 0x00, 0xe8, 0x00, 0x00, 0x00, 0xe8, 0x00, 0x00, 0x00, 0xe8,
    0x00, 0x00, 0x00, 0xe8, 0x00, 0x00, 0x00, 0xc7, 0x00, 0x00, 0x07, 0x76, 0x00, 0x65, 0x6a, 0x00,
    0x9c, 0x03, 0x00, 0x00, 0x00, 0x00, 0xc8, 0x00, 0x00, 0xe8, 0x00, 0x00, 0xe8, 0x00, 0x00, 0xe8,
    0x00, 0x00, 0xe8, 0x00, 0x00, 0xc7, 0x00, 0x00, 0x0b, 0xa0, 0x0a, 0x00, 0x00, 0x74, 0x8d, 0x72,
    0x00, 0x00, 0x93, 0x00, 0x95, 0x00, 0x00, 0x00, 0x00, 0x00, 0x00, 0x00, 0x00, 0xc8, 0x00, 0x00,
    0x00, 0x00, 0xe8, 0x00, 0x00, 0x00, 0x00, 0xe8, 0x00, 0x00, 0x00, 0x00, 0xe8, 0x00, 0x00, 0x00,
    0x00, 0xe8, 0x00, 0x00, 0x00, 0x00, 0xc7, 0x00, 0x00, 0x13, 0x86, 0x21, 0x76, 0x00, 0x00, 0x00,
    0x00, 0x00, 0x00, 0x00, 0x00, 0x00, 0x00, 0xc8, 0x00, 0x00, 0x00, 0xe8, 0x00, 0x00, 0x00, 0xe8,
    0x00, 0x00, 0x00, 0xe8, 0x00, 0x00, 0x00, 0xe8, 0x00, 0x00, 0x00, 0xc7, 0x00, 0x03, 0x99, 0x42,
    0x6d, 0x3c, 0x00, 0x13, 0x9d, 0xc3, 0x9e, 0x00, 0x00, 0x16, 0x26, 0x00, 0x9d, 0x37, 0x00, 0x13,
    0xac, 0xc5, 0x9e, 0xa4, 0x00, 0x9f, 0x6f, 0x00, 0x71, 0xf4, 0x00, 0xe5, 0x09, 0x00, 0x07, 0xec,
    0x00, 0xe5, 0x03, 0x00, 0x09, 0xd1, 0x00, 0xa9, 0x55, 0x00, 0x5b, 0x8b, 0x00, 0x1b, 0xbf, 0xcc,
    0xaf, 0x10, 0x00, 0x00, 0x2a, 0xb4, 0x62, 0x12, 0x6a, 0x00, 0x6e, 0x10, 0x62, 0xb0, 0x23, 0x00,
    0x00, 0x00, 0x00, 0x00, 0x00, 0x00, 0xc6, 0x7b, 0xc4, 0xd0, 0x56, 0x00, 0xf8, 0x53, 0x00, 0x25,
    0xda, 0x00, 0xed, 0x01, 0x00, 0x00, 0xe8, 0x00, 0xe8, 0x00, 0x00, 0x00, 0xe8, 0x00, 0xe8, 0x00,
    0x00, 0x00, 0xe8, 0x00, 0xcb, 0x00, 0x00, 0x00, 0xcb, 0x00, 0x46, 0x37, 0x00, 0x00, 0x00, 0x00,
    0x1f, 0xb1, 0x00, 0x00, 0x00, 0x00, 0x00, 0x7c, 0x22, 0x00, 0x00, 0x00, 0x00, 0x00, 0x00, 0x00,
    0x00, 0x17, 0xb5, 0xcd, 0xbb, 0x19, 0x00, 0xa2, 0x5a, 0x00, 0x5a, 0xa7, 0x00, 0xe0, 0x09, 0x00,
    0x04, 0xe5, 0x00, 0xe6, 0x04, 0x00, 0x09, 0xdf, 0x00, 0xa8, 0x58, 0x00, 0x5d, 0xa4, 0x00, 0x1a,
    0xbe, 0xce, 0xba, 0x1a, 0x00, 0x00, 0x00, 0x00, 0x24, 0x59, 0x00, 0x00, 0x00, 0x00, 0x9b, 0x34,
    0x00, 0x00, 0x00, 0x0b, 0x93, 0x00, 0x00, 0x00, 0x00, 0x00, 0x00, 0x00, 0x00, 0x17, 0xb5, 0xcd,
    0xbb, 0x19, 0x00, 0xa2, 0x5a, 0x00, 0x5a, 0xa7, 0x00, 0xe0, 0x09, 0x00, 0x04, 0xe5, 0x00, 0xe6,
    0x04, 0x00, 0x09, 0xdf, 0x00, 0xa8, 0x58, 0x00, 0x5d, 0xa4, 0x00, 0x1a, 0xbe, 0xce, 0xba, 0x1a,
    0x00, 0x00, 0x0b, 0xa0, 0x0a, 0x00, 0x00, 0x00, 0x74, 0x8d, 0x72, 0x00, 0x00, 0x00, 0x93, 0x00,
    0x95, 0x00, 0x00, 0x00, 0x00, 0x00, 0x00, 0x00, 0x00, 0x17, 0xb5, 0xcd, 0xbb, 0x19, 0x00, 0xa2,
    0x5a, 0x00, 0x5a, 0xa7, 0x00, 0xe0, 0x09, 0x00, 0x04, 0xe5, 0x00, 0xe6, 0x04, 0x00, 0x09, 0xdf,
    0x00, 0xa8, 0x58, 0x00, 0x5d, 0xa4, 0x00, 0x1a, 0xbe, 0xce, 0xba, 0x1a, 0x00, 0x0b, 0xaa, 0x63,
    0x34, 0x3d, 0x00, 0x40, 0x33, 0x60, 0xa5, 0x09, 0x00, 0x00, 0x00, 0x00, 0x00, 0x00, 0x00, 0x17,
    0xb5, 0xcd, 0xbb, 0x19, 0x00, 0xa2, 0x5a, 0x00, 0x5a, 0xa7, 0x00, 0xe0, 0x09, 0x00, 0x04, 0xe5,
    0x00, 0xe6, 0x04, 0x00, 0x09, 0xdf, 0x00, 0xa8, 0x58, 0x00, 0x5d, 0xa4, 0x00, 0x1a, 0xbe, 0xce,
    0xba, 0x1a, 0x00, 0x00, 0x39, 0x60, 0x49, 0x4f, 0x00, 0x00, 0x00, 0x00, 0x00, 0x00, 0x00, 0x00,
    0x00, 0x00, 0x00, 0x00, 0x00, 0x17, 0xb5, 0xcd, 0xbb, 0x19, 0x00, 0xa2, 0x5a, 0x00, 0x5a, 0xa7,
    0x00, 0xe0, 0x09, 0x00, 0x04, 0xe5, 0x00, 0xe6, 0x04, 0x00, 0x09, 0xdf, 0x00, 0xa8, 0x58, 0x00,
    0x5d, 0xa4, 0x00, 0x1a, 0xbe, 0xce, 0xba, 0x1a, 0x00, 0x00, 0x00, 0x1c, 0x72, 0x00, 0x00, 0x00,
    0x00, 0x00, 0x00, 0x00, 0x00, 0x00, 0x00, 0x4b, 0xc8, 0xc8, 0xc8, 0xc8, 0xbf, 0x03, 0x00, 0x00,
    0x00, 0x00, 0x00, 0x00, 0x00, 0x00, 0x00, 0x00, 0x00, 0x00, 0x00, 0x00, 0x00, 0x00, 0x1c, 0x71,
    0x00, 0x00, 0x00, 0x00, 0x00, 0x00, 0x00, 0x00, 0x00, 0x00, 0x00, 0x00, 0x00, 0x00, 0x39, 0x00,
    0x17, 0xb5, 0xcd, 0xc8, 0xc5, 0x00, 0xa2, 0x5a, 0x00, 0xd9, 0xe1, 0x00, 0xe0, 0x09, 0x13, 0xa9,
    0xe5, 0x00, 0xe6, 0x04, 0x89, 0x38, 0xdf, 0x00, 0xa8, 0x73, 0x9c, 0x5d, 0xa4, 0x00, 0x1a, 0xff,
    0xf3, 0xba, 0x1a, 0x00, 0x00, 0x4b, 0x00, 0x00, 0x00, 0x00, 0x00, 0x3e, 0x3e, 0x00, 0x00, 0x00,
    0x00, 0x1a, 0xb8, 0x00, 0x00, 0x00, 0x00, 0x00, 0x75, 0x2a, 0x00, 0x00, 0x00, 0x00, 0x00, 0x00,
    0x00, 0x00, 0x00, 0xcb, 0x00, 0x00, 0x00, 0xcb, 0x00, 0xe8, 0x00, 0x00, 0x00, 0xe8, 0x00, 0xe8,
    0x00, 0x00, 0x00, 0xe8, 0x00, 0xe8, 0x00, 0x00, 0x02, 0xed, 0x00, 0xd8, 0x24, 0x00, 0x56, 0xfb,
    0x00, 0x50, 0xce, 0xc7, 0x84, 0xc6, 0x00, 0x00, 0x00, 0x1f, 0x5d, 0x00, 0x00, 0x00, 0x00, 0x94,
    0x3c, 0x00, 0x00, 0x00, 0x07, 0x98, 0x00, 0x00, 0x00, 0x00, 0x00, 0x00, 0x00, 0x00, 0x00, 0xcb,
    0x00, 0x00, 0x00, 0xcb, 0x00, 0xe8, 0x00, 0x00, 0x00, 0xe8, 0x00, 0xe8, 0x00, 0x00, 0x00, 0xe8,
    0x00, 0xe8, 0x00, 0x00, 0x02, 0xed, 0x00, 0xd8, 0x24, 0x00, 0x56, 0xfb, 0x00, 0x50, 0xce, 0xc7,
    0x84, 0xc6, 0x00, 0x00, 0x08, 0x9f, 0x0d, 0x00, 0x00, 0x00, 0x6d, 0x8d, 0x79, 0x00, 0x00, 0x00,
    0x93, 0x00, 0x95, 0x00, 0x00, 0x00, 0x00, 0x00, 0x00, 0x00, 0x00, 0xcb, 0x00, 0x00, 0x00, 0xcb,
    0x00, 0xe8, 0x00, 0x00, 0x00, 0xe8, 0x00, 0xe8, 0x00, 0x00, 0x00, 0xe8, 0x00, 0xe8, 0x00, 0x00,
    0x02, 0xed, 0x00, 0xd8, 0x24, 0x00, 0x56, 0xfb, 0x00, 0x50, 0xce, 0xc7, 0x84, 0xc6, 0x00, 0x33,
    0x66, 0x42, 0x55, 0x00, 0x00, 0x00, 0x00, 0x00, 0x00, 0x00, 0x00, 0x00, 0x00, 0x00, 0x00, 0x00,
    0x00, 0xcb, 0x00, 0x00, 0x00, 0xcb, 0x00, 0xe8, 0x00, 0x00, 0x00, 0xe8, 0x00, 0xe8, 0x00, 0x00,
    0x00, 0xe8, 0x00, 0xe8, 0x00, 0x00, 0x02, 0xed, 0x00, 0xd8, 0x24, 0x00, 0x56, 0xfb, 0x00, 0x50,
    0xce, 0xc7, 0x84, 0xc6, 0x00, 0x00, 0x00, 0x4a, 0x33, 0x00, 0x00, 0x00, 0x01, 0xbe, 0x10, 0x00,
    0x00, 0x00, 0x3b, 0x64, 0x00, 0x00, 0x00, 0x00, 0x00, 0x00, 0x00, 0x00, 0x9a, 0x37, 0x00, 0x00,
    0x80, 0x4b, 0x53, 0x9c, 0x00, 0x04, 0xd9, 0x0c, 0x04, 0xda, 0x0b, 0x4e, 0x96, 0x00, 0x00, 0x85,
    0x5f, 0xb1, 0x2e, 0x00, 0x00, 0x20, 0xd6, 0xc2, 0x00, 0x00, 0x00, 0x00, 0xcb, 0x5f, 0x00, 0x00,
    0x00, 0x09, 0xdc, 0x09, 0x00, 0x00, 0x00, 0x46, 0x89, 0x00, 0x00, 0x00, 0x00, 0xc8, 0x00, 0x00,
    0x00, 0x00, 0x00, 0xe8, 0x00, 0x00, 0x00, 0x00, 0x00, 0xe8, 0x00, 0x00, 0x00, 0x00, 0x00, 0xe8,
    0x86, 0xcd, 0xc7, 0x1f, 0x00, 0xf8, 0x5a, 0x00, 0x5a, 0xac, 0x00, 0xf2, 0x09, 0x00, 0x04, 0xe6,
    0x00, 0xf1, 0x04, 0x00, 0x09, 0xe6, 0x00, 0xf8, 0x58, 0x00, 0x5d, 0xac, 0x00, 0xe8, 0x86, 0xcd,
    0xcb, 0x20, 0x00, 0xe8, 0x00, 0x00, 0x00, 0x00, 0x00, 0xcb, 0x00, 0x00, 0x00, 0x00, 0x00, 0x63,
    0x35, 0x72, 0x25, 0x00, 0x00, 0x00, 0x00, 0x00, 0x00, 0x00, 0x00, 0x00, 0x00, 0x00, 0x00, 0x00,
    0x9a, 0x37, 0x00, 0x00, 0x80, 0x4b, 0x53, 0x9c, 0x00, 0x04, 0xd9, 0x0c, 0x04, 0xda, 0x0b, 0x4e,
    0x96, 0x00, 0x00, 0x85, 0x5f, 0xb1, 0x2e, 0x00, 0x00, 0x20, 0xd6, 0xc2, 0x00, 0x00, 0x00, 0x00,
    0xcb, 0x5f, 0x00, 0x00, 0x00, 0x09, 0xdc, 0x09, 0x00, 0x00, 0x00, 0x46, 0x89, 0x00, 0x00, 0x00,
};

static const atlas_glyph_t NUNITO_REGULAR_11_GLYPHS[198] = {
    [ 0] = { .data_offset =     0, .w =   0, .h =   0, .offset_x =   0, .offset_y =   0, .advance =   182 },   // 0x20 ' '
    [ 1] = { .data_offset =     0, .w =   3, .h =   9, .offset_x =   0, .offset_y =   3, .advance =   161 },   // 0x21 '!'
    [ 2] = { .data_offset =    27, .w =   4, .h =   9, .offset_x =   0, .offset_y =   3, .advance =   276 },   // 0x22 '"'
    [ 3] = { .data_offset =    63, .w =   7, .h =   9, .offset_x =   0, .offset_y =   3, .advance =   422 },   // 0x23 '#'
    [ 4] = { .data_offset =   126, .w =   7, .h =  12, .offset_x =   0, .offset_y =   2, .advance =   422 },   // 0x24 '$'
    [ 5] = { .data_offset =   210, .w =  10, .h =  10, .offset_x =   0, .offset_y =   3, .advance =   655 },   // 0x25 '%'
    [ 6] = { .data_offset =   310, .w =   8, .h =   9, .offset_x =   0, .offset_y =   3, .advance =   488 },   // 0x26 '&'
    [ 7] = { .data_offset =   382, .w =   2, .h =   9, .offset_x =   0, .offset_y =   3, .advance =   156 },   // 0x27 '''
    [ 8] = { .data_offset =   400, .w =   3, .h =  12, .offset_x =   0, .offset_y =   3, .advance =   223 },   // 0x28 '('
    [ 9] = { .data_offset =   436, .w =   3, .h =  12, .offset_x =   0, .offset_y =   3, .advance =   223 },   // 0x29 ')'
    [10] = { .data_offset =   472, .w =   5, .h =   9, .offset_x =   0, .offset_y =   3, .advance =   317 },   // 0x2A '*'
    [11] = { .data_offset =   517, .w =   7, .h =   6, .offset_x =   0, .offset_y =   6, .advance =   422 },   // 0x2B '+'
    [12] = { .data_offset =   559, .w =   3, .h =   3, .offset_x =   0, .offset_y =  11, .advance =   161 },   // 0x2C ','
    [13] = { .data_offset =   568, .w =   5, .h =   4, .offset_x =   0, .offset_y =   8, .advance =   298 },   // 0x2D '-'
    [14] = { .data_offset =   588, .w =   3, .h =   1, .offset_x =   0, .offset_y =  11, .advance =   161 },   // 0x2E '.'
    [15] = { .data_offset =   591, .w =   5, .h =  10, .offset_x =  -1, .offset_y =   3, .advance =   199 },   // 0x2F '/'
    [16] = { .data_offset =   641, .w =   7, .h =   9, .offset_x =   0, .offset_y =   3, .advance =   422 },   // 0x30 '0'
    [17] = { .data_offset =   704, .w =   7, .h =   9, .offset_x =   0, .offset_y =   3, .advance =   422 },   // 0x31 '1'
    [18] = { .data_offset =   767, .w =   7, .h =   9, .offset_x =   0, .offset_y =   3, .advance =   422 },   // 0x32 '2'
    [19] = { .data_offset =   830, .w =   7, .h =   9, .offset_x =   0, .offset_y =   3, .advance =   422 },   // 0x33 '3'
    [20] = { .data_offset =   893, .w =   7, .h =   9, .offset_x =   0, .offset_y =   3, .advance =   422 },   // 0x34 '4'
    [21] = { .data_offset =   956, .w =   7, .h =   9, .offset_x =   0, .offset_y =   3, .advance =   422 },   // 0x35 '5'
    [22] = { .data_offset =  1019, .w =   7, .h =   9, .offset_x =   0, .offset_y =   3, .advance =   422 },   // 0x36 '6'
    [23] = { .data_offset =  1082, .w =   7, .h =   9, .offset_x =   0, .offset_y =   3, .advance =   422 },   // 0x37 '7'
    [24] = { .data_offset =  1145, .w =   7, .h =   9, .offset_x =   0, .offset_y =   3, .advance =   422 },   // 0x38 '8'
    [25] = { .data_offset =  1208, .w =   7, .h =   9, .offset_x =   0, .offset_y =   3, .advance =   422 },   // 0x39 '9'
    [26] = { .data_offset =  1271, .w =   3, .h =   6, .offset_x =   0, .offset_y =   6, .advance =   161 },   // 0x3A ':'
    [27] = { .data_offset =  1289, .w =   3, .h =   8, .offset_x =   0, .offset_y =   6, .advance =   161 },   // 0x3B ';'
    [28] = { .data_offset =  1313, .w =   7, .h =   7, .offset_x =   0, .offset_y =   5, .advance =   422 },   // 0x3C '<'
    [29] = { .data_offset =  1362, .w =   7, .h =   5, .offset_x =   0, .offset_y =   7, .advance =   422 },   // 0x3D '='
    [30] = { .data_offset =  1397, .w =   7, .h =   7, .offset_x =   0, .offset_y =   5, .advance =   422 },   // 0x3E '>'
    [31] = { .data_offset =  1446, .w =   6, .h =   9, .offset_x =  -1, .offset_y =   3, .advance =   312 },   // 0x3F '?'
    [32] = { .data_offset =  1500, .w =  10, .h =  11, .offset_x =   0, .offset_y =   3, .advance =   666 },   // 0x40 '@'
    [33] = { .data_offset =  1610, .w =   8, .h =   9, .offset_x =   0, .offset_y =   3, .advance =   513 },   // 0x41 'A'
    [34] = { .data_offset =  1682, .w =   7, .h =   9, .offset_x =   0, .offset_y =   3, .advance =   476 },   // 0x42 'B'
    [35] = { .data_offset =  1745, .w =   8, .h =   9, .offset_x =   0, .offset_y =   3, .advance =   474 },   // 0x43 'C'
    [36] = { .data_offset =  1817, .w =   8, .h =   9, .offset_x =   0, .offset_y =   3, .advance =   522 },   // 0x44 'D'
    [37] = { .data_offset =  1889, .w =   7, .h =   9, .offset_x =   0, .offset_y =   3, .advance =   410 },   // 0x45 'E'
    [38] = { .data_offset =  1952, .w =   6, .h =   9, .offset_x =   0, .offset_y =   3, .advance =   386 },   // 0x46 'F'
    [39] = { .data_offset =  2006, .w =   8, .h =   9, .offset_x =   0, .offset_y =   3, .advance =   511 },   // 0x47 'G'
    [40] = { .data_offset =  2078, .w =   8, .h =   9, .offset_x =   0, .offset_y =   3, .advance =   536 },   // 0x48 'H'
    [41] = { .data_offset =  2150, .w =   3, .h =   9, .offset_x =   0, .offset_y =   3, .advance =   181 },   // 0x49 'I'
    [42] = { .data_offset =  2177, .w =   4, .h =   9, .offset_x =   0, .offset_y =   3, .advance =   228 },   // 0x4A 'J'
    [43] = { .data_offset =  2213, .w =   7, .h =   9, .offset_x =   0, .offset_y =   3, .advance =   440 },   // 0x4B 'K'
    [44] = { .data_offset =  2276, .w =   6, .h =   9, .offset_x =   0, .offset_y =   3, .advance =   382 },   // 0x4C 'L'
    [45] = { .data_offset =  2330, .w =   9, .h =   9, .offset_x =   0, .offset_y =   3, .advance =   602 },   // 0x4D 'M'
    [46] = { .data_offset =  2411, .w =   8, .h =   9, .offset_x =   0, .offset_y =   3, .advance =   521 },   // 0x4E 'N'
    [47] = { .data_offset =  2483, .w =   8, .h =   9, .offset_x =   0, .offset_y =   3, .advance =   540 },   // 0x4F 'O'
    [48] = { .data_offset =  2555, .w =   7, .h =   9, .offset_x =   0, .offset_y =   3, .advance =   446 },   // 0x50 'P'
    [49] = { .data_offset =  2618, .w =   8, .h =  12, .offset_x =   0, .offset_y =   3, .advance =   540 },   // 0x51 'Q'
    [50] = { .data_offset =  2714, .w =   8, .h =   9, .offset_x =   0, .offset_y =   3, .advance =   471 },   // 0x52 'R'
    [51] = { .data_offset =  2786, .w =   7, .h =   9, .offset_x =   0, .offset_y =   3, .advance =   433 },   // 0x53 'S'
    [52] = { .data_offset =  2849, .w =   7, .h =   9, .offset_x =   0, .offset_y =   3, .advance =   424 },   // 0x54 'T'
    [53] = { .data_offset =  2912, .w =   8, .h =   9, .offset_x =   0, .offset_y =   3, .advance =   513 },   // 0x55 'U'
    [54] = { .data_offset =  2984, .w =   8, .h =   9, .offset_x =   0, .offset_y =   3, .advance =   485 },   // 0x56 'V'
    [55] = { .data_offset =  3056, .w =  12, .h =   9, .offset_x =   0, .offset_y =   3, .advance =   775 },   // 0x57 'W'
    [56] = { .data_offset =  3164, .w =   7, .h =   9, .offset_x =   0, .offset_y =   3, .advance =   458 },   // 0x58 'X'
    [57] = { .data_offset =  3227, .w =   7, .h =   9, .offset_x =   0, .offset_y =   3, .advance =   420 },   // 0x59 'Y'
    [58] = { .data_offset =  3290, .w =   7, .h =   9, .offset_x =   0, .offset_y =   3, .advance =   415 },   // 0x5A 'Z'
    [59] = { .data_offset =  3353, .w =   4, .h =  11, .offset_x =   0, .offset_y =   3, .advance =   222 },   // 0x5B '['
    [60] = { .data_offset =  3397, .w =   5, .h =  10, .offset_x =  -1, .offset_y =   3, .advance =   199 },   // 0x5C '\'
    [61] = { .data_offset =  3447, .w =   4, .h =  11, .offset_x =  -1, .offset_y =   3, .advance =   222 },   // 0x5D ']'
    [62] = { .data_offset =  3491, .w =   7, .h =   8, .offset_x =   0, .offset_y =   4, .advance =   422 },   // 0x5E '^'
    [63] = { .data_offset =  3547, .w =   6, .h =   1, .offset_x =   0, .offset_y =  12, .advance =   352 },   // 0x5F '_'
    [64] = { .data_offset =  3553, .w =   4, .h =  10, .offset_x =   0, .offset_y =   2, .advance =   251 },   // 0x60 '`'
    [65] = { .data_offset =  3593, .w =   6, .h =   6, .offset_x =   0, .offset_y =   6, .advance =   373 },   // 0x61 'a'
    [66] = { .data_offset =  3629, .w =   6, .h =   9, .offset_x =   0, .offset_y =   3, .advance =   410 },   // 0x62 'b'
    [67] = { .data_offset =  3683, .w =   5, .h =   6, .offset_x =   0, .offset_y =   6, .advance =   326 },   // 0x63 'c'
    [68] = { .data_offset =  3713, .w =   6, .h =   9, .offset_x =   0, .offset_y =   3, .advance =   410 },   // 0x64 'd'
    [69] = { .data_offset =  3767, .w =   6, .h =   6, .offset_x =   0, .offset_y =   6, .advance =   375 },   // 0x65 'e'
    [70] = { .data_offset =  3803, .w =   5, .h =   9, .offset_x =  -1, .offset_y =   3, .advance =   234 },   // 0x66 'f'
    [71] = { .data_offset =  3848, .w =   6, .h =   8, .offset_x =   0, .offset_y =   6, .advance =   413 },   // 0x67 'g'
    [72] = { .data_offset =  3896, .w =   6, .h =   9, .offset_x =   0, .offset_y =   3, .advance =   400 },   // 0x68 'h'
    [73] = { .data_offset =  3950, .w =   3, .h =   9, .offset_x =   0, .offset_y =   3, .advance =   163 },   // 0x69 'i'
    [74] = { .data_offset =  3977, .w =   4, .h =  11, .offset_x =  -1, .offset_y =   3, .advance =   166 },   // 0x6A 'j'
    [75] = { .data_offset =  4021, .w =   6, .h =   9, .offset_x =   0, .offset_y =   3, .advance =   352 },   // 0x6B 'k'
    [76] = { .data_offset =  4075, .w =   4, .h =   9, .offset_x =   0, .offset_y =   3, .advance =   208 },   // 0x6C 'l'
    [77] = { .data_offset =  4111, .w =   9, .h =   6, .offset_x =   0, .offset_y =   6, .advance =   603 },   // 0x6D 'm'
    [78] = { .data_offset =  4165, .w =   6, .h =   6, .offset_x =   0, .offset_y =   6, .advance =   400 },   // 0x6E 'n'
    [79] = { .data_offset =  4201, .w =   6, .h =   6, .offset_x =   0, .offset_y =   6, .advance =   391 },   // 0x6F 'o'
    [80] = { .data_offset =  4237, .w =   6, .h =   8, .offset_x =   0, .offset_y =   6, .advance =   410 },   // 0x70 'p'
    [81] = { .data_offset =  4285, .w =   6, .h =   8, .offset_x =   0, .offset_y =   6, .advance =   410 },   // 0x71 'q'
    [82] = { .data_offset =  4333, .w =   5, .h =   6, .offset_x =   0, .offset_y =   6, .advance =   252 },   // 0x72 'r'
    [83] = { .data_offset =  4363, .w =   6, .h =   6, .offset_x =   0, .offset_y =   6, .advance =   339 },   // 0x73 's'
    [84] = { .data_offset =  4399, .w =   5, .h =   8, .offset_x =  -1, .offset_y =   4, .advance =   246 },   // 0x74 't'
    [85] = { .data_offset =  4439, .w =   6, .h =   6, .offset_x =   0, .offset_y =   6, .advance =   395 },   // 0x75 'u'
    [86] = { .data_offset =  4475, .w =   6, .h =   6, .offset_x =   0, .offset_y =   6, .advance =   363 },   // 0x76 'v'
    [87] = { .data_offset =  4511, .w =   9, .h =   6, .offset_x =   0, .offset_y =   6, .advance =   592 },   // 0x77 'w'
    [88] = { .data_offset =  4565, .w =   6, .h =   6, .offset_x =   0, .offset_y =   6, .advance =   370 },   // 0x78 'x'
    [89] = { .data_offset =  4601, .w =   6, .h =   8, .offset_x =   0, .offset_y =   6, .advance =   362 },   // 0x79 'y'
    [90] = { .data_offset =  4649, .w =   5, .h =   6, .offset_x =   0, .offset_y =   6, .advance =   326 },   // 0x7A 'z'
    [91] = { .data_offset =  4679, .w =   5, .h =  11, .offset_x =   0, .offset_y =   3, .advance =   248 },   // 0x7B '{'
    [92] = { .data_offset =  4734, .w =   3, .h =  11, .offset_x =   0, .offset_y =   3, .advance =   187 },   // 0x7C '|'
    [93] = { .data_offset =  4767, .w =   5, .h =  11, .offset_x =  -1, .offset_y =   3, .advance =   248 },   // 0x7D '}'
    [94] = { .data_offset =  4822, .w =   7, .h =   5, .offset_x =   0, .offset_y =   7, .advance =   422 },   // 0x7E '~'
    [95] = { .data_offset =  4857, .w =   3, .h =   6, .offset_x =   0, .offset_y =   6, .advance =   183 },   // U+2039 '‹' (extra)
    [96] = { .data_offset =  4875, .w =   3, .h =   6, .offset_x =   0, .offset_y =   6, .advance =   183 },   // U+203A '›' (extra)
    [97] = { .data_offset =  4893, .w =   3, .h =   4, .offset_x =   0, .offset_y =   8, .advance =   161 },   // U+00B7 '·' (extra)
    [98] = { .data_offset =  4905, .w =   3, .h =   9, .offset_x =   0, .offset_y =   3, .advance =   161 },   // U+2018 '‘' (extra)
    [99] = { .data_offset =  4932, .w =   3, .h =   9, .offset_x =   0, .offset_y =   3, .advance =   161 },   // U+2019 '’' (extra)
    [100] = { .data_offset =  4959, .w =   5, .h =   9, .offset_x =   0, .offset_y =   3, .advance =   277 },   // U+201C '“' (extra)
    [101] = { .data_offset =  5004, .w =   4, .h =   9, .offset_x =   0, .offset_y =   3, .advance =   277 },   // U+201D '”' (extra)
    [102] = { .data_offset =  5040, .w =   7, .h =   4, .offset_x =  -1, .offset_y =   8, .advance =   352 },   // U+2013 '–' (extra)
    [103] = { .data_offset =  5068, .w =  13, .h =   4, .offset_x =  -1, .offset_y =   8, .advance =   704 },   // U+2014 '—' (extra)
    [104] = { .data_offset =  5120, .w =   8, .h =   1, .offset_x =   0, .offset_y =  11, .advance =   483 },   // U+2026 '…' (extra)
    [105] = { .data_offset =  5128, .w =   3, .h =   8, .offset_x =   0, .offset_y =   6, .advance =   161 },   // U+00A1 '¡' (extra)
    [106] = { .data_offset =  5152, .w =   7, .h =  10, .offset_x =   0, .offset_y =   4, .advance =   422 },   // U+00A2 '¢' (extra)
    [107] = { .data_offset =  5222, .w =   7, .h =   9, .offset_x =   0, .offset_y =   3, .advance =   422 },   // U+00A3 '£' (extra)
    [108] = { .data_offset =  5285, .w =   7, .h =   6, .offset_x =   0, .offset_y =   6, .advance =   422 },   // U+00A4 '¤' (extra)
    [109] = { .data_offset =  5327, .w =   7, .h =   9, .offset_x =   0, .offset_y =   3, .advance =   422 },   // U+00A5 '¥' (extra)
    [110] = { .data_offset =  5390, .w =   3, .h =  11, .offset_x =   0, .offset_y =   3, .advance =   187 },   // U+00A6 '¦' (extra)
    [111] = { .data_offset =  5423, .w =   6, .h =  11, .offset_x =   0, .offset_y =   3, .advance =   384 },   // U+00A7 '§' (extra)
    [112] = { .data_offset =  5489, .w =   5, .h =   8, .offset_x =   0, .offset_y =   4, .advance =   329 },   // U+00A8 '¨' (extra)
    [113] = { .data_offset =  5529, .w =   9, .h =   9, .offset_x =   0, .offset_y =   3, .advance =   574 },   // U+00A9 '©' (extra)
    [114] = { .data_offset =  5610, .w =   4, .h =   8, .offset_x =   0, .offset_y =   4, .advance =   230 },   // U+00AA 'ª' (extra)
    [115] = { .data_offset =  5642, .w =   5, .h =   6, .offset_x =   0, .offset_y =   6, .advance =   310 },   // U+00AB '«' (extra)
    [116] = { .data_offset =  5672, .w =   7, .h =   5, .offset_x =   0, .offset_y =   7, .advance =   422 },   // U+00AC '¬' (extra)
    [117] = { .data_offset =  5707, .w =   9, .h =   9, .offset_x =   0, .offset_y =   3, .advance =   574 },   // U+00AE '®' (extra)
    [118] = { .data_offset =  5788, .w =   6, .h =   8, .offset_x =   0, .offset_y =   4, .advance =   353 },   // U+00AF '¯' (extra)
    [119] = { .data_offset =  5836, .w =   4, .h =   9, .offset_x =   0, .offset_y =   3, .advance =   261 },   // U+00B0 '°' (extra)
    [120] = { .data_offset =  5872, .w =   7, .h =   6, .offset_x =   0, .offset_y =   6, .advance =   422 },   // U+00B1 '±' (extra)
    [121] = { .data_offset =  5914, .w =   5, .h =   8, .offset_x =   0, .offset_y =   4, .advance =   268 },   // U+00B2 '²' (extra)
    [122] = { .data_offset =  5954, .w =   4, .h =   8, .offset_x =   0, .offset_y =   4, .advance =   268 },   // U+00B3 '³' (extra)
    [123] = { .data_offset =  5986, .w =   4, .h =  10, .offset_x =   0, .offset_y =   2, .advance =   251 },   // U+00B4 '´' (extra)
    [124] = { .data_offset =  6026, .w =   7, .h =   8, .offset_x =   0, .offset_y =   6, .advance =   422 },   // U+00B5 'µ' (extra)
    [125] = { .data_offset =  6082, .w =   6, .h =  11, .offset_x =   0, .offset_y =   3, .advance =   414 },   // U+00B6 '¶' (extra)
    [126] = { .data_offset =  6148, .w =   4, .h =   3, .offset_x =   0, .offset_y =  12, .advance =   283 },   // U+00B8 '¸' (extra)
    [127] = { .data_offset =  6160, .w =   4, .h =   8, .offset_x =   0, .offset_y =   4, .advance =   268 },   // U+00B9 '¹' (extra)
    [128] = { .data_offset =  6192, .w =   4, .h =   8, .offset_x =   0, .offset_y =   4, .advance =   239 },   // U+00BA 'º' (extra)
    [129] = { .data_offset =  6224, .w =   5, .h =   6, .offset_x =   0, .offset_y =   6, .advance =   310 },   // U+00BB '»' (extra)
    [130] = { .data_offset =  6254, .w =  10, .h =  10, .offset_x =   0, .offset_y =   3, .advance =   629 },   // U+00BC '¼' (extra)
    [131] = { .data_offset =  6354, .w =  11, .h =  10, .offset_x =   0, .offset_y =   3, .advance =   660 },   // U+00BD '½' (extra)
    [132] = { .data_offset =  6464, .w =  10, .h =  10, .offset_x =   0, .offset_y =   3, .advance =   629 },   // U+00BE '¾' (extra)
    [133] = { .data_offset =  6564, .w =   5, .h =   9, .offset_x =   0, .offset_y =   5, .advance =   312 },   // U+00BF '¿' (extra)
    [134] = { .data_offset =  6609, .w =   8, .h =  13, .offset_x =   0, .offset_y =  -1, .advance =   513 },   // U+00C0 'À' (extra)
    [135] = { .data_offset =  6713, .w =   8, .h =  13, .offset_x =   0, .offset_y =  -1, .advance =   513 },   // U+00C1 'Á' (extra)
    [136] = { .data_offset =  6817, .w =   8, .h =  13, .offset_x =   0, .offset_y =  -1, .advance =   513 },   // U+00C2 'Â' (extra)
    [137] = { .data_offset =  6921, .w =   8, .h =  12, .offset_x =   0, .offset_y =   0, .advance =   513 },   // U+00C3 'Ã' (extra)
    [138] = { .data_offset =  7017, .w =   8, .h =  11, .offset_x =   0, .offset_y =   1, .advance =   513 },   // U+00C4 'Ä' (extra)
    [139] = { .data_offset =  7105, .w =   9, .h =  13, .offset_x =   0, .offset_y =  -1, .advance =   513 },   // U+00C5 'Å' (extra)
    [140] = { .data_offset =  7222, .w =  11, .h =   9, .offset_x =   0, .offset_y =   3, .advance =   691 },   // U+00C6 'Æ' (extra)
    [141] = { .data_offset =  7321, .w =   8, .h =  11, .offset_x =   0, .offset_y =   3, .advance =   474 },   // U+00C7 'Ç' (extra)
    [142] = { .data_offset =  7409, .w =   7, .h =  13, .offset_x =   0, .offset_y =  -1, .advance =   410 },   // U+00C8 'È' (extra)
    [143] = { .data_offset =  7500, .w =   7, .h =  13, .offset_x =   0, .offset_y =  -1, .advance =   410 },   // U+00C9 'É' (extra)
    [144] = { .data_offset =  7591, .w =   7, .h =  13, .offset_x =   0, .offset_y =  -1, .advance =   410 },   // U+00CA 'Ê' (extra)
    [145] = { .data_offset =  7682, .w =   7, .h =  11, .offset_x =   0, .offset_y =   1, .advance =   410 },   // U+00CB 'Ë' (extra)
    [146] = { .data_offset =  7759, .w =   4, .h =  13, .offset_x =  -1, .offset_y =  -1, .advance =   181 },   // U+00CC 'Ì' (extra)
    [147] = { .data_offset =  7811, .w =   4, .h =  13, .offset_x =   0, .offset_y =  -1, .advance =   181 },   // U+00CD 'Í' (extra)
    [148] = { .data_offset =  7863, .w =   5, .h =  13, .offset_x =  -1, .offset_y =  -1, .advance =   181 },   // U+00CE 'Î' (extra)
    [149] = { .data_offset =  7928, .w =   4, .h =  11, .offset_x =  -1, .offset_y =   1, .advance =   181 },   // U+00CF 'Ï' (extra)
    [150] = { .data_offset =  7972, .w =   9, .h =   9, .offset_x =  -1, .offset_y =   3, .advance =   522 },   // U+00D0 'Ð' (extra)
    [151] = { .data_offset =  8053, .w =   8, .h =  12, .offset_x =   0, .offset_y =   0, .advance =   521 },   // U+00D1 'Ñ' (extra)
    [152] = { .data_offset =  8149, .w =   8, .h =  13, .offset_x =   0, .offset_y =  -1, .advance =   540 },   // U+00D2 'Ò' (extra)
    [153] = { .data_offset =  8253, .w =   8, .h =  13, .offset_x =   0, .offset_y =  -1, .advance =   540 },   // U+00D3 'Ó' (extra)
    [154] = { .data_offset =  8357, .w =   8, .h =  13, .offset_x =   0, .offset_y =  -1, .advance =   540 },   // U+00D4 'Ô' (extra)
    [155] = { .data_offset =  8461, .w =   8, .h =  12, .offset_x =   0, .offset_y =   0, .advance =   540 },   // U+00D5 'Õ' (extra)
    [156] = { .data_offset =  8557, .w =   8, .h =  11, .offset_x =   0, .offset_y =   1, .advance =   540 },   // U+00D6 'Ö' (extra)
    [157] = { .data_offset =  8645, .w =   7, .h =   7, .offset_x =   0, .offset_y =   5, .advance =   422 },   // U+00D7 '×' (extra)
    [158] = { .data_offset =  8694, .w =   8, .h =  11, .offset_x =   0, .offset_y =   2, .advance =   540 },   // U+00D8 'Ø' (extra)
    [159] = { .data_offset =  8782, .w =   8, .h =  13, .offset_x =   0, .offset_y =  -1, .advance =   513 },   // U+00D9 'Ù' (extra)
    [160] = { .data_offset =  8886, .w =   8, .h =  13, .offset_x =   0, .offset_y =  -1, .advance =   513 },   // U+00DA 'Ú' (extra)
    [161] = { .data_offset =  8990, .w =   8, .h =  13, .offset_x =   0, .offset_y =  -1, .advance =   513 },   // U+00DB 'Û' (extra)
    [162] = { .data_offset =  9094, .w =   8, .h =  11, .offset_x =   0, .offset_y =   1, .advance =   513 },   // U+00DC 'Ü' (extra)
    [163] = { .data_offset =  9182, .w =   7, .h =  13, .offset_x =   0, .offset_y =  -1, .advance =   420 },   // U+00DD 'Ý' (extra)
    [164] = { .data_offset =  9273, .w =   7, .h =   9, .offset_x =   0, .offset_y =   3, .advance =   446 },   // U+00DE 'Þ' (extra)
    [165] = { .data_offset =  9336, .w =   7, .h =   9, .offset_x =   0, .offset_y =   3, .advance =   433 },   // U+00DF 'ß' (extra)
    [166] = { .data_offset =  9399, .w =   6, .h =  10, .offset_x =   0, .offset_y =   2, .advance =   373 },   // U+00E0 'à' (extra)
    [167] = { .data_offset =  9459, .w =   6, .h =  10, .offset_x =   0, .offset_y =   2, .advance =   373 },   // U+00E1 'á' (extra)
    [168] = { .data_offset =  9519, .w =   6, .h =  10, .offset_x =   0, .offset_y =   2, .advance =   373 },   // U+00E2 'â' (extra)
    [169] = { .data_offset =  9579, .w =   6, .h =   9, .offset_x =   0, .offset_y =   3, .advance =   373 },   // U+00E3 'ã' (extra)
    [170] = { .data_offset =  9633, .w =   6, .h =   9, .offset_x =   0, .offset_y =   3, .advance =   373 },   // U+00E4 'ä' (extra)
    [171] = { .data_offset =  9687, .w =   6, .h =  10, .offset_x =   0, .offset_y =   2, .advance =   373 },   // U+00E5 'å' (extra)
    [172] = { .data_offset =  9747, .w =  10, .h =   6, .offset_x =   0, .offset_y =   6, .advance =   606 },   // U+00E6 'æ' (extra)
    [173] = { .data_offset =  9807, .w =   5, .h =   8, .offset_x =   0, .offset_y =   6, .advance =   326 },   // U+00E7 'ç' (extra)
    [174] = { .data_offset =  9847, .w =   6, .h =  10, .offset_x =   0, .offset_y =   2, .advance =   375 },   // U+00E8 'è' (extra)
    [175] = { .data_offset =  9907, .w =   6, .h =  10, .offset_x =   0, .offset_y =   2, .advance =   375 },   // U+00E9 'é' (extra)
    [176] = { .data_offset =  9967, .w =   6, .h =  10, .offset_x =   0, .offset_y =   2, .advance =   375 },   // U+00EA 'ê' (extra)
    [177] = { .data_offset = 10027, .w =   6, .h =   9, .offset_x =   0, .offset_y =   3, .advance =   375 },   // U+00EB 'ë' (extra)
    [178] = { .data_offset = 10081, .w =   4, .h =  10, .offset_x =  -1, .offset_y =   2, .advance =   163 },   // U+00EC 'ì' (extra)
    [179] = { .data_offset = 10121, .w =   3, .h =  10, .offset_x =   0, .offset_y =   2, .advance =   163 },   // U+00ED 'í' (extra)
    [180] = { .data_offset = 10151, .w =   5, .h =  10, .offset_x =  -1, .offset_y =   2, .advance =   163 },   // U+00EE 'î' (extra)
    [181] = { .data_offset = 10201, .w =   4, .h =   9, .offset_x =  -1, .offset_y =   3, .advance =   163 },   // U+00EF 'ï' (extra)
    [182] = { .data_offset = 10237, .w =   6, .h =   9, .offset_x =   0, .offset_y =   3, .advance =   394 },   // U+00F0 'ð' (extra)
    [183] = { .data_offset = 10291, .w =   6, .h =   9, .offset_x =   0, .offset_y =   3, .advance =   400 },   // U+00F1 'ñ' (extra)
    [184] = { .data_offset = 10345, .w =   6, .h =  10, .offset_x =   0, .offset_y =   2, .advance =   391 },   // U+00F2 'ò' (extra)
    [185] = { .data_offset = 10405, .w =   6, .h =  10, .offset_x =   0, .offset_y =   2, .advance =   391 },   // U+00F3 'ó' (extra)
    [186] = { .data_offset = 10465, .w =   6, .h =  10, .offset_x =   0, .offset_y =   2, .advance =   391 },   // U+00F4 'ô' (extra)
    [187] = { .data_offset = 10525, .w =   6, .h =   9, .offset_x =   0, .offset_y =   3, .advance =   391 },   // U+00F5 'õ' (extra)
    [188] = { .data_offset = 10579, .w =   6, .h =   9, .offset_x =   0, .offset_y =   3, .advance =   391 },   // U+00F6 'ö' (extra)
    [189] = { .data_offset = 10633, .w =   7, .h =   7, .offset_x =   0, .offset_y =   5, .advance =   422 },   // U+00F7 '÷' (extra)
    [190] = { .data_offset = 10682, .w =   6, .h =   8, .offset_x =   0, .offset_y =   5, .advance =   391 },   // U+00F8 'ø' (extra)
    [191] = { .data_offset = 10730, .w =   6, .h =  10, .offset_x =   0, .offset_y =   2, .advance =   395 },   // U+00F9 'ù' (extra)
    [192] = { .data_offset = 10790, .w =   6, .h =  10, .offset_x =   0, .offset_y =   2, .advance =   395 },   // U+00FA 'ú' (extra)
    [193] = { .data_offset = 10850, .w =   6, .h =  10, .offset_x =   0, .offset_y =   2, .advance =   395 },   // U+00FB 'û' (extra)
    [194] = { .data_offset = 10910, .w =   6, .h =   9, .offset_x =   0, .offset_y =   3, .advance =   395 },   // U+00FC 'ü' (extra)
    [195] = { .data_offset = 10964, .w =   6, .h =  12, .offset_x =   0, .offset_y =   2, .advance =   362 },   // U+00FD 'ý' (extra)
    [196] = { .data_offset = 11036, .w =   6, .h =  11, .offset_x =   0, .offset_y =   3, .advance =   410 },   // U+00FE 'þ' (extra)
    [197] = { .data_offset = 11102, .w =   6, .h =  11, .offset_x =   0, .offset_y =   3, .advance =   362 },   // U+00FF 'ÿ' (extra)
};

/* 1930 kern pairs, adj in 1/32 px, sorted by
 * (left<<8)|right for binary search. */
static const atlas_kern_t NUNITO_REGULAR_11_KERN[1930] = {
    {   1,  42,   10 },   // '!''J'  +0.31px
    {   6,  42,    9 },   // '&''J'  +0.28px
    {   6,  52,  -10 },   // '&''T'  -0.31px
    {   6,  54,  -10 },   // '&''V'  -0.31px
    {   6,  55,  -10 },   // '&''W'  -0.31px
    {   6,  57,   -9 },   // '&''Y'  -0.28px
    {   6, 163,   -9 },   // '&''Ý'  -0.28px
    {   8,   9,   14 },   // '('')'  +0.44px
    {   8,  15,   14 },   // '(''/'  +0.44px
    {   8,  31,    9 },   // '(''?'  +0.28px
    {   8,  52,   14 },   // '(''T'  +0.44px
    {   8,  54,   10 },   // '(''V'  +0.31px
    {   8,  55,   10 },   // '(''W'  +0.31px
    {   8,  57,   12 },   // '(''Y'  +0.38px
    {   8,  61,   14 },   // '('']'  +0.44px
    {   8,  74,   32 },   // '(''j'  +1.00px
    {   8,  93,   14 },   // '(''}'  +0.44px
    {   8, 163,   12 },   // '(''Ý'  +0.38px
    {  10,  12,  -16 },   // '*'','  -0.50px
    {  10,  13,  -22 },   // '*''-'  -0.69px
    {  10,  14,  -16 },   // '*''.'  -0.50px
    {  10,  15,  -38 },   // '*''/'  -1.19px
    {  10,  33,  -25 },   // '*''A'  -0.78px
    {  10,  42,  -20 },   // '*''J'  -0.62px
    {  10,  63,  -16 },   // '*''_'  -0.50px
    {  10,  70,   10 },   // '*''f'  +0.31px
    {  10,  84,   10 },   // '*''t'  +0.31px
    {  10,  91,  -22 },   // '*''{'  -0.69px
    {  10,  95,  -15 },   // '*''‹'  -0.47px
    {  10,  97,  -22 },   // '*''·'  -0.69px
    {  10, 102,  -22 },   // '*''–'  -0.69px
    {  10, 103,  -22 },   // '*''—'  -0.69px
    {  10, 104,  -16 },   // '*''…'  -0.50px
    {  10, 115,  -15 },   // '*''«'  -0.47px
    {  10, 133,  -18 },   // '*''¿'  -0.56px
    {  10, 134,  -25 },   // '*''À'  -0.78px
    {  10, 135,  -25 },   // '*''Á'  -0.78px
    {  10, 136,  -25 },   // '*''Â'  -0.78px
    {  10, 137,  -25 },   // '*''Ã'  -0.78px
    {  10, 138,  -25 },   // '*''Ä'  -0.78px
    {  10, 139,  -25 },   // '*''Å'  -0.78px
    {  10, 140,  -25 },   // '*''Æ'  -0.78px
    {  12,  10,  -18 },   // ',''*'  -0.56px
    {  12,  13,  -15 },   // ',''-'  -0.47px
    {  12,  15,   24 },   // ',''/'  +0.75px
    {  12,  31,  -25 },   // ',''?'  -0.78px
    {  12,  32,  -12 },   // ',''@'  -0.38px
    {  12,  35,  -12 },   // ',''C'  -0.38px
    {  12,  39,  -12 },   // ',''G'  -0.38px
    {  12,  42,   12 },   // ',''J'  +0.38px
    {  12,  47,  -12 },   // ',''O'  -0.38px
    {  12,  49,  -12 },   // ',''Q'  -0.38px
    {  12,  52,  -21 },   // ',''T'  -0.66px
    {  12,  54,  -18 },   // ',''V'  -0.56px
    {  12,  55,  -18 },   // ',''W'  -0.56px
    {  12,  57,  -22 },   // ',''Y'  -0.69px
    {  12,  84,  -10 },   // ',''t'  -0.31px
    {  12,  86,  -17 },   // ',''v'  -0.53px
    {  12,  87,  -17 },   // ',''w'  -0.53px
    {  12,  89,  -17 },   // ',''y'  -0.53px
    {  12,  91,  -15 },   // ',''{'  -0.47px
    {  12,  95,  -10 },   // ',''‹'  -0.31px
    {  12,  97,  -15 },   // ',''·'  -0.47px
    {  12,  98,  -18 },   // ',''‘'  -0.56px
    {  12,  99,  -18 },   // ',''’'  -0.56px
    {  12, 100,  -18 },   // ',''“'  -0.56px
    {  12, 101,  -18 },   // ',''”'  -0.56px
    {  12, 102,  -15 },   // ',''–'  -0.47px
    {  12, 103,  -15 },   // ',''—'  -0.47px
    {  12, 113,  -12 },   // ',''©'  -0.38px
    {  12, 114,  -18 },   // ',''ª'  -0.56px
    {  12, 115,  -10 },   // ',''«'  -0.31px
    {  12, 117,  -12 },   // ',''®'  -0.38px
    {  12, 119,  -22 },   // ',''°'  -0.69px
    {  12, 128,  -18 },   // ',''º'  -0.56px
    {  12, 141,  -12 },   // ',''Ç'  -0.38px
    {  12, 152,  -12 },   // ',''Ò'  -0.38px
    {  12, 153,  -12 },   // ',''Ó'  -0.38px
    {  12, 154,  -12 },   // ',''Ô'  -0.38px
    {  12, 155,  -12 },   // ',''Õ'  -0.38px
    {  12, 156,  -12 },   // ',''Ö'  -0.38px
    {  12, 158,  -12 },   // ',''Ø'  -0.38px
    {  12, 163,  -22 },   // ',''Ý'  -0.69px
    {  12, 195,  -17 },   // ',''ý'  -0.53px
    {  12, 197,  -17 },   // ',''ÿ'  -0.53px
    {  13,  10,  -22 },   // '-''*'  -0.69px
    {  13,  12,  -15 },   // '-'','  -0.47px
    {  13,  14,  -15 },   // '-''.'  -0.47px
    {  13,  31,  -11 },   // '-''?'  -0.34px
    {  13,  42,   -9 },   // '-''J'  -0.28px
    {  13,  52,  -16 },   // '-''T'  -0.50px
    {  13,  54,  -16 },   // '-''V'  -0.50px
    {  13,  55,  -16 },   // '-''W'  -0.50px
    {  13,  56,  -10 },   // '-''X'  -0.31px
    {  13,  57,  -17 },   // '-''Y'  -0.53px
    {  13,  63,  -15 },   // '-''_'  -0.47px
    {  13,  88,  -10 },   // '-''x'  -0.31px
    {  13,  96,  -10 },   // '-''›'  -0.31px
    {  13,  98,  -15 },   // '-''‘'  -0.47px
    {  13,  99,  -15 },   // '-''’'  -0.47px
    {  13, 100,  -15 },   // '-''“'  -0.47px
    {  13, 101,  -15 },   // '-''”'  -0.47px
    {  13, 104,  -15 },   // '-''…'  -0.47px
    {  13, 114,  -16 },   // '-''ª'  -0.50px
    {  13, 119,  -18 },   // '-''°'  -0.56px
    {  13, 128,  -16 },   // '-''º'  -0.50px
    {  13, 129,  -10 },   // '-''»'  -0.31px
    {  13, 133,  -16 },   // '-''¿'  -0.50px
    {  13, 163,  -17 },   // '-''Ý'  -0.53px
    {  14,  10,  -18 },   // '.''*'  -0.56px
    {  14,  13,  -15 },   // '.''-'  -0.47px
    {  14,  15,   24 },   // '.''/'  +0.75px
    {  14,  31,  -25 },   // '.''?'  -0.78px
    {  14,  32,  -12 },   // '.''@'  -0.38px
    {  14,  35,  -12 },   // '.''C'  -0.38px
    {  14,  39,  -12 },   // '.''G'  -0.38px
    {  14,  42,   12 },   // '.''J'  +0.38px
    {  14,  47,  -12 },   // '.''O'  -0.38px
    {  14,  49,  -12 },   // '.''Q'  -0.38px
    {  14,  52,  -21 },   // '.''T'  -0.66px
    {  14,  54,  -18 },   // '.''V'  -0.56px
    {  14,  55,  -18 },   // '.''W'  -0.56px
    {  14,  57,  -22 },   // '.''Y'  -0.69px
    {  14,  84,  -10 },   // '.''t'  -0.31px
    {  14,  86,  -17 },   // '.''v'  -0.53px
    {  14,  87,  -17 },   // '.''w'  -0.53px
    {  14,  89,  -17 },   // '.''y'  -0.53px
    {  14,  91,  -15 },   // '.''{'  -0.47px
    {  14,  95,  -10 },   // '.''‹'  -0.31px
    {  14,  97,  -15 },   // '.''·'  -0.47px
    {  14,  98,  -18 },   // '.''‘'  -0.56px
    {  14,  99,  -18 },   // '.''’'  -0.56px
    {  14, 100,  -18 },   // '.''“'  -0.56px
    {  14, 101,  -18 },   // '.''”'  -0.56px
    {  14, 102,  -15 },   // '.''–'  -0.47px
    {  14, 103,  -15 },   // '.''—'  -0.47px
    {  14, 113,  -12 },   // '.''©'  -0.38px
    {  14, 114,  -18 },   // '.''ª'  -0.56px
    {  14, 115,  -10 },   // '.''«'  -0.31px
    {  14, 117,  -12 },   // '.''®'  -0.38px
    {  14, 119,  -22 },   // '.''°'  -0.69px
    {  14, 128,  -18 },   // '.''º'  -0.56px
    {  14, 141,  -12 },   // '.''Ç'  -0.38px
    {  14, 152,  -12 },   // '.''Ò'  -0.38px
    {  14, 153,  -12 },   // '.''Ó'  -0.38px
    {  14, 154,  -12 },   // '.''Ô'  -0.38px
    {  14, 155,  -12 },   // '.''Õ'  -0.38px
    {  14, 156,  -12 },   // '.''Ö'  -0.38px
    {  14, 158,  -12 },   // '.''Ø'  -0.38px
    {  14, 163,  -22 },   // '.''Ý'  -0.69px
    {  14, 195,  -17 },   // '.''ý'  -0.53px
    {  14, 197,  -17 },   // '.''ÿ'  -0.53px
    {  15,   9,   14 },   // '/'')'  +0.44px
    {  15,  12,  -38 },   // '/'','  -1.19px
    {  15,  13,  -22 },   // '/''-'  -0.69px
    {  15,  14,  -38 },   // '/''.'  -1.19px
    {  15,  15,  -15 },   // '/''/'  -0.47px
    {  15,  31,   18 },   // '/''?'  +0.56px
    {  15,  42,  -14 },   // '/''J'  -0.44px
    {  15,  52,   14 },   // '/''T'  +0.44px
    {  15,  54,   14 },   // '/''V'  +0.44px
    {  15,  55,   14 },   // '/''W'  +0.44px
    {  15,  57,   14 },   // '/''Y'  +0.44px
    {  15,  61,   14 },   // '/'']'  +0.44px
    {  15,  63,  -38 },   // '/''_'  -1.19px
    {  15,  65,  -21 },   // '/''a'  -0.66px
    {  15,  67,  -21 },   // '/''c'  -0.66px
    {  15,  68,  -21 },   // '/''d'  -0.66px
    {  15,  69,  -21 },   // '/''e'  -0.66px
    {  15,  71,  -21 },   // '/''g'  -0.66px
    {  15,  77,  -21 },   // '/''m'  -0.66px
    {  15,  78,  -21 },   // '/''n'  -0.66px
    {  15,  79,  -21 },   // '/''o'  -0.66px
    {  15,  80,  -21 },   // '/''p'  -0.66px
    {  15,  81,  -21 },   // '/''q'  -0.66px
    {  15,  82,  -21 },   // '/''r'  -0.66px
    {  15,  83,  -21 },   // '/''s'  -0.66px
    {  15,  85,  -21 },   // '/''u'  -0.66px
    {  15,  86,  -10 },   // '/''v'  -0.31px
    {  15,  87,  -10 },   // '/''w'  -0.31px
    {  15,  88,  -18 },   // '/''x'  -0.56px
    {  15,  89,  -10 },   // '/''y'  -0.31px
    {  15,  90,  -21 },   // '/''z'  -0.66px
    {  15,  91,  -22 },   // '/''{'  -0.69px
    {  15,  93,   14 },   // '/''}'  +0.44px
    {  15,  95,  -22 },   // '/''‹'  -0.69px
    {  15,  96,  -18 },   // '/''›'  -0.56px
    {  15,  97,  -22 },   // '/''·'  -0.69px
    {  15,  98,   12 },   // '/''‘'  +0.38px
    {  15,  99,   12 },   // '/''’'  +0.38px
    {  15, 100,   12 },   // '/''“'  +0.38px
    {  15, 101,   12 },   // '/''”'  +0.38px
    {  15, 102,  -22 },   // '/''–'  -0.69px
    {  15, 103,  -22 },   // '/''—'  -0.69px
    {  15, 104,  -38 },   // '/''…'  -1.19px
    {  15, 105,  -21 },   // '/''¡'  -0.66px
    {  15, 114,    9 },   // '/''ª'  +0.28px
    {  15, 115,  -22 },   // '/''«'  -0.69px
    {  15, 124,  -21 },   // '/''µ'  -0.66px
    {  15, 128,    9 },   // '/''º'  +0.28px
    {  15, 129,  -18 },   // '/''»'  -0.56px
    {  15, 133,  -21 },   // '/''¿'  -0.66px
    {  15, 163,   14 },   // '/''Ý'  +0.44px
    {  15, 172,  -21 },   // '/''æ'  -0.66px
    {  15, 173,  -21 },   // '/''ç'  -0.66px
    {  15, 174,  -21 },   // '/''è'  -0.66px
    {  15, 175,  -21 },   // '/''é'  -0.66px
    {  15, 176,  -21 },   // '/''ê'  -0.66px
    {  15, 177,  -21 },   // '/''ë'  -0.66px
    {  15, 182,  -21 },   // '/''ð'  -0.66px
    {  15, 183,  -21 },   // '/''ñ'  -0.66px
    {  15, 184,  -21 },   // '/''ò'  -0.66px
    {  15, 185,  -21 },   // '/''ó'  -0.66px
    {  15, 186,  -21 },   // '/''ô'  -0.66px
    {  15, 187,  -21 },   // '/''õ'  -0.66px
    {  15, 188,  -21 },   // '/''ö'  -0.66px
    {  15, 190,  -21 },   // '/''ø'  -0.66px
    {  15, 191,  -21 },   // '/''ù'  -0.66px
    {  15, 192,  -21 },   // '/''ú'  -0.66px
    {  15, 193,  -21 },   // '/''û'  -0.66px
    {  15, 194,  -21 },   // '/''ü'  -0.66px
    {  15, 195,  -10 },   // '/''ý'  -0.31px
    {  15, 197,  -10 },   // '/''ÿ'  -0.31px
    {  26,  15,   20 },   // ':''/'  +0.62px
    {  26,  52,  -12 },   // ':''T'  -0.38px
    {  26,  54,   -9 },   // ':''V'  -0.28px
    {  26,  55,   -9 },   // ':''W'  -0.28px
    {  26,  57,  -13 },   // ':''Y'  -0.41px
    {  26, 163,  -13 },   // ':''Ý'  -0.41px
    {  27,  15,   20 },   // ';''/'  +0.62px
    {  27,  52,  -12 },   // ';''T'  -0.38px
    {  27,  54,   -9 },   // ';''V'  -0.28px
    {  27,  55,   -9 },   // ';''W'  -0.28px
    {  27,  57,  -13 },   // ';''Y'  -0.41px
    {  27, 163,  -13 },   // ';''Ý'  -0.41px
    {  31,  12,  -31 },   // '?'','  -0.97px
    {  31,  14,  -31 },   // '?''.'  -0.97px
    {  31,  63,  -31 },   // '?''_'  -0.97px
    {  31, 104,  -31 },   // '?''…'  -0.97px
    {  32,  12,  -12 },   // '@'','  -0.38px
    {  32,  14,  -12 },   // '@''.'  -0.38px
    {  32,  42,  -11 },   // '@''J'  -0.34px
    {  32,  52,  -16 },   // '@''T'  -0.50px
    {  32,  56,   -9 },   // '@''X'  -0.28px
    {  32,  57,  -16 },   // '@''Y'  -0.50px
    {  32,  63,  -12 },   // '@''_'  -0.38px
    {  32, 104,  -12 },   // '@''…'  -0.38px
    {  32, 163,  -16 },   // '@''Ý'  -0.50px
    {  33,  10,  -25 },   // 'A''*'  -0.78px
    {  33,  15,   10 },   // 'A''/'  +0.31px
    {  33,  31,  -16 },   // 'A''?'  -0.50px
    {  33,  52,  -27 },   // 'A''T'  -0.84px
    {  33,  54,  -20 },   // 'A''V'  -0.62px
    {  33,  55,  -20 },   // 'A''W'  -0.62px
    {  33,  57,  -23 },   // 'A''Y'  -0.72px
    {  33,  86,   -9 },   // 'A''v'  -0.28px
    {  33,  87,   -9 },   // 'A''w'  -0.28px
    {  33,  89,   -9 },   // 'A''y'  -0.28px
    {  33,  98,  -20 },   // 'A''‘'  -0.62px
    {  33,  99,  -20 },   // 'A''’'  -0.62px
    {  33, 100,  -20 },   // 'A''“'  -0.62px
    {  33, 101,  -20 },   // 'A''”'  -0.62px
    {  33, 114,  -30 },   // 'A''ª'  -0.94px
    {  33, 119,  -29 },   // 'A''°'  -0.91px
    {  33, 128,  -30 },   // 'A''º'  -0.94px
    {  33, 163,  -23 },   // 'A''Ý'  -0.72px
    {  33, 195,   -9 },   // 'A''ý'  -0.28px
    {  33, 197,   -9 },   // 'A''ÿ'  -0.28px
    {  35,  13,  -10 },   // 'C''-'  -0.31px
    {  35,  67,  -12 },   // 'C''c'  -0.38px
    {  35,  68,  -12 },   // 'C''d'  -0.38px
    {  35,  69,  -12 },   // 'C''e'  -0.38px
    {  35,  71,  -12 },   // 'C''g'  -0.38px
    {  35,  79,  -12 },   // 'C''o'  -0.38px
    {  35,  81,  -12 },   // 'C''q'  -0.38px
    {  35,  91,  -10 },   // 'C''{'  -0.31px
    {  35,  97,  -10 },   // 'C''·'  -0.31px
    {  35, 102,  -10 },   // 'C''–'  -0.31px
    {  35, 103,  -10 },   // 'C''—'  -0.31px
    {  35, 173,  -12 },   // 'C''ç'  -0.38px
    {  35, 174,  -12 },   // 'C''è'  -0.38px
    {  35, 175,  -12 },   // 'C''é'  -0.38px
    {  35, 176,  -12 },   // 'C''ê'  -0.38px
    {  35, 177,  -12 },   // 'C''ë'  -0.38px
    {  35, 182,  -12 },   // 'C''ð'  -0.38px
    {  35, 184,  -12 },   // 'C''ò'  -0.38px
    {  35, 185,  -12 },   // 'C''ó'  -0.38px
    {  35, 186,  -12 },   // 'C''ô'  -0.38px
    {  35, 187,  -12 },   // 'C''õ'  -0.38px
    {  35, 188,  -12 },   // 'C''ö'  -0.38px
    {  35, 190,  -12 },   // 'C''ø'  -0.38px
    {  36,  12,  -12 },   // 'D'','  -0.38px
    {  36,  14,  -12 },   // 'D''.'  -0.38px
    {  36,  42,  -11 },   // 'D''J'  -0.34px
    {  36,  52,  -16 },   // 'D''T'  -0.50px
    {  36,  56,   -9 },   // 'D''X'  -0.28px
    {  36,  57,  -16 },   // 'D''Y'  -0.50px
    {  36,  63,  -12 },   // 'D''_'  -0.38px
    {  36, 104,  -12 },   // 'D''…'  -0.38px
    {  36, 163,  -16 },   // 'D''Ý'  -0.50px
    {  37,  15,   12 },   // 'E''/'  +0.38px
    {  38,  12,  -10 },   // 'F'','  -0.31px
    {  38,  14,  -10 },   // 'F''.'  -0.31px
    {  38,  15,  -10 },   // 'F''/'  -0.31px
    {  38,  33,  -20 },   // 'F''A'  -0.62px
    {  38,  42,  -18 },   // 'F''J'  -0.56px
    {  38,  51,   -8 },   // 'F''S'  -0.25px
    {  38,  63,  -10 },   // 'F''_'  -0.31px
    {  38,  90,  -12 },   // 'F''z'  -0.38px
    {  38,  95,   -8 },   // 'F''‹'  -0.25px
    {  38, 104,  -10 },   // 'F''…'  -0.31px
    {  38, 115,   -8 },   // 'F''«'  -0.25px
    {  38, 134,  -20 },   // 'F''À'  -0.62px
    {  38, 135,  -20 },   // 'F''Á'  -0.62px
    {  38, 136,  -20 },   // 'F''Â'  -0.62px
    {  38, 137,  -20 },   // 'F''Ã'  -0.62px
    {  38, 138,  -20 },   // 'F''Ä'  -0.62px
    {  38, 139,  -20 },   // 'F''Å'  -0.62px
    {  38, 140,  -20 },   // 'F''Æ'  -0.62px
    {  43,  13,  -11 },   // 'K''-'  -0.34px
    {  43,  15,   14 },   // 'K''/'  +0.44px
    {  43,  32,  -10 },   // 'K''@'  -0.31px
    {  43,  33,  -10 },   // 'K''A'  -0.31px
    {  43,  35,  -10 },   // 'K''C'  -0.31px
    {  43,  39,  -10 },   // 'K''G'  -0.31px
    {  43,  42,   10 },   // 'K''J'  +0.31px
    {  43,  47,  -10 },   // 'K''O'  -0.31px
    {  43,  49,  -10 },   // 'K''Q'  -0.31px
    {  43,  51,  -10 },   // 'K''S'  -0.31px
    {  43,  52,  -12 },   // 'K''T'  -0.38px
    {  43,  57,  -12 },   // 'K''Y'  -0.38px
    {  43,  86,  -10 },   // 'K''v'  -0.31px
    {  43,  87,  -10 },   // 'K''w'  -0.31px
    {  43,  88,  -16 },   // 'K''x'  -0.50px
    {  43,  89,  -10 },   // 'K''y'  -0.31px
    {  43,  91,  -11 },   // 'K''{'  -0.34px
    {  43,  95,  -14 },   // 'K''‹'  -0.44px
    {  43,  97,  -11 },   // 'K''·'  -0.34px
    {  43, 102,  -11 },   // 'K''–'  -0.34px
    {  43, 103,  -11 },   // 'K''—'  -0.34px
    {  43, 113,  -10 },   // 'K''©'  -0.31px
    {  43, 115,  -14 },   // 'K''«'  -0.44px
    {  43, 117,  -10 },   // 'K''®'  -0.31px
    {  43, 134,  -10 },   // 'K''À'  -0.31px
    {  43, 135,  -10 },   // 'K''Á'  -0.31px
    {  43, 136,  -10 },   // 'K''Â'  -0.31px
    {  43, 137,  -10 },   // 'K''Ã'  -0.31px
    {  43, 138,  -10 },   // 'K''Ä'  -0.31px
    {  43, 139,  -10 },   // 'K''Å'  -0.31px
    {  43, 140,  -10 },   // 'K''Æ'  -0.31px
    {  43, 141,  -10 },   // 'K''Ç'  -0.31px
    {  43, 152,  -10 },   // 'K''Ò'  -0.31px
    {  43, 153,  -10 },   // 'K''Ó'  -0.31px
    {  43, 154,  -10 },   // 'K''Ô'  -0.31px
    {  43, 155,  -10 },   // 'K''Õ'  -0.31px
    {  43, 156,  -10 },   // 'K''Ö'  -0.31px
    {  43, 158,  -10 },   // 'K''Ø'  -0.31px
    {  43, 163,  -12 },   // 'K''Ý'  -0.38px
    {  43, 195,  -10 },   // 'K''ý'  -0.31px
    {  43, 197,  -10 },   // 'K''ÿ'  -0.31px
    {  44,  10,  -17 },   // 'L''*'  -0.53px
    {  44,  13,  -14 },   // 'L''-'  -0.44px
    {  44,  15,   16 },   // 'L''/'  +0.50px
    {  44,  31,  -27 },   // 'L''?'  -0.84px
    {  44,  32,  -12 },   // 'L''@'  -0.38px
    {  44,  35,  -12 },   // 'L''C'  -0.38px
    {  44,  39,  -12 },   // 'L''G'  -0.38px
    {  44,  42,   14 },   // 'L''J'  +0.44px
    {  44,  47,  -12 },   // 'L''O'  -0.38px
    {  44,  49,  -12 },   // 'L''Q'  -0.38px
    {  44,  52,  -44 },   // 'L''T'  -1.38px
    {  44,  53,   -9 },   // 'L''U'  -0.28px
    {  44,  54,  -34 },   // 'L''V'  -1.06px
    {  44,  55,  -34 },   // 'L''W'  -1.06px
    {  44,  57,  -41 },   // 'L''Y'  -1.28px
    {  44,  84,   -9 },   // 'L''t'  -0.28px
    {  44,  86,  -15 },   // 'L''v'  -0.47px
    {  44,  87,  -15 },   // 'L''w'  -0.47px
    {  44,  89,  -15 },   // 'L''y'  -0.47px
    {  44,  91,  -14 },   // 'L''{'  -0.44px
    {  44,  97,  -14 },   // 'L''·'  -0.44px
    {  44,  98,  -22 },   // 'L''‘'  -0.69px
    {  44,  99,  -22 },   // 'L''’'  -0.69px
    {  44, 100,  -22 },   // 'L''“'  -0.69px
    {  44, 101,  -22 },   // 'L''”'  -0.69px
    {  44, 102,  -14 },   // 'L''–'  -0.44px
    {  44, 103,  -14 },   // 'L''—'  -0.44px
    {  44, 113,  -12 },   // 'L''©'  -0.38px
    {  44, 114,  -22 },   // 'L''ª'  -0.69px
    {  44, 117,  -12 },   // 'L''®'  -0.38px
    {  44, 119,  -26 },   // 'L''°'  -0.81px
    {  44, 128,  -22 },   // 'L''º'  -0.69px
    {  44, 141,  -12 },   // 'L''Ç'  -0.38px
    {  44, 152,  -12 },   // 'L''Ò'  -0.38px
    {  44, 153,  -12 },   // 'L''Ó'  -0.38px
    {  44, 154,  -12 },   // 'L''Ô'  -0.38px
    {  44, 155,  -12 },   // 'L''Õ'  -0.38px
    {  44, 156,  -12 },   // 'L''Ö'  -0.38px
    {  44, 158,  -12 },   // 'L''Ø'  -0.38px
    {  44, 159,   -9 },   // 'L''Ù'  -0.28px
    {  44, 160,   -9 },   // 'L''Ú'  -0.28px
    {  44, 161,   -9 },   // 'L''Û'  -0.28px
    {  44, 162,   -9 },   // 'L''Ü'  -0.28px
    {  44, 163,  -41 },   // 'L''Ý'  -1.28px
    {  44, 195,  -15 },   // 'L''ý'  -0.47px
    {  44, 197,  -15 },   // 'L''ÿ'  -0.47px
    {  47,  12,  -12 },   // 'O'','  -0.38px
    {  47,  14,  -12 },   // 'O''.'  -0.38px
    {  47,  42,  -11 },   // 'O''J'  -0.34px
    {  47,  52,  -16 },   // 'O''T'  -0.50px
    {  47,  56,   -9 },   // 'O''X'  -0.28px
    {  47,  57,  -16 },   // 'O''Y'  -0.50px
    {  47,  63,  -12 },   // 'O''_'  -0.38px
    {  47, 104,  -12 },   // 'O''…'  -0.38px
    {  47, 163,  -16 },   // 'O''Ý'  -0.50px
    {  48,  12,  -18 },   // 'P'','  -0.56px
    {  48,  13,  -10 },   // 'P''-'  -0.31px
    {  48,  14,  -18 },   // 'P''.'  -0.56px
    {  48,  15,  -21 },   // 'P''/'  -0.66px
    {  48,  33,  -25 },   // 'P''A'  -0.78px
    {  48,  42,  -22 },   // 'P''J'  -0.69px
    {  48,  56,  -10 },   // 'P''X'  -0.31px
    {  48,  63,  -18 },   // 'P''_'  -0.56px
    {  48,  65,   -8 },   // 'P''a'  -0.25px
    {  48,  91,  -10 },   // 'P''{'  -0.31px
    {  48,  95,  -12 },   // 'P''‹'  -0.38px
    {  48,  97,  -10 },   // 'P''·'  -0.31px
    {  48, 102,  -10 },   // 'P''–'  -0.31px
    {  48, 103,  -10 },   // 'P''—'  -0.31px
    {  48, 104,  -18 },   // 'P''…'  -0.56px
    {  48, 114,    8 },   // 'P''ª'  +0.25px
    {  48, 115,  -12 },   // 'P''«'  -0.38px
    {  48, 119,   16 },   // 'P''°'  +0.50px
    {  48, 128,    8 },   // 'P''º'  +0.25px
    {  48, 134,  -25 },   // 'P''À'  -0.78px
    {  48, 135,  -25 },   // 'P''Á'  -0.78px
    {  48, 136,  -25 },   // 'P''Â'  -0.78px
    {  48, 137,  -25 },   // 'P''Ã'  -0.78px
    {  48, 138,  -25 },   // 'P''Ä'  -0.78px
    {  48, 139,  -25 },   // 'P''Å'  -0.78px
    {  48, 140,  -25 },   // 'P''Æ'  -0.78px
    {  48, 172,   -8 },   // 'P''æ'  -0.25px
    {  49,  12,  -12 },   // 'Q'','  -0.38px
    {  49,  14,  -12 },   // 'Q''.'  -0.38px
    {  49,  42,  -11 },   // 'Q''J'  -0.34px
    {  49,  52,  -16 },   // 'Q''T'  -0.50px
    {  49,  56,   -9 },   // 'Q''X'  -0.28px
    {  49,  57,  -16 },   // 'Q''Y'  -0.50px
    {  49,  63,  -12 },   // 'Q''_'  -0.38px
    {  49, 104,  -12 },   // 'Q''…'  -0.38px
    {  49, 163,  -16 },   // 'Q''Ý'  -0.50px
    {  50,  15,   10 },   // 'R''/'  +0.31px
    {  52,   6,  -10 },   // 'T''&'  -0.31px
    {  52,   9,   14 },   // 'T'')'  +0.44px
    {  52,  12,  -21 },   // 'T'','  -0.66px
    {  52,  13,  -16 },   // 'T''-'  -0.50px
    {  52,  14,  -21 },   // 'T''.'  -0.66px
    {  52,  15,  -18 },   // 'T''/'  -0.56px
    {  52,  26,  -12 },   // 'T'':'  -0.38px
    {  52,  27,  -12 },   // 'T'';'  -0.38px
    {  52,  32,  -16 },   // 'T''@'  -0.50px
    {  52,  33,  -27 },   // 'T''A'  -0.84px
    {  52,  35,  -16 },   // 'T''C'  -0.50px
    {  52,  39,  -16 },   // 'T''G'  -0.50px
    {  52,  42,  -20 },   // 'T''J'  -0.62px
    {  52,  47,  -16 },   // 'T''O'  -0.50px
    {  52,  49,  -16 },   // 'T''Q'  -0.50px
    {  52,  51,   -8 },   // 'T''S'  -0.25px
    {  52,  61,   14 },   // 'T'']'  +0.44px
    {  52,  63,  -21 },   // 'T''_'  -0.66px
    {  52,  65,  -27 },   // 'T''a'  -0.84px
    {  52,  66,    9 },   // 'T''b'  +0.28px
    {  52,  67,  -27 },   // 'T''c'  -0.84px
    {  52,  68,  -27 },   // 'T''d'  -0.84px
    {  52,  69,  -27 },   // 'T''e'  -0.84px
    {  52,  70,  -10 },   // 'T''f'  -0.31px
    {  52,  71,  -27 },   // 'T''g'  -0.84px
    {  52,  72,    9 },   // 'T''h'  +0.28px
    {  52,  73,    9 },   // 'T''i'  +0.28px
    {  52,  75,    9 },   // 'T''k'  +0.28px
    {  52,  76,    9 },   // 'T''l'  +0.28px
    {  52,  77,  -27 },   // 'T''m'  -0.84px
    {  52,  78,  -27 },   // 'T''n'  -0.84px
    {  52,  79,  -27 },   // 'T''o'  -0.84px
    {  52,  80,  -27 },   // 'T''p'  -0.84px
    {  52,  81,  -27 },   // 'T''q'  -0.84px
    {  52,  82,  -27 },   // 'T''r'  -0.84px
    {  52,  83,  -27 },   // 'T''s'  -0.84px
    {  52,  84,  -12 },   // 'T''t'  -0.38px
    {  52,  85,  -26 },   // 'T''u'  -0.81px
    {  52,  86,  -26 },   // 'T''v'  -0.81px
    {  52,  87,  -26 },   // 'T''w'  -0.81px
    {  52,  88,  -27 },   // 'T''x'  -0.84px
    {  52,  89,  -26 },   // 'T''y'  -0.81px
    {  52,  90,  -27 },   // 'T''z'  -0.84px
    {  52,  91,  -16 },   // 'T''{'  -0.50px
    {  52,  93,   14 },   // 'T''}'  +0.44px
    {  52,  95,  -21 },   // 'T''‹'  -0.66px
    {  52,  96,  -21 },   // 'T''›'  -0.66px
    {  52,  97,  -16 },   // 'T''·'  -0.50px
    {  52, 102,  -16 },   // 'T''–'  -0.50px
    {  52, 103,  -16 },   // 'T''—'  -0.50px
    {  52, 104,  -21 },   // 'T''…'  -0.66px
    {  52, 113,  -16 },   // 'T''©'  -0.50px
    {  52, 115,  -21 },   // 'T''«'  -0.66px
    {  52, 117,  -16 },   // 'T''®'  -0.50px
    {  52, 124,  -27 },   // 'T''µ'  -0.84px
    {  52, 129,  -21 },   // 'T''»'  -0.66px
    {  52, 134,  -27 },   // 'T''À'  -0.84px
    {  52, 135,  -27 },   // 'T''Á'  -0.84px
    {  52, 136,  -27 },   // 'T''Â'  -0.84px
    {  52, 137,  -27 },   // 'T''Ã'  -0.84px
    {  52, 138,  -27 },   // 'T''Ä'  -0.84px
    {  52, 139,  -27 },   // 'T''Å'  -0.84px
    {  52, 140,  -27 },   // 'T''Æ'  -0.84px
    {  52, 141,  -16 },   // 'T''Ç'  -0.50px
    {  52, 152,  -16 },   // 'T''Ò'  -0.50px
    {  52, 153,  -16 },   // 'T''Ó'  -0.50px
    {  52, 154,  -16 },   // 'T''Ô'  -0.50px
    {  52, 155,  -16 },   // 'T''Õ'  -0.50px
    {  52, 156,  -16 },   // 'T''Ö'  -0.50px
    {  52, 158,  -16 },   // 'T''Ø'  -0.50px
    {  52, 165,    9 },   // 'T''ß'  +0.28px
    {  52, 172,  -27 },   // 'T''æ'  -0.84px
    {  52, 173,  -27 },   // 'T''ç'  -0.84px
    {  52, 174,  -27 },   // 'T''è'  -0.84px
    {  52, 175,  -27 },   // 'T''é'  -0.84px
    {  52, 176,  -27 },   // 'T''ê'  -0.84px
    {  52, 177,  -27 },   // 'T''ë'  -0.84px
    {  52, 178,    9 },   // 'T''ì'  +0.28px
    {  52, 179,    9 },   // 'T''í'  +0.28px
    {  52, 180,    9 },   // 'T''î'  +0.28px
    {  52, 181,    9 },   // 'T''ï'  +0.28px
    {  52, 182,  -27 },   // 'T''ð'  -0.84px
    {  52, 183,  -27 },   // 'T''ñ'  -0.84px
    {  52, 184,  -27 },   // 'T''ò'  -0.84px
    {  52, 185,  -27 },   // 'T''ó'  -0.84px
    {  52, 186,  -27 },   // 'T''ô'  -0.84px
    {  52, 187,  -27 },   // 'T''õ'  -0.84px
    {  52, 188,  -27 },   // 'T''ö'  -0.84px
    {  52, 190,  -27 },   // 'T''ø'  -0.84px
    {  52, 191,  -26 },   // 'T''ù'  -0.81px
    {  52, 192,  -26 },   // 'T''ú'  -0.81px
    {  52, 193,  -26 },   // 'T''û'  -0.81px
    {  52, 194,  -26 },   // 'T''ü'  -0.81px
    {  52, 195,  -26 },   // 'T''ý'  -0.81px
    {  52, 196,    9 },   // 'T''þ'  +0.28px
    {  52, 197,  -26 },   // 'T''ÿ'  -0.81px
    {  53,  42,  -10 },   // 'U''J'  -0.31px
    {  54,   6,  -10 },   // 'V''&'  -0.31px
    {  54,   9,   10 },   // 'V'')'  +0.31px
    {  54,  12,  -18 },   // 'V'','  -0.56px
    {  54,  13,  -16 },   // 'V''-'  -0.50px
    {  54,  14,  -18 },   // 'V''.'  -0.56px
    {  54,  26,  -10 },   // 'V'':'  -0.31px
    {  54,  27,  -10 },   // 'V'';'  -0.31px
    {  54,  33,  -20 },   // 'V''A'  -0.62px
    {  54,  42,  -20 },   // 'V''J'  -0.62px
    {  54,  61,   10 },   // 'V'']'  +0.31px
    {  54,  63,  -18 },   // 'V''_'  -0.56px
    {  54,  65,  -20 },   // 'V''a'  -0.62px
    {  54,  66,    8 },   // 'V''b'  +0.25px
    {  54,  67,  -21 },   // 'V''c'  -0.66px
    {  54,  68,  -21 },   // 'V''d'  -0.66px
    {  54,  69,  -21 },   // 'V''e'  -0.66px
    {  54,  71,  -21 },   // 'V''g'  -0.66px
    {  54,  72,    8 },   // 'V''h'  +0.25px
    {  54,  73,    8 },   // 'V''i'  +0.25px
    {  54,  75,    8 },   // 'V''k'  +0.25px
    {  54,  76,    8 },   // 'V''l'  +0.25px
    {  54,  77,  -20 },   // 'V''m'  -0.62px
    {  54,  78,  -20 },   // 'V''n'  -0.62px
    {  54,  79,  -21 },   // 'V''o'  -0.66px
    {  54,  80,  -20 },   // 'V''p'  -0.62px
    {  54,  81,  -21 },   // 'V''q'  -0.66px
    {  54,  82,  -20 },   // 'V''r'  -0.62px
    {  54,  83,  -21 },   // 'V''s'  -0.66px
    {  54,  85,  -18 },   // 'V''u'  -0.56px
    {  54,  86,  -10 },   // 'V''v'  -0.31px
    {  54,  87,  -10 },   // 'V''w'  -0.31px
    {  54,  88,  -19 },   // 'V''x'  -0.59px
    {  54,  89,  -10 },   // 'V''y'  -0.31px
    {  54,  90,  -20 },   // 'V''z'  -0.62px
    {  54,  91,  -16 },   // 'V''{'  -0.50px
    {  54,  93,   10 },   // 'V''}'  +0.31px
    {  54,  95,  -23 },   // 'V''‹'  -0.72px
    {  54,  96,  -16 },   // 'V''›'  -0.50px
    {  54,  97,  -16 },   // 'V''·'  -0.50px
    {  54, 102,  -16 },   // 'V''–'  -0.50px
    {  54, 103,  -16 },   // 'V''—'  -0.50px
    {  54, 104,  -18 },   // 'V''…'  -0.56px
    {  54, 114,    9 },   // 'V''ª'  +0.28px
    {  54, 115,  -23 },   // 'V''«'  -0.72px
    {  54, 124,  -20 },   // 'V''µ'  -0.62px
    {  54, 128,    9 },   // 'V''º'  +0.28px
    {  54, 129,  -16 },   // 'V''»'  -0.50px
    {  54, 134,  -20 },   // 'V''À'  -0.62px
    {  54, 135,  -20 },   // 'V''Á'  -0.62px
    {  54, 136,  -20 },   // 'V''Â'  -0.62px
    {  54, 137,  -20 },   // 'V''Ã'  -0.62px
    {  54, 138,  -20 },   // 'V''Ä'  -0.62px
    {  54, 139,  -20 },   // 'V''Å'  -0.62px
    {  54, 140,  -20 },   // 'V''Æ'  -0.62px
    {  54, 165,    8 },   // 'V''ß'  +0.25px
    {  54, 172,  -20 },   // 'V''æ'  -0.62px
    {  54, 173,  -21 },   // 'V''ç'  -0.66px
    {  54, 174,  -21 },   // 'V''è'  -0.66px
    {  54, 175,  -21 },   // 'V''é'  -0.66px
    {  54, 176,  -21 },   // 'V''ê'  -0.66px
    {  54, 177,  -21 },   // 'V''ë'  -0.66px
    {  54, 178,    8 },   // 'V''ì'  +0.25px
    {  54, 179,    8 },   // 'V''í'  +0.25px
    {  54, 180,    8 },   // 'V''î'  +0.25px
    {  54, 181,    8 },   // 'V''ï'  +0.25px
    {  54, 182,  -21 },   // 'V''ð'  -0.66px
    {  54, 183,  -20 },   // 'V''ñ'  -0.62px
    {  54, 184,  -21 },   // 'V''ò'  -0.66px
    {  54, 185,  -21 },   // 'V''ó'  -0.66px
    {  54, 186,  -21 },   // 'V''ô'  -0.66px
    {  54, 187,  -21 },   // 'V''õ'  -0.66px
    {  54, 188,  -21 },   // 'V''ö'  -0.66px
    {  54, 190,  -21 },   // 'V''ø'  -0.66px
    {  54, 191,  -18 },   // 'V''ù'  -0.56px
    {  54, 192,  -18 },   // 'V''ú'  -0.56px
    {  54, 193,  -18 },   // 'V''û'  -0.56px
    {  54, 194,  -18 },   // 'V''ü'  -0.56px
    {  54, 195,  -10 },   // 'V''ý'  -0.31px
    {  54, 196,    8 },   // 'V''þ'  +0.25px
    {  54, 197,  -10 },   // 'V''ÿ'  -0.31px
    {  55,   6,  -10 },   // 'W''&'  -0.31px
    {  55,   9,   10 },   // 'W'')'  +0.31px
    {  55,  12,  -18 },   // 'W'','  -0.56px
    {  55,  13,  -16 },   // 'W''-'  -0.50px
    {  55,  14,  -18 },   // 'W''.'  -0.56px
    {  55,  26,  -10 },   // 'W'':'  -0.31px
    {  55,  27,  -10 },   // 'W'';'  -0.31px
    {  55,  33,  -20 },   // 'W''A'  -0.62px
    {  55,  42,  -20 },   // 'W''J'  -0.62px
    {  55,  61,   10 },   // 'W'']'  +0.31px
    {  55,  63,  -18 },   // 'W''_'  -0.56px
    {  55,  65,  -20 },   // 'W''a'  -0.62px
    {  55,  66,    8 },   // 'W''b'  +0.25px
    {  55,  67,  -21 },   // 'W''c'  -0.66px
    {  55,  68,  -21 },   // 'W''d'  -0.66px
    {  55,  69,  -21 },   // 'W''e'  -0.66px
    {  55,  71,  -21 },   // 'W''g'  -0.66px
    {  55,  72,    8 },   // 'W''h'  +0.25px
    {  55,  73,    8 },   // 'W''i'  +0.25px
    {  55,  75,    8 },   // 'W''k'  +0.25px
    {  55,  76,    8 },   // 'W''l'  +0.25px
    {  55,  77,  -20 },   // 'W''m'  -0.62px
    {  55,  78,  -20 },   // 'W''n'  -0.62px
    {  55,  79,  -21 },   // 'W''o'  -0.66px
    {  55,  80,  -20 },   // 'W''p'  -0.62px
    {  55,  81,  -21 },   // 'W''q'  -0.66px
    {  55,  82,  -20 },   // 'W''r'  -0.62px
    {  55,  83,  -21 },   // 'W''s'  -0.66px
    {  55,  85,  -18 },   // 'W''u'  -0.56px
    {  55,  86,  -10 },   // 'W''v'  -0.31px
    {  55,  87,  -10 },   // 'W''w'  -0.31px
    {  55,  88,  -19 },   // 'W''x'  -0.59px
    {  55,  89,  -10 },   // 'W''y'  -0.31px
    {  55,  90,  -20 },   // 'W''z'  -0.62px
    {  55,  91,  -16 },   // 'W''{'  -0.50px
    {  55,  93,   10 },   // 'W''}'  +0.31px
    {  55,  95,  -23 },   // 'W''‹'  -0.72px
    {  55,  96,  -16 },   // 'W''›'  -0.50px
    {  55,  97,  -16 },   // 'W''·'  -0.50px
    {  55, 102,  -16 },   // 'W''–'  -0.50px
    {  55, 103,  -16 },   // 'W''—'  -0.50px
    {  55, 104,  -18 },   // 'W''…'  -0.56px
    {  55, 114,    9 },   // 'W''ª'  +0.28px
    {  55, 115,  -23 },   // 'W''«'  -0.72px
    {  55, 124,  -20 },   // 'W''µ'  -0.62px
    {  55, 128,    9 },   // 'W''º'  +0.28px
    {  55, 129,  -16 },   // 'W''»'  -0.50px
    {  55, 134,  -20 },   // 'W''À'  -0.62px
    {  55, 135,  -20 },   // 'W''Á'  -0.62px
    {  55, 136,  -20 },   // 'W''Â'  -0.62px
    {  55, 137,  -20 },   // 'W''Ã'  -0.62px
    {  55, 138,  -20 },   // 'W''Ä'  -0.62px
    {  55, 139,  -20 },   // 'W''Å'  -0.62px
    {  55, 140,  -20 },   // 'W''Æ'  -0.62px
    {  55, 165,    8 },   // 'W''ß'  +0.25px
    {  55, 172,  -20 },   // 'W''æ'  -0.62px
    {  55, 173,  -21 },   // 'W''ç'  -0.66px
    {  55, 174,  -21 },   // 'W''è'  -0.66px
    {  55, 175,  -21 },   // 'W''é'  -0.66px
    {  55, 176,  -21 },   // 'W''ê'  -0.66px
    {  55, 177,  -21 },   // 'W''ë'  -0.66px
    {  55, 178,    8 },   // 'W''ì'  +0.25px
    {  55, 179,    8 },   // 'W''í'  +0.25px
    {  55, 180,    8 },   // 'W''î'  +0.25px
    {  55, 181,    8 },   // 'W''ï'  +0.25px
    {  55, 182,  -21 },   // 'W''ð'  -0.66px
    {  55, 183,  -20 },   // 'W''ñ'  -0.62px
    {  55, 184,  -21 },   // 'W''ò'  -0.66px
    {  55, 185,  -21 },   // 'W''ó'  -0.66px
    {  55, 186,  -21 },   // 'W''ô'  -0.66px
    {  55, 187,  -21 },   // 'W''õ'  -0.66px
    {  55, 188,  -21 },   // 'W''ö'  -0.66px
    {  55, 190,  -21 },   // 'W''ø'  -0.66px
    {  55, 191,  -18 },   // 'W''ù'  -0.56px
    {  55, 192,  -18 },   // 'W''ú'  -0.56px
    {  55, 193,  -18 },   // 'W''û'  -0.56px
    {  55, 194,  -18 },   // 'W''ü'  -0.56px
    {  55, 195,  -10 },   // 'W''ý'  -0.31px
    {  55, 196,    8 },   // 'W''þ'  +0.25px
    {  55, 197,  -10 },   // 'W''ÿ'  -0.31px
    {  56,  13,  -10 },   // 'X''-'  -0.31px
    {  56,  32,   -9 },   // 'X''@'  -0.28px
    {  56,  35,   -9 },   // 'X''C'  -0.28px
    {  56,  39,   -9 },   // 'X''G'  -0.28px
    {  56,  47,   -9 },   // 'X''O'  -0.28px
    {  56,  49,   -9 },   // 'X''Q'  -0.28px
    {  56,  86,   -8 },   // 'X''v'  -0.25px
    {  56,  87,   -8 },   // 'X''w'  -0.25px
    {  56,  88,   -9 },   // 'X''x'  -0.28px
    {  56,  89,   -8 },   // 'X''y'  -0.25px
    {  56,  91,  -10 },   // 'X''{'  -0.31px
    {  56,  95,  -14 },   // 'X''‹'  -0.44px
    {  56,  97,  -10 },   // 'X''·'  -0.31px
    {  56, 102,  -10 },   // 'X''–'  -0.31px
    {  56, 103,  -10 },   // 'X''—'  -0.31px
    {  56, 113,   -9 },   // 'X''©'  -0.28px
    {  56, 115,  -14 },   // 'X''«'  -0.44px
    {  56, 117,   -9 },   // 'X''®'  -0.28px
    {  56, 141,   -9 },   // 'X''Ç'  -0.28px
    {  56, 152,   -9 },   // 'X''Ò'  -0.28px
    {  56, 153,   -9 },   // 'X''Ó'  -0.28px
    {  56, 154,   -9 },   // 'X''Ô'  -0.28px
    {  56, 155,   -9 },   // 'X''Õ'  -0.28px
    {  56, 156,   -9 },   // 'X''Ö'  -0.28px
    {  56, 158,   -9 },   // 'X''Ø'  -0.28px
    {  56, 195,   -8 },   // 'X''ý'  -0.25px
    {  56, 197,   -8 },   // 'X''ÿ'  -0.25px
    {  57,   9,   12 },   // 'Y'')'  +0.38px
    {  57,  12,  -22 },   // 'Y'','  -0.69px
    {  57,  13,  -17 },   // 'Y''-'  -0.53px
    {  57,  14,  -22 },   // 'Y''.'  -0.69px
    {  57,  15,  -10 },   // 'Y''/'  -0.31px
    {  57,  26,  -13 },   // 'Y'':'  -0.41px
    {  57,  27,  -13 },   // 'Y'';'  -0.41px
    {  57,  31,    9 },   // 'Y''?'  +0.28px
    {  57,  32,  -16 },   // 'Y''@'  -0.50px
    {  57,  33,  -23 },   // 'Y''A'  -0.72px
    {  57,  35,  -16 },   // 'Y''C'  -0.50px
    {  57,  39,  -16 },   // 'Y''G'  -0.50px
    {  57,  42,  -16 },   // 'Y''J'  -0.50px
    {  57,  47,  -16 },   // 'Y''O'  -0.50px
    {  57,  49,  -16 },   // 'Y''Q'  -0.50px
    {  57,  51,   -8 },   // 'Y''S'  -0.25px
    {  57,  61,   12 },   // 'Y'']'  +0.38px
    {  57,  63,  -22 },   // 'Y''_'  -0.69px
    {  57,  65,  -27 },   // 'Y''a'  -0.84px
    {  57,  67,  -28 },   // 'Y''c'  -0.88px
    {  57,  68,  -28 },   // 'Y''d'  -0.88px
    {  57,  69,  -28 },   // 'Y''e'  -0.88px
    {  57,  70,   -9 },   // 'Y''f'  -0.28px
    {  57,  71,  -28 },   // 'Y''g'  -0.88px
    {  57,  77,  -27 },   // 'Y''m'  -0.84px
    {  57,  78,  -27 },   // 'Y''n'  -0.84px
    {  57,  79,  -28 },   // 'Y''o'  -0.88px
    {  57,  80,  -27 },   // 'Y''p'  -0.84px
    {  57,  81,  -28 },   // 'Y''q'  -0.88px
    {  57,  82,  -27 },   // 'Y''r'  -0.84px
    {  57,  83,  -27 },   // 'Y''s'  -0.84px
    {  57,  84,  -12 },   // 'Y''t'  -0.38px
    {  57,  85,  -26 },   // 'Y''u'  -0.81px
    {  57,  86,  -25 },   // 'Y''v'  -0.78px
    {  57,  87,  -25 },   // 'Y''w'  -0.78px
    {  57,  88,  -28 },   // 'Y''x'  -0.88px
    {  57,  89,  -25 },   // 'Y''y'  -0.78px
    {  57,  90,  -27 },   // 'Y''z'  -0.84px
    {  57,  91,  -17 },   // 'Y''{'  -0.53px
    {  57,  93,   12 },   // 'Y''}'  +0.38px
    {  57,  95,  -24 },   // 'Y''‹'  -0.75px
    {  57,  96,  -21 },   // 'Y''›'  -0.66px
    {  57,  97,  -17 },   // 'Y''·'  -0.53px
    {  57, 102,  -17 },   // 'Y''–'  -0.53px
    {  57, 103,  -17 },   // 'Y''—'  -0.53px
    {  57, 104,  -22 },   // 'Y''…'  -0.69px
    {  57, 113,  -16 },   // 'Y''©'  -0.50px
    {  57, 114,    8 },   // 'Y''ª'  +0.25px
    {  57, 115,  -24 },   // 'Y''«'  -0.75px
    {  57, 117,  -16 },   // 'Y''®'  -0.50px
    {  57, 124,  -27 },   // 'Y''µ'  -0.84px
    {  57, 128,    8 },   // 'Y''º'  +0.25px
    {  57, 129,  -21 },   // 'Y''»'  -0.66px
    {  57, 134,  -23 },   // 'Y''À'  -0.72px
    {  57, 135,  -23 },   // 'Y''Á'  -0.72px
    {  57, 136,  -23 },   // 'Y''Â'  -0.72px
    {  57, 137,  -23 },   // 'Y''Ã'  -0.72px
    {  57, 138,  -23 },   // 'Y''Ä'  -0.72px
    {  57, 139,  -23 },   // 'Y''Å'  -0.72px
    {  57, 140,  -23 },   // 'Y''Æ'  -0.72px
    {  57, 141,  -16 },   // 'Y''Ç'  -0.50px
    {  57, 152,  -16 },   // 'Y''Ò'  -0.50px
    {  57, 153,  -16 },   // 'Y''Ó'  -0.50px
    {  57, 154,  -16 },   // 'Y''Ô'  -0.50px
    {  57, 155,  -16 },   // 'Y''Õ'  -0.50px
    {  57, 156,  -16 },   // 'Y''Ö'  -0.50px
    {  57, 158,  -16 },   // 'Y''Ø'  -0.50px
    {  57, 172,  -27 },   // 'Y''æ'  -0.84px
    {  57, 173,  -28 },   // 'Y''ç'  -0.88px
    {  57, 174,  -28 },   // 'Y''è'  -0.88px
    {  57, 175,  -28 },   // 'Y''é'  -0.88px
    {  57, 176,  -28 },   // 'Y''ê'  -0.88px
    {  57, 177,  -28 },   // 'Y''ë'  -0.88px
    {  57, 182,  -28 },   // 'Y''ð'  -0.88px
    {  57, 183,  -27 },   // 'Y''ñ'  -0.84px
    {  57, 184,  -28 },   // 'Y''ò'  -0.88px
    {  57, 185,  -28 },   // 'Y''ó'  -0.88px
    {  57, 186,  -28 },   // 'Y''ô'  -0.88px
    {  57, 187,  -28 },   // 'Y''õ'  -0.88px
    {  57, 188,  -28 },   // 'Y''ö'  -0.88px
    {  57, 190,  -28 },   // 'Y''ø'  -0.88px
    {  57, 191,  -26 },   // 'Y''ù'  -0.81px
    {  57, 192,  -26 },   // 'Y''ú'  -0.81px
    {  57, 193,  -26 },   // 'Y''û'  -0.81px
    {  57, 194,  -26 },   // 'Y''ü'  -0.81px
    {  57, 195,  -25 },   // 'Y''ý'  -0.78px
    {  57, 197,  -25 },   // 'Y''ÿ'  -0.78px
    {  58,  15,   10 },   // 'Z''/'  +0.31px
    {  58,  86,  -10 },   // 'Z''v'  -0.31px
    {  58,  87,  -10 },   // 'Z''w'  -0.31px
    {  58,  89,  -10 },   // 'Z''y'  -0.31px
    {  58,  95,  -19 },   // 'Z''‹'  -0.59px
    {  58, 115,  -19 },   // 'Z''«'  -0.59px
    {  58, 195,  -10 },   // 'Z''ý'  -0.31px
    {  58, 197,  -10 },   // 'Z''ÿ'  -0.31px
    {  59,   9,   14 },   // '['')'  +0.44px
    {  59,  15,   14 },   // '[''/'  +0.44px
    {  59,  31,    9 },   // '[''?'  +0.28px
    {  59,  52,   14 },   // '[''T'  +0.44px
    {  59,  54,   10 },   // '[''V'  +0.31px
    {  59,  55,   10 },   // '[''W'  +0.31px
    {  59,  57,   12 },   // '[''Y'  +0.38px
    {  59,  61,   14 },   // '['']'  +0.44px
    {  59,  74,   32 },   // '[''j'  +1.00px
    {  59,  93,   14 },   // '[''}'  +0.44px
    {  59, 163,   12 },   // '[''Ý'  +0.38px
    {  63,  10,  -18 },   // '_''*'  -0.56px
    {  63,  13,  -15 },   // '_''-'  -0.47px
    {  63,  15,   24 },   // '_''/'  +0.75px
    {  63,  31,  -25 },   // '_''?'  -0.78px
    {  63,  32,  -12 },   // '_''@'  -0.38px
    {  63,  35,  -12 },   // '_''C'  -0.38px
    {  63,  39,  -12 },   // '_''G'  -0.38px
    {  63,  42,   12 },   // '_''J'  +0.38px
    {  63,  47,  -12 },   // '_''O'  -0.38px
    {  63,  49,  -12 },   // '_''Q'  -0.38px
    {  63,  52,  -21 },   // '_''T'  -0.66px
    {  63,  54,  -18 },   // '_''V'  -0.56px
    {  63,  55,  -18 },   // '_''W'  -0.56px
    {  63,  57,  -22 },   // '_''Y'  -0.69px
    {  63,  84,  -10 },   // '_''t'  -0.31px
    {  63,  86,  -17 },   // '_''v'  -0.53px
    {  63,  87,  -17 },   // '_''w'  -0.53px
    {  63,  89,  -17 },   // '_''y'  -0.53px
    {  63,  91,  -15 },   // '_''{'  -0.47px
    {  63,  95,  -10 },   // '_''‹'  -0.31px
    {  63,  97,  -15 },   // '_''·'  -0.47px
    {  63,  98,  -18 },   // '_''‘'  -0.56px
    {  63,  99,  -18 },   // '_''’'  -0.56px
    {  63, 100,  -18 },   // '_''“'  -0.56px
    {  63, 101,  -18 },   // '_''”'  -0.56px
    {  63, 102,  -15 },   // '_''–'  -0.47px
    {  63, 103,  -15 },   // '_''—'  -0.47px
    {  63, 113,  -12 },   // '_''©'  -0.38px
    {  63, 114,  -18 },   // '_''ª'  -0.56px
    {  63, 115,  -10 },   // '_''«'  -0.31px
    {  63, 117,  -12 },   // '_''®'  -0.38px
    {  63, 119,  -22 },   // '_''°'  -0.69px
    {  63, 128,  -18 },   // '_''º'  -0.56px
    {  63, 141,  -12 },   // '_''Ç'  -0.38px
    {  63, 152,  -12 },   // '_''Ò'  -0.38px
    {  63, 153,  -12 },   // '_''Ó'  -0.38px
    {  63, 154,  -12 },   // '_''Ô'  -0.38px
    {  63, 155,  -12 },   // '_''Õ'  -0.38px
    {  63, 156,  -12 },   // '_''Ö'  -0.38px
    {  63, 158,  -12 },   // '_''Ø'  -0.38px
    {  63, 163,  -22 },   // '_''Ý'  -0.69px
    {  63, 195,  -17 },   // '_''ý'  -0.53px
    {  63, 197,  -17 },   // '_''ÿ'  -0.53px
    {  65, 119,   -9 },   // 'a''°'  -0.28px
    {  66,  98,  -14 },   // 'b''‘'  -0.44px
    {  66,  99,  -14 },   // 'b''’'  -0.44px
    {  66, 100,  -14 },   // 'b''“'  -0.44px
    {  66, 101,  -14 },   // 'b''”'  -0.44px
    {  66, 119,  -10 },   // 'b''°'  -0.31px
    {  69,  98,  -10 },   // 'e''‘'  -0.31px
    {  69,  99,  -10 },   // 'e''’'  -0.31px
    {  69, 100,  -10 },   // 'e''“'  -0.31px
    {  69, 101,  -10 },   // 'e''”'  -0.31px
    {  70,   9,   18 },   // 'f'')'  +0.56px
    {  70,  10,   12 },   // 'f''*'  +0.38px
    {  70,  31,   18 },   // 'f''?'  +0.56px
    {  70,  61,   18 },   // 'f'']'  +0.56px
    {  70,  84,   -8 },   // 'f''t'  -0.25px
    {  70,  93,   18 },   // 'f''}'  +0.56px
    {  70,  98,   18 },   // 'f''‘'  +0.56px
    {  70,  99,   18 },   // 'f''’'  +0.56px
    {  70, 100,   18 },   // 'f''“'  +0.56px
    {  70, 101,   18 },   // 'f''”'  +0.56px
    {  70, 114,   24 },   // 'f''ª'  +0.75px
    {  70, 119,   16 },   // 'f''°'  +0.50px
    {  70, 128,   24 },   // 'f''º'  +0.75px
    {  72, 119,   -9 },   // 'h''°'  -0.28px
    {  75,  13,  -10 },   // 'k''-'  -0.31px
    {  75,  91,  -10 },   // 'k''{'  -0.31px
    {  75,  97,  -10 },   // 'k''·'  -0.31px
    {  75, 102,  -10 },   // 'k''–'  -0.31px
    {  75, 103,  -10 },   // 'k''—'  -0.31px
    {  76,   2,  -13 },   // 'l''"'  -0.41px
    {  76,   7,  -13 },   // 'l''''  -0.41px
    {  76,   9,   11 },   // 'l'')'  +0.34px
    {  76,  10,   -8 },   // 'l''*'  -0.25px
    {  76,  15,   12 },   // 'l''/'  +0.38px
    {  76,  61,   11 },   // 'l'']'  +0.34px
    {  76,  93,   11 },   // 'l''}'  +0.34px
    {  76,  98,  -14 },   // 'l''‘'  -0.44px
    {  76,  99,  -14 },   // 'l''’'  -0.44px
    {  76, 100,  -14 },   // 'l''“'  -0.44px
    {  76, 101,  -14 },   // 'l''”'  -0.44px
    {  76, 119,  -12 },   // 'l''°'  -0.38px
    {  77, 119,   -9 },   // 'm''°'  -0.28px
    {  78, 119,   -9 },   // 'n''°'  -0.28px
    {  79,  98,  -14 },   // 'o''‘'  -0.44px
    {  79,  99,  -14 },   // 'o''’'  -0.44px
    {  79, 100,  -14 },   // 'o''“'  -0.44px
    {  79, 101,  -14 },   // 'o''”'  -0.44px
    {  79, 119,  -10 },   // 'o''°'  -0.31px
    {  80,  98,  -14 },   // 'p''‘'  -0.44px
    {  80,  99,  -14 },   // 'p''’'  -0.44px
    {  80, 100,  -14 },   // 'p''“'  -0.44px
    {  80, 101,  -14 },   // 'p''”'  -0.44px
    {  80, 119,  -10 },   // 'p''°'  -0.31px
    {  82,  10,   12 },   // 'r''*'  +0.38px
    {  82,  13,   -8 },   // 'r''-'  -0.25px
    {  82,  70,    9 },   // 'r''f'  +0.28px
    {  82,  84,    9 },   // 'r''t'  +0.28px
    {  82,  86,   10 },   // 'r''v'  +0.31px
    {  82,  87,   10 },   // 'r''w'  +0.31px
    {  82,  89,   10 },   // 'r''y'  +0.31px
    {  82,  91,   -8 },   // 'r''{'  -0.25px
    {  82,  97,   -8 },   // 'r''·'  -0.25px
    {  82,  98,   12 },   // 'r''‘'  +0.38px
    {  82,  99,   12 },   // 'r''’'  +0.38px
    {  82, 100,   12 },   // 'r''“'  +0.38px
    {  82, 101,   12 },   // 'r''”'  +0.38px
    {  82, 102,   -8 },   // 'r''–'  -0.25px
    {  82, 103,   -8 },   // 'r''—'  -0.25px
    {  82, 114,   14 },   // 'r''ª'  +0.44px
    {  82, 119,   14 },   // 'r''°'  +0.44px
    {  82, 128,   14 },   // 'r''º'  +0.44px
    {  82, 195,   10 },   // 'r''ý'  +0.31px
    {  82, 197,   10 },   // 'r''ÿ'  +0.31px
    {  83,  98,  -10 },   // 's''‘'  -0.31px
    {  83,  99,  -10 },   // 's''’'  -0.31px
    {  83, 100,  -10 },   // 's''“'  -0.31px
    {  83, 101,  -10 },   // 's''”'  -0.31px
    {  84,   9,   28 },   // 't'')'  +0.88px
    {  84,  10,    8 },   // 't''*'  +0.25px
    {  84,  15,   18 },   // 't''/'  +0.56px
    {  84,  61,   28 },   // 't'']'  +0.88px
    {  84,  93,   28 },   // 't''}'  +0.88px
    {  84, 114,   12 },   // 't''ª'  +0.38px
    {  84, 128,   12 },   // 't''º'  +0.38px
    {  86,  12,  -17 },   // 'v'','  -0.53px
    {  86,  14,  -17 },   // 'v''.'  -0.53px
    {  86,  15,  -10 },   // 'v''/'  -0.31px
    {  86,  63,  -17 },   // 'v''_'  -0.53px
    {  86, 104,  -17 },   // 'v''…'  -0.53px
    {  87,  12,  -17 },   // 'w'','  -0.53px
    {  87,  14,  -17 },   // 'w''.'  -0.53px
    {  87,  15,  -10 },   // 'w''/'  -0.31px
    {  87,  63,  -17 },   // 'w''_'  -0.53px
    {  87, 104,  -17 },   // 'w''…'  -0.53px
    {  88,  13,  -10 },   // 'x''-'  -0.31px
    {  88,  91,  -10 },   // 'x''{'  -0.31px
    {  88,  95,  -10 },   // 'x''‹'  -0.31px
    {  88,  97,  -10 },   // 'x''·'  -0.31px
    {  88, 102,  -10 },   // 'x''–'  -0.31px
    {  88, 103,  -10 },   // 'x''—'  -0.31px
    {  88, 115,  -10 },   // 'x''«'  -0.31px
    {  89,  12,  -17 },   // 'y'','  -0.53px
    {  89,  14,  -17 },   // 'y''.'  -0.53px
    {  89,  15,  -10 },   // 'y''/'  -0.31px
    {  89,  63,  -17 },   // 'y''_'  -0.53px
    {  89, 104,  -17 },   // 'y''…'  -0.53px
    {  90,  13,  -14 },   // 'z''-'  -0.44px
    {  90,  91,  -14 },   // 'z''{'  -0.44px
    {  90,  95,  -12 },   // 'z''‹'  -0.38px
    {  90,  97,  -14 },   // 'z''·'  -0.44px
    {  90, 102,  -14 },   // 'z''–'  -0.44px
    {  90, 103,  -14 },   // 'z''—'  -0.44px
    {  90, 115,  -12 },   // 'z''«'  -0.38px
    {  91,   9,   14 },   // '{'')'  +0.44px
    {  91,  15,   14 },   // '{''/'  +0.44px
    {  91,  31,    9 },   // '{''?'  +0.28px
    {  91,  52,   14 },   // '{''T'  +0.44px
    {  91,  54,   10 },   // '{''V'  +0.31px
    {  91,  55,   10 },   // '{''W'  +0.31px
    {  91,  57,   12 },   // '{''Y'  +0.38px
    {  91,  61,   14 },   // '{'']'  +0.44px
    {  91,  74,   32 },   // '{''j'  +1.00px
    {  91,  93,   14 },   // '{''}'  +0.44px
    {  91, 163,   12 },   // '{''Ý'  +0.38px
    {  93,  10,  -22 },   // '}''*'  -0.69px
    {  93,  12,  -15 },   // '}'','  -0.47px
    {  93,  14,  -15 },   // '}''.'  -0.47px
    {  93,  31,  -11 },   // '}''?'  -0.34px
    {  93,  42,   -9 },   // '}''J'  -0.28px
    {  93,  52,  -16 },   // '}''T'  -0.50px
    {  93,  54,  -16 },   // '}''V'  -0.50px
    {  93,  55,  -16 },   // '}''W'  -0.50px
    {  93,  56,  -10 },   // '}''X'  -0.31px
    {  93,  57,  -17 },   // '}''Y'  -0.53px
    {  93,  63,  -15 },   // '}''_'  -0.47px
    {  93,  88,  -10 },   // '}''x'  -0.31px
    {  93,  96,  -10 },   // '}''›'  -0.31px
    {  93,  98,  -15 },   // '}''‘'  -0.47px
    {  93,  99,  -15 },   // '}''’'  -0.47px
    {  93, 100,  -15 },   // '}''“'  -0.47px
    {  93, 101,  -15 },   // '}''”'  -0.47px
    {  93, 104,  -15 },   // '}''…'  -0.47px
    {  93, 114,  -16 },   // '}''ª'  -0.50px
    {  93, 119,  -18 },   // '}''°'  -0.56px
    {  93, 128,  -16 },   // '}''º'  -0.50px
    {  93, 129,  -10 },   // '}''»'  -0.31px
    {  93, 133,  -16 },   // '}''¿'  -0.50px
    {  93, 163,  -17 },   // '}''Ý'  -0.53px
    {  95,  13,  -10 },   // '‹''-'  -0.31px
    {  95,  52,  -21 },   // '‹''T'  -0.66px
    {  95,  54,  -16 },   // '‹''V'  -0.50px
    {  95,  55,  -16 },   // '‹''W'  -0.50px
    {  95,  57,  -21 },   // '‹''Y'  -0.66px
    {  95,  91,  -10 },   // '‹''{'  -0.31px
    {  95,  97,  -10 },   // '‹''·'  -0.31px
    {  95, 102,  -10 },   // '‹''–'  -0.31px
    {  95, 103,  -10 },   // '‹''—'  -0.31px
    {  95, 163,  -21 },   // '‹''Ý'  -0.66px
    {  96,  10,  -15 },   // '›''*'  -0.47px
    {  96,  12,  -10 },   // '›'','  -0.31px
    {  96,  14,  -10 },   // '›''.'  -0.31px
    {  96,  52,  -21 },   // '›''T'  -0.66px
    {  96,  54,  -23 },   // '›''V'  -0.72px
    {  96,  55,  -23 },   // '›''W'  -0.72px
    {  96,  56,  -14 },   // '›''X'  -0.44px
    {  96,  57,  -24 },   // '›''Y'  -0.75px
    {  96,  63,  -10 },   // '›''_'  -0.31px
    {  96,  88,  -10 },   // '›''x'  -0.31px
    {  96, 104,  -10 },   // '›''…'  -0.31px
    {  96, 163,  -24 },   // '›''Ý'  -0.75px
    {  97,  10,  -22 },   // '·''*'  -0.69px
    {  97,  12,  -15 },   // '·'','  -0.47px
    {  97,  14,  -15 },   // '·''.'  -0.47px
    {  97,  31,  -11 },   // '·''?'  -0.34px
    {  97,  42,   -9 },   // '·''J'  -0.28px
    {  97,  52,  -16 },   // '·''T'  -0.50px
    {  97,  54,  -16 },   // '·''V'  -0.50px
    {  97,  55,  -16 },   // '·''W'  -0.50px
    {  97,  56,  -10 },   // '·''X'  -0.31px
    {  97,  57,  -17 },   // '·''Y'  -0.53px
    {  97,  63,  -15 },   // '·''_'  -0.47px
    {  97,  88,  -10 },   // '·''x'  -0.31px
    {  97,  96,  -10 },   // '·''›'  -0.31px
    {  97,  98,  -15 },   // '·''‘'  -0.47px
    {  97,  99,  -15 },   // '·''’'  -0.47px
    {  97, 100,  -15 },   // '·''“'  -0.47px
    {  97, 101,  -15 },   // '·''”'  -0.47px
    {  97, 104,  -15 },   // '·''…'  -0.47px
    {  97, 114,  -16 },   // '·''ª'  -0.50px
    {  97, 119,  -18 },   // '·''°'  -0.56px
    {  97, 128,  -16 },   // '·''º'  -0.50px
    {  97, 129,  -10 },   // '·''»'  -0.31px
    {  97, 133,  -16 },   // '·''¿'  -0.50px
    {  97, 163,  -17 },   // '·''Ý'  -0.53px
    {  98,  12,  -18 },   // '‘'','  -0.56px
    {  98,  13,  -15 },   // '‘''-'  -0.47px
    {  98,  14,  -18 },   // '‘''.'  -0.56px
    {  98,  15,  -30 },   // '‘''/'  -0.94px
    {  98,  33,  -20 },   // '‘''A'  -0.62px
    {  98,  42,  -23 },   // '‘''J'  -0.72px
    {  98,  63,  -18 },   // '‘''_'  -0.56px
    {  98,  67,  -14 },   // '‘''c'  -0.44px
    {  98,  68,  -14 },   // '‘''d'  -0.44px
    {  98,  69,  -14 },   // '‘''e'  -0.44px
    {  98,  71,  -14 },   // '‘''g'  -0.44px
    {  98,  79,  -14 },   // '‘''o'  -0.44px
    {  98,  81,  -14 },   // '‘''q'  -0.44px
    {  98,  83,  -10 },   // '‘''s'  -0.31px
    {  98,  91,  -15 },   // '‘''{'  -0.47px
    {  98,  97,  -15 },   // '‘''·'  -0.47px
    {  98, 102,  -15 },   // '‘''–'  -0.47px
    {  98, 103,  -15 },   // '‘''—'  -0.47px
    {  98, 104,  -18 },   // '‘''…'  -0.56px
    {  98, 133,  -14 },   // '‘''¿'  -0.44px
    {  98, 134,  -20 },   // '‘''À'  -0.62px
    {  98, 135,  -20 },   // '‘''Á'  -0.62px
    {  98, 136,  -20 },   // '‘''Â'  -0.62px
    {  98, 137,  -20 },   // '‘''Ã'  -0.62px
    {  98, 138,  -20 },   // '‘''Ä'  -0.62px
    {  98, 139,  -20 },   // '‘''Å'  -0.62px
    {  98, 140,  -20 },   // '‘''Æ'  -0.62px
    {  98, 173,  -14 },   // '‘''ç'  -0.44px
    {  98, 174,  -14 },   // '‘''è'  -0.44px
    {  98, 175,  -14 },   // '‘''é'  -0.44px
    {  98, 176,  -14 },   // '‘''ê'  -0.44px
    {  98, 177,  -14 },   // '‘''ë'  -0.44px
    {  98, 182,  -14 },   // '‘''ð'  -0.44px
    {  98, 184,  -14 },   // '‘''ò'  -0.44px
    {  98, 185,  -14 },   // '‘''ó'  -0.44px
    {  98, 186,  -14 },   // '‘''ô'  -0.44px
    {  98, 187,  -14 },   // '‘''õ'  -0.44px
    {  98, 188,  -14 },   // '‘''ö'  -0.44px
    {  98, 190,  -14 },   // '‘''ø'  -0.44px
    {  99,  12,  -18 },   // '’'','  -0.56px
    {  99,  13,  -15 },   // '’''-'  -0.47px
    {  99,  14,  -18 },   // '’''.'  -0.56px
    {  99,  15,  -30 },   // '’''/'  -0.94px
    {  99,  33,  -20 },   // '’''A'  -0.62px
    {  99,  42,  -23 },   // '’''J'  -0.72px
    {  99,  63,  -18 },   // '’''_'  -0.56px
    {  99,  67,  -14 },   // '’''c'  -0.44px
    {  99,  68,  -14 },   // '’''d'  -0.44px
    {  99,  69,  -14 },   // '’''e'  -0.44px
    {  99,  71,  -14 },   // '’''g'  -0.44px
    {  99,  79,  -14 },   // '’''o'  -0.44px
    {  99,  81,  -14 },   // '’''q'  -0.44px
    {  99,  83,  -10 },   // '’''s'  -0.31px
    {  99,  91,  -15 },   // '’''{'  -0.47px
    {  99,  97,  -15 },   // '’''·'  -0.47px
    {  99, 102,  -15 },   // '’''–'  -0.47px
    {  99, 103,  -15 },   // '’''—'  -0.47px
    {  99, 104,  -18 },   // '’''…'  -0.56px
    {  99, 133,  -14 },   // '’''¿'  -0.44px
    {  99, 134,  -20 },   // '’''À'  -0.62px
    {  99, 135,  -20 },   // '’''Á'  -0.62px
    {  99, 136,  -20 },   // '’''Â'  -0.62px
    {  99, 137,  -20 },   // '’''Ã'  -0.62px
    {  99, 138,  -20 },   // '’''Ä'  -0.62px
    {  99, 139,  -20 },   // '’''Å'  -0.62px
    {  99, 140,  -20 },   // '’''Æ'  -0.62px
    {  99, 173,  -14 },   // '’''ç'  -0.44px
    {  99, 174,  -14 },   // '’''è'  -0.44px
    {  99, 175,  -14 },   // '’''é'  -0.44px
    {  99, 176,  -14 },   // '’''ê'  -0.44px
    {  99, 177,  -14 },   // '’''ë'  -0.44px
    {  99, 182,  -14 },   // '’''ð'  -0.44px
    {  99, 184,  -14 },   // '’''ò'  -0.44px
    {  99, 185,  -14 },   // '’''ó'  -0.44px
    {  99, 186,  -14 },   // '’''ô'  -0.44px
    {  99, 187,  -14 },   // '’''õ'  -0.44px
    {  99, 188,  -14 },   // '’''ö'  -0.44px
    {  99, 190,  -14 },   // '’''ø'  -0.44px
    { 100,  12,  -18 },   // '“'','  -0.56px
    { 100,  13,  -15 },   // '“''-'  -0.47px
    { 100,  14,  -18 },   // '“''.'  -0.56px
    { 100,  15,  -30 },   // '“''/'  -0.94px
    { 100,  33,  -20 },   // '“''A'  -0.62px
    { 100,  42,  -23 },   // '“''J'  -0.72px
    { 100,  63,  -18 },   // '“''_'  -0.56px
    { 100,  67,  -14 },   // '“''c'  -0.44px
    { 100,  68,  -14 },   // '“''d'  -0.44px
    { 100,  69,  -14 },   // '“''e'  -0.44px
    { 100,  71,  -14 },   // '“''g'  -0.44px
    { 100,  79,  -14 },   // '“''o'  -0.44px
    { 100,  81,  -14 },   // '“''q'  -0.44px
    { 100,  83,  -10 },   // '“''s'  -0.31px
    { 100,  91,  -15 },   // '“''{'  -0.47px
    { 100,  97,  -15 },   // '“''·'  -0.47px
    { 100, 102,  -15 },   // '“''–'  -0.47px
    { 100, 103,  -15 },   // '“''—'  -0.47px
    { 100, 104,  -18 },   // '“''…'  -0.56px
    { 100, 133,  -14 },   // '“''¿'  -0.44px
    { 100, 134,  -20 },   // '“''À'  -0.62px
    { 100, 135,  -20 },   // '“''Á'  -0.62px
    { 100, 136,  -20 },   // '“''Â'  -0.62px
    { 100, 137,  -20 },   // '“''Ã'  -0.62px
    { 100, 138,  -20 },   // '“''Ä'  -0.62px
    { 100, 139,  -20 },   // '“''Å'  -0.62px
    { 100, 140,  -20 },   // '“''Æ'  -0.62px
    { 100, 173,  -14 },   // '“''ç'  -0.44px
    { 100, 174,  -14 },   // '“''è'  -0.44px
    { 100, 175,  -14 },   // '“''é'  -0.44px
    { 100, 176,  -14 },   // '“''ê'  -0.44px
    { 100, 177,  -14 },   // '“''ë'  -0.44px
    { 100, 182,  -14 },   // '“''ð'  -0.44px
    { 100, 184,  -14 },   // '“''ò'  -0.44px
    { 100, 185,  -14 },   // '“''ó'  -0.44px
    { 100, 186,  -14 },   // '“''ô'  -0.44px
    { 100, 187,  -14 },   // '“''õ'  -0.44px
    { 100, 188,  -14 },   // '“''ö'  -0.44px
    { 100, 190,  -14 },   // '“''ø'  -0.44px
    { 101,  12,  -18 },   // '”'','  -0.56px
    { 101,  13,  -15 },   // '”''-'  -0.47px
    { 101,  14,  -18 },   // '”''.'  -0.56px
    { 101,  15,  -30 },   // '”''/'  -0.94px
    { 101,  33,  -20 },   // '”''A'  -0.62px
    { 101,  42,  -23 },   // '”''J'  -0.72px
    { 101,  63,  -18 },   // '”''_'  -0.56px
    { 101,  67,  -14 },   // '”''c'  -0.44px
    { 101,  68,  -14 },   // '”''d'  -0.44px
    { 101,  69,  -14 },   // '”''e'  -0.44px
    { 101,  71,  -14 },   // '”''g'  -0.44px
    { 101,  79,  -14 },   // '”''o'  -0.44px
    { 101,  81,  -14 },   // '”''q'  -0.44px
    { 101,  83,  -10 },   // '”''s'  -0.31px
    { 101,  91,  -15 },   // '”''{'  -0.47px
    { 101,  97,  -15 },   // '”''·'  -0.47px
    { 101, 102,  -15 },   // '”''–'  -0.47px
    { 101, 103,  -15 },   // '”''—'  -0.47px
    { 101, 104,  -18 },   // '”''…'  -0.56px
    { 101, 133,  -14 },   // '”''¿'  -0.44px
    { 101, 134,  -20 },   // '”''À'  -0.62px
    { 101, 135,  -20 },   // '”''Á'  -0.62px
    { 101, 136,  -20 },   // '”''Â'  -0.62px
    { 101, 137,  -20 },   // '”''Ã'  -0.62px
    { 101, 138,  -20 },   // '”''Ä'  -0.62px
    { 101, 139,  -20 },   // '”''Å'  -0.62px
    { 101, 140,  -20 },   // '”''Æ'  -0.62px
    { 101, 173,  -14 },   // '”''ç'  -0.44px
    { 101, 174,  -14 },   // '”''è'  -0.44px
    { 101, 175,  -14 },   // '”''é'  -0.44px
    { 101, 176,  -14 },   // '”''ê'  -0.44px
    { 101, 177,  -14 },   // '”''ë'  -0.44px
    { 101, 182,  -14 },   // '”''ð'  -0.44px
    { 101, 184,  -14 },   // '”''ò'  -0.44px
    { 101, 185,  -14 },   // '”''ó'  -0.44px
    { 101, 186,  -14 },   // '”''ô'  -0.44px
    { 101, 187,  -14 },   // '”''õ'  -0.44px
    { 101, 188,  -14 },   // '”''ö'  -0.44px
    { 101, 190,  -14 },   // '”''ø'  -0.44px
    { 102,  10,  -22 },   // '–''*'  -0.69px
    { 102,  12,  -15 },   // '–'','  -0.47px
    { 102,  14,  -15 },   // '–''.'  -0.47px
    { 102,  31,  -11 },   // '–''?'  -0.34px
    { 102,  42,   -9 },   // '–''J'  -0.28px
    { 102,  52,  -16 },   // '–''T'  -0.50px
    { 102,  54,  -16 },   // '–''V'  -0.50px
    { 102,  55,  -16 },   // '–''W'  -0.50px
    { 102,  56,  -10 },   // '–''X'  -0.31px
    { 102,  57,  -17 },   // '–''Y'  -0.53px
    { 102,  63,  -15 },   // '–''_'  -0.47px
    { 102,  88,  -10 },   // '–''x'  -0.31px
    { 102,  96,  -10 },   // '–''›'  -0.31px
    { 102,  98,  -15 },   // '–''‘'  -0.47px
    { 102,  99,  -15 },   // '–''’'  -0.47px
    { 102, 100,  -15 },   // '–''“'  -0.47px
    { 102, 101,  -15 },   // '–''”'  -0.47px
    { 102, 104,  -15 },   // '–''…'  -0.47px
    { 102, 114,  -16 },   // '–''ª'  -0.50px
    { 102, 119,  -18 },   // '–''°'  -0.56px
    { 102, 128,  -16 },   // '–''º'  -0.50px
    { 102, 129,  -10 },   // '–''»'  -0.31px
    { 102, 133,  -16 },   // '–''¿'  -0.50px
    { 102, 163,  -17 },   // '–''Ý'  -0.53px
    { 103,  10,  -22 },   // '—''*'  -0.69px
    { 103,  12,  -15 },   // '—'','  -0.47px
    { 103,  14,  -15 },   // '—''.'  -0.47px
    { 103,  31,  -11 },   // '—''?'  -0.34px
    { 103,  42,   -9 },   // '—''J'  -0.28px
    { 103,  52,  -16 },   // '—''T'  -0.50px
    { 103,  54,  -16 },   // '—''V'  -0.50px
    { 103,  55,  -16 },   // '—''W'  -0.50px
    { 103,  56,  -10 },   // '—''X'  -0.31px
    { 103,  57,  -17 },   // '—''Y'  -0.53px
    { 103,  63,  -15 },   // '—''_'  -0.47px
    { 103,  88,  -10 },   // '—''x'  -0.31px
    { 103,  96,  -10 },   // '—''›'  -0.31px
    { 103,  98,  -15 },   // '—''‘'  -0.47px
    { 103,  99,  -15 },   // '—''’'  -0.47px
    { 103, 100,  -15 },   // '—''“'  -0.47px
    { 103, 101,  -15 },   // '—''”'  -0.47px
    { 103, 104,  -15 },   // '—''…'  -0.47px
    { 103, 114,  -16 },   // '—''ª'  -0.50px
    { 103, 119,  -18 },   // '—''°'  -0.56px
    { 103, 128,  -16 },   // '—''º'  -0.50px
    { 103, 129,  -10 },   // '—''»'  -0.31px
    { 103, 133,  -16 },   // '—''¿'  -0.50px
    { 103, 163,  -17 },   // '—''Ý'  -0.53px
    { 104,  10,  -18 },   // '…''*'  -0.56px
    { 104,  13,  -15 },   // '…''-'  -0.47px
    { 104,  15,   24 },   // '…''/'  +0.75px
    { 104,  31,  -25 },   // '…''?'  -0.78px
    { 104,  32,  -12 },   // '…''@'  -0.38px
    { 104,  35,  -12 },   // '…''C'  -0.38px
    { 104,  39,  -12 },   // '…''G'  -0.38px
    { 104,  42,   12 },   // '…''J'  +0.38px
    { 104,  47,  -12 },   // '…''O'  -0.38px
    { 104,  49,  -12 },   // '…''Q'  -0.38px
    { 104,  52,  -21 },   // '…''T'  -0.66px
    { 104,  54,  -18 },   // '…''V'  -0.56px
    { 104,  55,  -18 },   // '…''W'  -0.56px
    { 104,  57,  -22 },   // '…''Y'  -0.69px
    { 104,  84,  -10 },   // '…''t'  -0.31px
    { 104,  86,  -17 },   // '…''v'  -0.53px
    { 104,  87,  -17 },   // '…''w'  -0.53px
    { 104,  89,  -17 },   // '…''y'  -0.53px
    { 104,  91,  -15 },   // '…''{'  -0.47px
    { 104,  95,  -10 },   // '…''‹'  -0.31px
    { 104,  97,  -15 },   // '…''·'  -0.47px
    { 104,  98,  -18 },   // '…''‘'  -0.56px
    { 104,  99,  -18 },   // '…''’'  -0.56px
    { 104, 100,  -18 },   // '…''“'  -0.56px
    { 104, 101,  -18 },   // '…''”'  -0.56px
    { 104, 102,  -15 },   // '…''–'  -0.47px
    { 104, 103,  -15 },   // '…''—'  -0.47px
    { 104, 113,  -12 },   // '…''©'  -0.38px
    { 104, 114,  -18 },   // '…''ª'  -0.56px
    { 104, 115,  -10 },   // '…''«'  -0.31px
    { 104, 117,  -12 },   // '…''®'  -0.38px
    { 104, 119,  -22 },   // '…''°'  -0.69px
    { 104, 128,  -18 },   // '…''º'  -0.56px
    { 104, 141,  -12 },   // '…''Ç'  -0.38px
    { 104, 152,  -12 },   // '…''Ò'  -0.38px
    { 104, 153,  -12 },   // '…''Ó'  -0.38px
    { 104, 154,  -12 },   // '…''Ô'  -0.38px
    { 104, 155,  -12 },   // '…''Õ'  -0.38px
    { 104, 156,  -12 },   // '…''Ö'  -0.38px
    { 104, 158,  -12 },   // '…''Ø'  -0.38px
    { 104, 163,  -22 },   // '…''Ý'  -0.69px
    { 104, 195,  -17 },   // '…''ý'  -0.53px
    { 104, 197,  -17 },   // '…''ÿ'  -0.53px
    { 105,  42,   10 },   // '¡''J'  +0.31px
    { 105,  74,   16 },   // '¡''j'  +0.50px
    { 113,  12,  -12 },   // '©'','  -0.38px
    { 113,  14,  -12 },   // '©''.'  -0.38px
    { 113,  42,  -11 },   // '©''J'  -0.34px
    { 113,  52,  -16 },   // '©''T'  -0.50px
    { 113,  56,   -9 },   // '©''X'  -0.28px
    { 113,  57,  -16 },   // '©''Y'  -0.50px
    { 113,  63,  -12 },   // '©''_'  -0.38px
    { 113, 104,  -12 },   // '©''…'  -0.38px
    { 113, 163,  -16 },   // '©''Ý'  -0.50px
    { 114,  12,  -18 },   // 'ª'','  -0.56px
    { 114,  13,  -16 },   // 'ª''-'  -0.50px
    { 114,  14,  -18 },   // 'ª''.'  -0.56px
    { 114,  15,  -37 },   // 'ª''/'  -1.16px
    { 114,  31,   14 },   // 'ª''?'  +0.44px
    { 114,  33,  -30 },   // 'ª''A'  -0.94px
    { 114,  42,  -21 },   // 'ª''J'  -0.66px
    { 114,  54,    9 },   // 'ª''V'  +0.28px
    { 114,  55,    9 },   // 'ª''W'  +0.28px
    { 114,  57,    8 },   // 'ª''Y'  +0.25px
    { 114,  63,  -18 },   // 'ª''_'  -0.56px
    { 114,  70,   17 },   // 'ª''f'  +0.53px
    { 114,  84,   17 },   // 'ª''t'  +0.53px
    { 114,  91,  -16 },   // 'ª''{'  -0.50px
    { 114,  97,  -16 },   // 'ª''·'  -0.50px
    { 114, 102,  -16 },   // 'ª''–'  -0.50px
    { 114, 103,  -16 },   // 'ª''—'  -0.50px
    { 114, 104,  -18 },   // 'ª''…'  -0.56px
    { 114, 133,  -18 },   // 'ª''¿'  -0.56px
    { 114, 134,  -30 },   // 'ª''À'  -0.94px
    { 114, 135,  -30 },   // 'ª''Á'  -0.94px
    { 114, 136,  -30 },   // 'ª''Â'  -0.94px
    { 114, 137,  -30 },   // 'ª''Ã'  -0.94px
    { 114, 138,  -30 },   // 'ª''Ä'  -0.94px
    { 114, 139,  -30 },   // 'ª''Å'  -0.94px
    { 114, 140,  -30 },   // 'ª''Æ'  -0.94px
    { 114, 163,    8 },   // 'ª''Ý'  +0.25px
    { 115,  13,  -10 },   // '«''-'  -0.31px
    { 115,  52,  -21 },   // '«''T'  -0.66px
    { 115,  54,  -16 },   // '«''V'  -0.50px
    { 115,  55,  -16 },   // '«''W'  -0.50px
    { 115,  57,  -21 },   // '«''Y'  -0.66px
    { 115,  91,  -10 },   // '«''{'  -0.31px
    { 115,  97,  -10 },   // '«''·'  -0.31px
    { 115, 102,  -10 },   // '«''–'  -0.31px
    { 115, 103,  -10 },   // '«''—'  -0.31px
    { 115, 163,  -21 },   // '«''Ý'  -0.66px
    { 117,  12,  -12 },   // '®'','  -0.38px
    { 117,  14,  -12 },   // '®''.'  -0.38px
    { 117,  42,  -11 },   // '®''J'  -0.34px
    { 117,  52,  -16 },   // '®''T'  -0.50px
    { 117,  56,   -9 },   // '®''X'  -0.28px
    { 117,  57,  -16 },   // '®''Y'  -0.50px
    { 117,  63,  -12 },   // '®''_'  -0.38px
    { 117, 104,  -12 },   // '®''…'  -0.38px
    { 117, 163,  -16 },   // '®''Ý'  -0.50px
    { 119,  12,  -22 },   // '°'','  -0.69px
    { 119,  13,  -18 },   // '°''-'  -0.56px
    { 119,  14,  -22 },   // '°''.'  -0.69px
    { 119,  15,  -44 },   // '°''/'  -1.38px
    { 119,  31,   10 },   // '°''?'  +0.31px
    { 119,  33,  -29 },   // '°''A'  -0.91px
    { 119,  42,  -22 },   // '°''J'  -0.69px
    { 119,  63,  -22 },   // '°''_'  -0.69px
    { 119,  67,  -10 },   // '°''c'  -0.31px
    { 119,  68,  -10 },   // '°''d'  -0.31px
    { 119,  69,  -10 },   // '°''e'  -0.31px
    { 119,  71,  -10 },   // '°''g'  -0.31px
    { 119,  79,  -10 },   // '°''o'  -0.31px
    { 119,  81,  -10 },   // '°''q'  -0.31px
    { 119,  91,  -18 },   // '°''{'  -0.56px
    { 119,  97,  -18 },   // '°''·'  -0.56px
    { 119, 102,  -18 },   // '°''–'  -0.56px
    { 119, 103,  -18 },   // '°''—'  -0.56px
    { 119, 104,  -22 },   // '°''…'  -0.69px
    { 119, 133,  -23 },   // '°''¿'  -0.72px
    { 119, 134,  -29 },   // '°''À'  -0.91px
    { 119, 135,  -29 },   // '°''Á'  -0.91px
    { 119, 136,  -29 },   // '°''Â'  -0.91px
    { 119, 137,  -29 },   // '°''Ã'  -0.91px
    { 119, 138,  -29 },   // '°''Ä'  -0.91px
    { 119, 139,  -29 },   // '°''Å'  -0.91px
    { 119, 140,  -29 },   // '°''Æ'  -0.91px
    { 119, 173,  -10 },   // '°''ç'  -0.31px
    { 119, 174,  -10 },   // '°''è'  -0.31px
    { 119, 175,  -10 },   // '°''é'  -0.31px
    { 119, 176,  -10 },   // '°''ê'  -0.31px
    { 119, 177,  -10 },   // '°''ë'  -0.31px
    { 119, 182,  -10 },   // '°''ð'  -0.31px
    { 119, 184,  -10 },   // '°''ò'  -0.31px
    { 119, 185,  -10 },   // '°''ó'  -0.31px
    { 119, 186,  -10 },   // '°''ô'  -0.31px
    { 119, 187,  -10 },   // '°''õ'  -0.31px
    { 119, 188,  -10 },   // '°''ö'  -0.31px
    { 119, 190,  -10 },   // '°''ø'  -0.31px
    { 128,  12,  -18 },   // 'º'','  -0.56px
    { 128,  13,  -16 },   // 'º''-'  -0.50px
    { 128,  14,  -18 },   // 'º''.'  -0.56px
    { 128,  15,  -37 },   // 'º''/'  -1.16px
    { 128,  31,   14 },   // 'º''?'  +0.44px
    { 128,  33,  -30 },   // 'º''A'  -0.94px
    { 128,  42,  -21 },   // 'º''J'  -0.66px
    { 128,  54,    9 },   // 'º''V'  +0.28px
    { 128,  55,    9 },   // 'º''W'  +0.28px
    { 128,  57,    8 },   // 'º''Y'  +0.25px
    { 128,  63,  -18 },   // 'º''_'  -0.56px
    { 128,  70,   17 },   // 'º''f'  +0.53px
    { 128,  84,   17 },   // 'º''t'  +0.53px
    { 128,  91,  -16 },   // 'º''{'  -0.50px
    { 128,  97,  -16 },   // 'º''·'  -0.50px
    { 128, 102,  -16 },   // 'º''–'  -0.50px
    { 128, 103,  -16 },   // 'º''—'  -0.50px
    { 128, 104,  -18 },   // 'º''…'  -0.56px
    { 128, 133,  -18 },   // 'º''¿'  -0.56px
    { 128, 134,  -30 },   // 'º''À'  -0.94px
    { 128, 135,  -30 },   // 'º''Á'  -0.94px
    { 128, 136,  -30 },   // 'º''Â'  -0.94px
    { 128, 137,  -30 },   // 'º''Ã'  -0.94px
    { 128, 138,  -30 },   // 'º''Ä'  -0.94px
    { 128, 139,  -30 },   // 'º''Å'  -0.94px
    { 128, 140,  -30 },   // 'º''Æ'  -0.94px
    { 128, 163,    8 },   // 'º''Ý'  +0.25px
    { 129,  10,  -15 },   // '»''*'  -0.47px
    { 129,  12,  -10 },   // '»'','  -0.31px
    { 129,  14,  -10 },   // '»''.'  -0.31px
    { 129,  52,  -21 },   // '»''T'  -0.66px
    { 129,  54,  -23 },   // '»''V'  -0.72px
    { 129,  55,  -23 },   // '»''W'  -0.72px
    { 129,  56,  -14 },   // '»''X'  -0.44px
    { 129,  57,  -24 },   // '»''Y'  -0.75px
    { 129,  63,  -10 },   // '»''_'  -0.31px
    { 129,  88,  -10 },   // '»''x'  -0.31px
    { 129, 104,  -10 },   // '»''…'  -0.31px
    { 129, 163,  -24 },   // '»''Ý'  -0.75px
    { 133,   9,   12 },   // '¿'')'  +0.38px
    { 133,  10,  -14 },   // '¿''*'  -0.44px
    { 133,  13,  -18 },   // '¿''-'  -0.56px
    { 133,  15,   21 },   // '¿''/'  +0.66px
    { 133,  31,  -15 },   // '¿''?'  -0.47px
    { 133,  32,  -15 },   // '¿''@'  -0.47px
    { 133,  35,  -15 },   // '¿''C'  -0.47px
    { 133,  39,  -15 },   // '¿''G'  -0.47px
    { 133,  42,   14 },   // '¿''J'  +0.44px
    { 133,  47,  -15 },   // '¿''O'  -0.47px
    { 133,  49,  -15 },   // '¿''Q'  -0.47px
    { 133,  52,  -22 },   // '¿''T'  -0.69px
    { 133,  54,  -22 },   // '¿''V'  -0.69px
    { 133,  55,  -22 },   // '¿''W'  -0.69px
    { 133,  57,  -22 },   // '¿''Y'  -0.69px
    { 133,  61,   12 },   // '¿'']'  +0.38px
    { 133,  66,   16 },   // '¿''b'  +0.50px
    { 133,  72,   16 },   // '¿''h'  +0.50px
    { 133,  73,   16 },   // '¿''i'  +0.50px
    { 133,  74,   35 },   // '¿''j'  +1.09px
    { 133,  75,   16 },   // '¿''k'  +0.50px
    { 133,  76,   16 },   // '¿''l'  +0.50px
    { 133,  91,  -18 },   // '¿''{'  -0.56px
    { 133,  93,   12 },   // '¿''}'  +0.38px
    { 133,  97,  -18 },   // '¿''·'  -0.56px
    { 133,  98,   -9 },   // '¿''‘'  -0.28px
    { 133,  99,   -9 },   // '¿''’'  -0.28px
    { 133, 100,   -9 },   // '¿''“'  -0.28px
    { 133, 101,   -9 },   // '¿''”'  -0.28px
    { 133, 102,  -18 },   // '¿''–'  -0.56px
    { 133, 103,  -18 },   // '¿''—'  -0.56px
    { 133, 113,  -15 },   // '¿''©'  -0.47px
    { 133, 114,  -12 },   // '¿''ª'  -0.38px
    { 133, 117,  -15 },   // '¿''®'  -0.47px
    { 133, 119,  -17 },   // '¿''°'  -0.53px
    { 133, 128,  -12 },   // '¿''º'  -0.38px
    { 133, 141,  -15 },   // '¿''Ç'  -0.47px
    { 133, 152,  -15 },   // '¿''Ò'  -0.47px
    { 133, 153,  -15 },   // '¿''Ó'  -0.47px
    { 133, 154,  -15 },   // '¿''Ô'  -0.47px
    { 133, 155,  -15 },   // '¿''Õ'  -0.47px
    { 133, 156,  -15 },   // '¿''Ö'  -0.47px
    { 133, 158,  -15 },   // '¿''Ø'  -0.47px
    { 133, 163,  -22 },   // '¿''Ý'  -0.69px
    { 133, 165,   16 },   // '¿''ß'  +0.50px
    { 133, 178,   16 },   // '¿''ì'  +0.50px
    { 133, 179,   16 },   // '¿''í'  +0.50px
    { 133, 180,   16 },   // '¿''î'  +0.50px
    { 133, 181,   16 },   // '¿''ï'  +0.50px
    { 133, 196,   16 },   // '¿''þ'  +0.50px
    { 134,  10,  -25 },   // 'À''*'  -0.78px
    { 134,  15,   10 },   // 'À''/'  +0.31px
    { 134,  31,  -16 },   // 'À''?'  -0.50px
    { 134,  52,  -27 },   // 'À''T'  -0.84px
    { 134,  54,  -20 },   // 'À''V'  -0.62px
    { 134,  55,  -20 },   // 'À''W'  -0.62px
    { 134,  57,  -23 },   // 'À''Y'  -0.72px
    { 134,  86,   -9 },   // 'À''v'  -0.28px
    { 134,  87,   -9 },   // 'À''w'  -0.28px
    { 134,  89,   -9 },   // 'À''y'  -0.28px
    { 134,  98,  -20 },   // 'À''‘'  -0.62px
    { 134,  99,  -20 },   // 'À''’'  -0.62px
    { 134, 100,  -20 },   // 'À''“'  -0.62px
    { 134, 101,  -20 },   // 'À''”'  -0.62px
    { 134, 114,  -30 },   // 'À''ª'  -0.94px
    { 134, 119,  -29 },   // 'À''°'  -0.91px
    { 134, 128,  -30 },   // 'À''º'  -0.94px
    { 134, 163,  -23 },   // 'À''Ý'  -0.72px
    { 134, 195,   -9 },   // 'À''ý'  -0.28px
    { 134, 197,   -9 },   // 'À''ÿ'  -0.28px
    { 135,  10,  -25 },   // 'Á''*'  -0.78px
    { 135,  15,   10 },   // 'Á''/'  +0.31px
    { 135,  31,  -16 },   // 'Á''?'  -0.50px
    { 135,  52,  -27 },   // 'Á''T'  -0.84px
    { 135,  54,  -20 },   // 'Á''V'  -0.62px
    { 135,  55,  -20 },   // 'Á''W'  -0.62px
    { 135,  57,  -23 },   // 'Á''Y'  -0.72px
    { 135,  86,   -9 },   // 'Á''v'  -0.28px
    { 135,  87,   -9 },   // 'Á''w'  -0.28px
    { 135,  89,   -9 },   // 'Á''y'  -0.28px
    { 135,  98,  -20 },   // 'Á''‘'  -0.62px
    { 135,  99,  -20 },   // 'Á''’'  -0.62px
    { 135, 100,  -20 },   // 'Á''“'  -0.62px
    { 135, 101,  -20 },   // 'Á''”'  -0.62px
    { 135, 114,  -30 },   // 'Á''ª'  -0.94px
    { 135, 119,  -29 },   // 'Á''°'  -0.91px
    { 135, 128,  -30 },   // 'Á''º'  -0.94px
    { 135, 163,  -23 },   // 'Á''Ý'  -0.72px
    { 135, 195,   -9 },   // 'Á''ý'  -0.28px
    { 135, 197,   -9 },   // 'Á''ÿ'  -0.28px
    { 136,  10,  -25 },   // 'Â''*'  -0.78px
    { 136,  15,   10 },   // 'Â''/'  +0.31px
    { 136,  31,  -16 },   // 'Â''?'  -0.50px
    { 136,  52,  -27 },   // 'Â''T'  -0.84px
    { 136,  54,  -20 },   // 'Â''V'  -0.62px
    { 136,  55,  -20 },   // 'Â''W'  -0.62px
    { 136,  57,  -23 },   // 'Â''Y'  -0.72px
    { 136,  86,   -9 },   // 'Â''v'  -0.28px
    { 136,  87,   -9 },   // 'Â''w'  -0.28px
    { 136,  89,   -9 },   // 'Â''y'  -0.28px
    { 136,  98,  -20 },   // 'Â''‘'  -0.62px
    { 136,  99,  -20 },   // 'Â''’'  -0.62px
    { 136, 100,  -20 },   // 'Â''“'  -0.62px
    { 136, 101,  -20 },   // 'Â''”'  -0.62px
    { 136, 114,  -30 },   // 'Â''ª'  -0.94px
    { 136, 119,  -29 },   // 'Â''°'  -0.91px
    { 136, 128,  -30 },   // 'Â''º'  -0.94px
    { 136, 163,  -23 },   // 'Â''Ý'  -0.72px
    { 136, 195,   -9 },   // 'Â''ý'  -0.28px
    { 136, 197,   -9 },   // 'Â''ÿ'  -0.28px
    { 137,  10,  -25 },   // 'Ã''*'  -0.78px
    { 137,  15,   10 },   // 'Ã''/'  +0.31px
    { 137,  31,  -16 },   // 'Ã''?'  -0.50px
    { 137,  52,  -27 },   // 'Ã''T'  -0.84px
    { 137,  54,  -20 },   // 'Ã''V'  -0.62px
    { 137,  55,  -20 },   // 'Ã''W'  -0.62px
    { 137,  57,  -23 },   // 'Ã''Y'  -0.72px
    { 137,  86,   -9 },   // 'Ã''v'  -0.28px
    { 137,  87,   -9 },   // 'Ã''w'  -0.28px
    { 137,  89,   -9 },   // 'Ã''y'  -0.28px
    { 137,  98,  -20 },   // 'Ã''‘'  -0.62px
    { 137,  99,  -20 },   // 'Ã''’'  -0.62px
    { 137, 100,  -20 },   // 'Ã''“'  -0.62px
    { 137, 101,  -20 },   // 'Ã''”'  -0.62px
    { 137, 114,  -30 },   // 'Ã''ª'  -0.94px
    { 137, 119,  -29 },   // 'Ã''°'  -0.91px
    { 137, 128,  -30 },   // 'Ã''º'  -0.94px
    { 137, 163,  -23 },   // 'Ã''Ý'  -0.72px
    { 137, 195,   -9 },   // 'Ã''ý'  -0.28px
    { 137, 197,   -9 },   // 'Ã''ÿ'  -0.28px
    { 138,  10,  -25 },   // 'Ä''*'  -0.78px
    { 138,  15,   10 },   // 'Ä''/'  +0.31px
    { 138,  31,  -16 },   // 'Ä''?'  -0.50px
    { 138,  52,  -27 },   // 'Ä''T'  -0.84px
    { 138,  54,  -20 },   // 'Ä''V'  -0.62px
    { 138,  55,  -20 },   // 'Ä''W'  -0.62px
    { 138,  57,  -23 },   // 'Ä''Y'  -0.72px
    { 138,  86,   -9 },   // 'Ä''v'  -0.28px
    { 138,  87,   -9 },   // 'Ä''w'  -0.28px
    { 138,  89,   -9 },   // 'Ä''y'  -0.28px
    { 138,  98,  -20 },   // 'Ä''‘'  -0.62px
    { 138,  99,  -20 },   // 'Ä''’'  -0.62px
    { 138, 100,  -20 },   // 'Ä''“'  -0.62px
    { 138, 101,  -20 },   // 'Ä''”'  -0.62px
    { 138, 114,  -30 },   // 'Ä''ª'  -0.94px
    { 138, 119,  -29 },   // 'Ä''°'  -0.91px
    { 138, 128,  -30 },   // 'Ä''º'  -0.94px
    { 138, 163,  -23 },   // 'Ä''Ý'  -0.72px
    { 138, 195,   -9 },   // 'Ä''ý'  -0.28px
    { 138, 197,   -9 },   // 'Ä''ÿ'  -0.28px
    { 139,  10,  -25 },   // 'Å''*'  -0.78px
    { 139,  15,   10 },   // 'Å''/'  +0.31px
    { 139,  31,  -16 },   // 'Å''?'  -0.50px
    { 139,  52,  -27 },   // 'Å''T'  -0.84px
    { 139,  54,  -20 },   // 'Å''V'  -0.62px
    { 139,  55,  -20 },   // 'Å''W'  -0.62px
    { 139,  57,  -23 },   // 'Å''Y'  -0.72px
    { 139,  86,   -9 },   // 'Å''v'  -0.28px
    { 139,  87,   -9 },   // 'Å''w'  -0.28px
    { 139,  89,   -9 },   // 'Å''y'  -0.28px
    { 139,  98,  -20 },   // 'Å''‘'  -0.62px
    { 139,  99,  -20 },   // 'Å''’'  -0.62px
    { 139, 100,  -20 },   // 'Å''“'  -0.62px
    { 139, 101,  -20 },   // 'Å''”'  -0.62px
    { 139, 114,  -30 },   // 'Å''ª'  -0.94px
    { 139, 119,  -29 },   // 'Å''°'  -0.91px
    { 139, 128,  -30 },   // 'Å''º'  -0.94px
    { 139, 163,  -23 },   // 'Å''Ý'  -0.72px
    { 139, 195,   -9 },   // 'Å''ý'  -0.28px
    { 139, 197,   -9 },   // 'Å''ÿ'  -0.28px
    { 140,  15,   12 },   // 'Æ''/'  +0.38px
    { 141,  13,  -10 },   // 'Ç''-'  -0.31px
    { 141,  67,  -12 },   // 'Ç''c'  -0.38px
    { 141,  68,  -12 },   // 'Ç''d'  -0.38px
    { 141,  69,  -12 },   // 'Ç''e'  -0.38px
    { 141,  71,  -12 },   // 'Ç''g'  -0.38px
    { 141,  79,  -12 },   // 'Ç''o'  -0.38px
    { 141,  81,  -12 },   // 'Ç''q'  -0.38px
    { 141,  91,  -10 },   // 'Ç''{'  -0.31px
    { 141,  97,  -10 },   // 'Ç''·'  -0.31px
    { 141, 102,  -10 },   // 'Ç''–'  -0.31px
    { 141, 103,  -10 },   // 'Ç''—'  -0.31px
    { 141, 173,  -12 },   // 'Ç''ç'  -0.38px
    { 141, 174,  -12 },   // 'Ç''è'  -0.38px
    { 141, 175,  -12 },   // 'Ç''é'  -0.38px
    { 141, 176,  -12 },   // 'Ç''ê'  -0.38px
    { 141, 177,  -12 },   // 'Ç''ë'  -0.38px
    { 141, 182,  -12 },   // 'Ç''ð'  -0.38px
    { 141, 184,  -12 },   // 'Ç''ò'  -0.38px
    { 141, 185,  -12 },   // 'Ç''ó'  -0.38px
    { 141, 186,  -12 },   // 'Ç''ô'  -0.38px
    { 141, 187,  -12 },   // 'Ç''õ'  -0.38px
    { 141, 188,  -12 },   // 'Ç''ö'  -0.38px
    { 141, 190,  -12 },   // 'Ç''ø'  -0.38px
    { 142,  15,   12 },   // 'È''/'  +0.38px
    { 143,  15,   12 },   // 'É''/'  +0.38px
    { 144,  15,   12 },   // 'Ê''/'  +0.38px
    { 145,  15,   12 },   // 'Ë''/'  +0.38px
    { 150,  12,  -12 },   // 'Ð'','  -0.38px
    { 150,  14,  -12 },   // 'Ð''.'  -0.38px
    { 150,  42,  -11 },   // 'Ð''J'  -0.34px
    { 150,  52,  -16 },   // 'Ð''T'  -0.50px
    { 150,  56,   -9 },   // 'Ð''X'  -0.28px
    { 150,  57,  -16 },   // 'Ð''Y'  -0.50px
    { 150,  63,  -12 },   // 'Ð''_'  -0.38px
    { 150, 104,  -12 },   // 'Ð''…'  -0.38px
    { 150, 163,  -16 },   // 'Ð''Ý'  -0.50px
    { 152,  12,  -12 },   // 'Ò'','  -0.38px
    { 152,  14,  -12 },   // 'Ò''.'  -0.38px
    { 152,  42,  -11 },   // 'Ò''J'  -0.34px
    { 152,  52,  -16 },   // 'Ò''T'  -0.50px
    { 152,  56,   -9 },   // 'Ò''X'  -0.28px
    { 152,  57,  -16 },   // 'Ò''Y'  -0.50px
    { 152,  63,  -12 },   // 'Ò''_'  -0.38px
    { 152, 104,  -12 },   // 'Ò''…'  -0.38px
    { 152, 163,  -16 },   // 'Ò''Ý'  -0.50px
    { 153,  12,  -12 },   // 'Ó'','  -0.38px
    { 153,  14,  -12 },   // 'Ó''.'  -0.38px
    { 153,  42,  -11 },   // 'Ó''J'  -0.34px
    { 153,  52,  -16 },   // 'Ó''T'  -0.50px
    { 153,  56,   -9 },   // 'Ó''X'  -0.28px
    { 153,  57,  -16 },   // 'Ó''Y'  -0.50px
    { 153,  63,  -12 },   // 'Ó''_'  -0.38px
    { 153, 104,  -12 },   // 'Ó''…'  -0.38px
    { 153, 163,  -16 },   // 'Ó''Ý'  -0.50px
    { 154,  12,  -12 },   // 'Ô'','  -0.38px
    { 154,  14,  -12 },   // 'Ô''.'  -0.38px
    { 154,  42,  -11 },   // 'Ô''J'  -0.34px
    { 154,  52,  -16 },   // 'Ô''T'  -0.50px
    { 154,  56,   -9 },   // 'Ô''X'  -0.28px
    { 154,  57,  -16 },   // 'Ô''Y'  -0.50px
    { 154,  63,  -12 },   // 'Ô''_'  -0.38px
    { 154, 104,  -12 },   // 'Ô''…'  -0.38px
    { 154, 163,  -16 },   // 'Ô''Ý'  -0.50px
    { 155,  12,  -12 },   // 'Õ'','  -0.38px
    { 155,  14,  -12 },   // 'Õ''.'  -0.38px
    { 155,  42,  -11 },   // 'Õ''J'  -0.34px
    { 155,  52,  -16 },   // 'Õ''T'  -0.50px
    { 155,  56,   -9 },   // 'Õ''X'  -0.28px
    { 155,  57,  -16 },   // 'Õ''Y'  -0.50px
    { 155,  63,  -12 },   // 'Õ''_'  -0.38px
    { 155, 104,  -12 },   // 'Õ''…'  -0.38px
    { 155, 163,  -16 },   // 'Õ''Ý'  -0.50px
    { 156,  12,  -12 },   // 'Ö'','  -0.38px
    { 156,  14,  -12 },   // 'Ö''.'  -0.38px
    { 156,  42,  -11 },   // 'Ö''J'  -0.34px
    { 156,  52,  -16 },   // 'Ö''T'  -0.50px
    { 156,  56,   -9 },   // 'Ö''X'  -0.28px
    { 156,  57,  -16 },   // 'Ö''Y'  -0.50px
    { 156,  63,  -12 },   // 'Ö''_'  -0.38px
    { 156, 104,  -12 },   // 'Ö''…'  -0.38px
    { 156, 163,  -16 },   // 'Ö''Ý'  -0.50px
    { 158,  12,  -12 },   // 'Ø'','  -0.38px
    { 158,  14,  -12 },   // 'Ø''.'  -0.38px
    { 158,  42,  -11 },   // 'Ø''J'  -0.34px
    { 158,  52,  -16 },   // 'Ø''T'  -0.50px
    { 158,  56,   -9 },   // 'Ø''X'  -0.28px
    { 158,  57,  -16 },   // 'Ø''Y'  -0.50px
    { 158,  63,  -12 },   // 'Ø''_'  -0.38px
    { 158, 104,  -12 },   // 'Ø''…'  -0.38px
    { 158, 163,  -16 },   // 'Ø''Ý'  -0.50px
    { 159,  42,  -10 },   // 'Ù''J'  -0.31px
    { 160,  42,  -10 },   // 'Ú''J'  -0.31px
    { 161,  42,  -10 },   // 'Û''J'  -0.31px
    { 162,  42,  -10 },   // 'Ü''J'  -0.31px
    { 163,   9,   12 },   // 'Ý'')'  +0.38px
    { 163,  12,  -22 },   // 'Ý'','  -0.69px
    { 163,  13,  -17 },   // 'Ý''-'  -0.53px
    { 163,  14,  -22 },   // 'Ý''.'  -0.69px
    { 163,  15,  -10 },   // 'Ý''/'  -0.31px
    { 163,  26,  -13 },   // 'Ý'':'  -0.41px
    { 163,  27,  -13 },   // 'Ý'';'  -0.41px
    { 163,  31,    9 },   // 'Ý''?'  +0.28px
    { 163,  32,  -16 },   // 'Ý''@'  -0.50px
    { 163,  33,  -23 },   // 'Ý''A'  -0.72px
    { 163,  35,  -16 },   // 'Ý''C'  -0.50px
    { 163,  39,  -16 },   // 'Ý''G'  -0.50px
    { 163,  42,  -16 },   // 'Ý''J'  -0.50px
    { 163,  47,  -16 },   // 'Ý''O'  -0.50px
    { 163,  49,  -16 },   // 'Ý''Q'  -0.50px
    { 163,  51,   -8 },   // 'Ý''S'  -0.25px
    { 163,  61,   12 },   // 'Ý'']'  +0.38px
    { 163,  63,  -22 },   // 'Ý''_'  -0.69px
    { 163,  65,  -27 },   // 'Ý''a'  -0.84px
    { 163,  67,  -28 },   // 'Ý''c'  -0.88px
    { 163,  68,  -28 },   // 'Ý''d'  -0.88px
    { 163,  69,  -28 },   // 'Ý''e'  -0.88px
    { 163,  70,   -9 },   // 'Ý''f'  -0.28px
    { 163,  71,  -28 },   // 'Ý''g'  -0.88px
    { 163,  77,  -27 },   // 'Ý''m'  -0.84px
    { 163,  78,  -27 },   // 'Ý''n'  -0.84px
    { 163,  79,  -28 },   // 'Ý''o'  -0.88px
    { 163,  80,  -27 },   // 'Ý''p'  -0.84px
    { 163,  81,  -28 },   // 'Ý''q'  -0.88px
    { 163,  82,  -27 },   // 'Ý''r'  -0.84px
    { 163,  83,  -27 },   // 'Ý''s'  -0.84px
    { 163,  84,  -12 },   // 'Ý''t'  -0.38px
    { 163,  85,  -26 },   // 'Ý''u'  -0.81px
    { 163,  86,  -25 },   // 'Ý''v'  -0.78px
    { 163,  87,  -25 },   // 'Ý''w'  -0.78px
    { 163,  88,  -28 },   // 'Ý''x'  -0.88px
    { 163,  89,  -25 },   // 'Ý''y'  -0.78px
    { 163,  90,  -27 },   // 'Ý''z'  -0.84px
    { 163,  91,  -17 },   // 'Ý''{'  -0.53px
    { 163,  93,   12 },   // 'Ý''}'  +0.38px
    { 163,  95,  -24 },   // 'Ý''‹'  -0.75px
    { 163,  96,  -21 },   // 'Ý''›'  -0.66px
    { 163,  97,  -17 },   // 'Ý''·'  -0.53px
    { 163, 102,  -17 },   // 'Ý''–'  -0.53px
    { 163, 103,  -17 },   // 'Ý''—'  -0.53px
    { 163, 104,  -22 },   // 'Ý''…'  -0.69px
    { 163, 113,  -16 },   // 'Ý''©'  -0.50px
    { 163, 114,    8 },   // 'Ý''ª'  +0.25px
    { 163, 115,  -24 },   // 'Ý''«'  -0.75px
    { 163, 117,  -16 },   // 'Ý''®'  -0.50px
    { 163, 124,  -27 },   // 'Ý''µ'  -0.84px
    { 163, 128,    8 },   // 'Ý''º'  +0.25px
    { 163, 129,  -21 },   // 'Ý''»'  -0.66px
    { 163, 134,  -23 },   // 'Ý''À'  -0.72px
    { 163, 135,  -23 },   // 'Ý''Á'  -0.72px
    { 163, 136,  -23 },   // 'Ý''Â'  -0.72px
    { 163, 137,  -23 },   // 'Ý''Ã'  -0.72px
    { 163, 138,  -23 },   // 'Ý''Ä'  -0.72px
    { 163, 139,  -23 },   // 'Ý''Å'  -0.72px
    { 163, 140,  -23 },   // 'Ý''Æ'  -0.72px
    { 163, 141,  -16 },   // 'Ý''Ç'  -0.50px
    { 163, 152,  -16 },   // 'Ý''Ò'  -0.50px
    { 163, 153,  -16 },   // 'Ý''Ó'  -0.50px
    { 163, 154,  -16 },   // 'Ý''Ô'  -0.50px
    { 163, 155,  -16 },   // 'Ý''Õ'  -0.50px
    { 163, 156,  -16 },   // 'Ý''Ö'  -0.50px
    { 163, 158,  -16 },   // 'Ý''Ø'  -0.50px
    { 163, 172,  -27 },   // 'Ý''æ'  -0.84px
    { 163, 173,  -28 },   // 'Ý''ç'  -0.88px
    { 163, 174,  -28 },   // 'Ý''è'  -0.88px
    { 163, 175,  -28 },   // 'Ý''é'  -0.88px
    { 163, 176,  -28 },   // 'Ý''ê'  -0.88px
    { 163, 177,  -28 },   // 'Ý''ë'  -0.88px
    { 163, 182,  -28 },   // 'Ý''ð'  -0.88px
    { 163, 183,  -27 },   // 'Ý''ñ'  -0.84px
    { 163, 184,  -28 },   // 'Ý''ò'  -0.88px
    { 163, 185,  -28 },   // 'Ý''ó'  -0.88px
    { 163, 186,  -28 },   // 'Ý''ô'  -0.88px
    { 163, 187,  -28 },   // 'Ý''õ'  -0.88px
    { 163, 188,  -28 },   // 'Ý''ö'  -0.88px
    { 163, 190,  -28 },   // 'Ý''ø'  -0.88px
    { 163, 191,  -26 },   // 'Ý''ù'  -0.81px
    { 163, 192,  -26 },   // 'Ý''ú'  -0.81px
    { 163, 193,  -26 },   // 'Ý''û'  -0.81px
    { 163, 194,  -26 },   // 'Ý''ü'  -0.81px
    { 163, 195,  -25 },   // 'Ý''ý'  -0.78px
    { 163, 197,  -25 },   // 'Ý''ÿ'  -0.78px
    { 164,  12,  -14 },   // 'Þ'','  -0.44px
    { 164,  14,  -14 },   // 'Þ''.'  -0.44px
    { 164,  31,   -9 },   // 'Þ''?'  -0.28px
    { 164,  33,   -9 },   // 'Þ''A'  -0.28px
    { 164,  42,  -16 },   // 'Þ''J'  -0.50px
    { 164,  52,  -29 },   // 'Þ''T'  -0.91px
    { 164,  56,  -14 },   // 'Þ''X'  -0.44px
    { 164,  57,  -14 },   // 'Þ''Y'  -0.44px
    { 164,  58,  -10 },   // 'Þ''Z'  -0.31px
    { 164,  63,  -14 },   // 'Þ''_'  -0.44px
    { 164, 104,  -14 },   // 'Þ''…'  -0.44px
    { 164, 134,   -9 },   // 'Þ''À'  -0.28px
    { 164, 135,   -9 },   // 'Þ''Á'  -0.28px
    { 164, 136,   -9 },   // 'Þ''Â'  -0.28px
    { 164, 137,   -9 },   // 'Þ''Ã'  -0.28px
    { 164, 138,   -9 },   // 'Þ''Ä'  -0.28px
    { 164, 139,   -9 },   // 'Þ''Å'  -0.28px
    { 164, 140,   -9 },   // 'Þ''Æ'  -0.28px
    { 164, 163,  -14 },   // 'Þ''Ý'  -0.44px
    { 165,  10,  -16 },   // 'ß''*'  -0.50px
    { 165,  31,  -14 },   // 'ß''?'  -0.44px
    { 165,  86,   -9 },   // 'ß''v'  -0.28px
    { 165,  87,   -9 },   // 'ß''w'  -0.28px
    { 165,  89,   -9 },   // 'ß''y'  -0.28px
    { 165,  98,  -17 },   // 'ß''‘'  -0.53px
    { 165,  99,  -17 },   // 'ß''’'  -0.53px
    { 165, 100,  -17 },   // 'ß''“'  -0.53px
    { 165, 101,  -17 },   // 'ß''”'  -0.53px
    { 165, 195,   -9 },   // 'ß''ý'  -0.28px
    { 165, 197,   -9 },   // 'ß''ÿ'  -0.28px
    { 172,  98,  -10 },   // 'æ''‘'  -0.31px
    { 172,  99,  -10 },   // 'æ''’'  -0.31px
    { 172, 100,  -10 },   // 'æ''“'  -0.31px
    { 172, 101,  -10 },   // 'æ''”'  -0.31px
    { 174,  98,  -10 },   // 'è''‘'  -0.31px
    { 174,  99,  -10 },   // 'è''’'  -0.31px
    { 174, 100,  -10 },   // 'è''“'  -0.31px
    { 174, 101,  -10 },   // 'è''”'  -0.31px
    { 175,  98,  -10 },   // 'é''‘'  -0.31px
    { 175,  99,  -10 },   // 'é''’'  -0.31px
    { 175, 100,  -10 },   // 'é''“'  -0.31px
    { 175, 101,  -10 },   // 'é''”'  -0.31px
    { 176,  98,  -10 },   // 'ê''‘'  -0.31px
    { 176,  99,  -10 },   // 'ê''’'  -0.31px
    { 176, 100,  -10 },   // 'ê''“'  -0.31px
    { 176, 101,  -10 },   // 'ê''”'  -0.31px
    { 177,  98,  -10 },   // 'ë''‘'  -0.31px
    { 177,  99,  -10 },   // 'ë''’'  -0.31px
    { 177, 100,  -10 },   // 'ë''“'  -0.31px
    { 177, 101,  -10 },   // 'ë''”'  -0.31px
    { 179,   9,   24 },   // 'í'')'  +0.75px
    { 179,  61,   24 },   // 'í'']'  +0.75px
    { 179,  93,   24 },   // 'í''}'  +0.75px
    { 180,  10,   18 },   // 'î''*'  +0.56px
    { 180,  31,    9 },   // 'î''?'  +0.28px
    { 180,  98,   12 },   // 'î''‘'  +0.38px
    { 180,  99,   12 },   // 'î''’'  +0.38px
    { 180, 100,   12 },   // 'î''“'  +0.38px
    { 180, 101,   12 },   // 'î''”'  +0.38px
    { 181,   9,   16 },   // 'ï'')'  +0.50px
    { 181,  61,   16 },   // 'ï'']'  +0.50px
    { 181,  93,   16 },   // 'ï''}'  +0.50px
    { 181,  98,   15 },   // 'ï''‘'  +0.47px
    { 181,  99,   15 },   // 'ï''’'  +0.47px
    { 181, 100,   15 },   // 'ï''“'  +0.47px
    { 181, 101,   15 },   // 'ï''”'  +0.47px
    { 182,  98,  -14 },   // 'ð''‘'  -0.44px
    { 182,  99,  -14 },   // 'ð''’'  -0.44px
    { 182, 100,  -14 },   // 'ð''“'  -0.44px
    { 182, 101,  -14 },   // 'ð''”'  -0.44px
    { 182, 119,  -10 },   // 'ð''°'  -0.31px
    { 183, 119,   -9 },   // 'ñ''°'  -0.28px
    { 184,  98,  -14 },   // 'ò''‘'  -0.44px
    { 184,  99,  -14 },   // 'ò''’'  -0.44px
    { 184, 100,  -14 },   // 'ò''“'  -0.44px
    { 184, 101,  -14 },   // 'ò''”'  -0.44px
    { 184, 119,  -10 },   // 'ò''°'  -0.31px
    { 185,  98,  -14 },   // 'ó''‘'  -0.44px
    { 185,  99,  -14 },   // 'ó''’'  -0.44px
    { 185, 100,  -14 },   // 'ó''“'  -0.44px
    { 185, 101,  -14 },   // 'ó''”'  -0.44px
    { 185, 119,  -10 },   // 'ó''°'  -0.31px
    { 186,  98,  -14 },   // 'ô''‘'  -0.44px
    { 186,  99,  -14 },   // 'ô''’'  -0.44px
    { 186, 100,  -14 },   // 'ô''“'  -0.44px
    { 186, 101,  -14 },   // 'ô''”'  -0.44px
    { 186, 119,  -10 },   // 'ô''°'  -0.31px
    { 187,  98,  -14 },   // 'õ''‘'  -0.44px
    { 187,  99,  -14 },   // 'õ''’'  -0.44px
    { 187, 100,  -14 },   // 'õ''“'  -0.44px
    { 187, 101,  -14 },   // 'õ''”'  -0.44px
    { 187, 119,  -10 },   // 'õ''°'  -0.31px
    { 188,  98,  -14 },   // 'ö''‘'  -0.44px
    { 188,  99,  -14 },   // 'ö''’'  -0.44px
    { 188, 100,  -14 },   // 'ö''“'  -0.44px
    { 188, 101,  -14 },   // 'ö''”'  -0.44px
    { 188, 119,  -10 },   // 'ö''°'  -0.31px
    { 190,  98,  -14 },   // 'ø''‘'  -0.44px
    { 190,  99,  -14 },   // 'ø''’'  -0.44px
    { 190, 100,  -14 },   // 'ø''“'  -0.44px
    { 190, 101,  -14 },   // 'ø''”'  -0.44px
    { 190, 119,  -10 },   // 'ø''°'  -0.31px
    { 195,  12,  -17 },   // 'ý'','  -0.53px
    { 195,  14,  -17 },   // 'ý''.'  -0.53px
    { 195,  15,  -10 },   // 'ý''/'  -0.31px
    { 195,  63,  -17 },   // 'ý''_'  -0.53px
    { 195, 104,  -17 },   // 'ý''…'  -0.53px
    { 196,  98,  -14 },   // 'þ''‘'  -0.44px
    { 196,  99,  -14 },   // 'þ''’'  -0.44px
    { 196, 100,  -14 },   // 'þ''“'  -0.44px
    { 196, 101,  -14 },   // 'þ''”'  -0.44px
    { 196, 119,  -10 },   // 'þ''°'  -0.31px
    { 197,  12,  -17 },   // 'ÿ'','  -0.53px
    { 197,  14,  -17 },   // 'ÿ''.'  -0.53px
    { 197,  15,  -10 },   // 'ÿ''/'  -0.31px
    { 197,  63,  -17 },   // 'ÿ''_'  -0.53px
    { 197, 104,  -17 },   // 'ÿ''…'  -0.53px
};

const atlas_t NUNITO_REGULAR_11 = {
    .glyphs      = NUNITO_REGULAR_11_GLYPHS,
    .data        = NUNITO_REGULAR_11_DATA,
    .kern        = NUNITO_REGULAR_11_KERN,
    .kern_n      = 1930,
    .tracking    = 58,   // +0.91px letter-spacing
    .ascent      = 12,
    .descent     = 4,
    .line_height = 16,
};
